entry_i,exit_i,quote,reason,fund_mode,ambiguous,stop_pct,entry,exit_bar,entry_price,exit_price,gross_return,fees,funding,net_return,holding_minutes,quoted_return,slippage_drag,net_R,symbol,side,tf,partition,stop,target,stress,slippage_per_side,arm,rank,filter_crsi,price_rsi3,streak_rsi2,rank100,streak,return1,btc24,efficiency24_before_signal,directional,extension_atr,entry_boundary,prior_atr,volume_ratio,compression,rsi14,r24,regime_asof,feature_asof,hourly_asof,crsi_asof,btc_asof,open_after_admission,same_direction_after_admission
2129220,2129756,138.099,target,bar,False,0.02,2026-01-18 15:00:00+00:00,2026-01-18 23:56:00+00:00,141.49836,138.23709899999997,0.023048048048048164,0.0010873235735735735,-1.9649759191540096e-05,0.021980374233666132,537,0.025000000000000022,0.001951951951951858,1.0990187116833066,SOLUSDT,-1,60,reserved_replication,0.02,0.025,1,0.001,hourly_compression_btc_connors_loweff_v1,3.0,23.336057284679626,15.313870147577333,44.694301706461545,10.0,-1.0,-0.004777965148960117,-0.00537720613741377,0.2883211678832205,False,0.3852262413079805,141.86,0.5710929744896112,2.377410489934347,0.6504065040650399,31.807095073772402,-0.015157836184119033,2026-01-18 14:00:00+00:00,2026-01-18 15:00:00+00:00,2026-01-18 15:00:00+00:00,2026-01-18 15:00:00+00:00,2026-01-18 15:00:00+00:00,1,1
2167920,2168892,89.4005,target,bar,False,0.02,2026-02-14 12:00:00+00:00,2026-02-15 04:12:00+00:00,87.30721999999999,89.3110995,0.02295204795204797,0.0011126236263736262,-0.0001723780324239366,0.02201180235809828,973,0.02499999999999991,0.0020479520479519397,1.100590117904914,SOLUSDT,1,60,reserved_replication,0.02,0.025,1,0.001,hourly_compression_btc_connors_loweff_v1,3.0,85.14505780106727,88.27774572316106,68.15742768004075,99.0,1.0,0.017024253731343197,0.04966634890371768,0.5103189493433415,True,1.0655371002504392,86.37,0.7977197601099145,3.2668158505667297,0.699612403100784,75.85108135453605,0.08658278310701384,2026-02-14 11:00:00+00:00,2026-02-14 12:00:00+00:00,2026-02-14 12:00:00+00:00,2026-02-14 12:00:00+00:00,2026-02-14 12:00:00+00:00,1,1
2179500,2180186,82.29,target,bar,False,0.02,2026-02-22 13:00:00+00:00,2026-02-23 00:26:00+00:00,84.3156,82.37228999999999,0.023048048048048164,0.0010873235735735735,0.000220193385328492,0.0217405310891461,687,0.025000000000000022,0.001951951951951858,1.087026554457305,SOLUSDT,-1,60,reserved_replication,0.02,0.025,1,0.001,hourly_compression_btc_connors_loweff_v1,3.0,14.522290858445041,16.635187494636266,21.93168508069886,5.0,-1.0,-0.009505926534444153,-0.0042211235111297984,0.026604068857590486,False,0.49153997567085245,84.65,0.5086056320420341,2.295887185597405,0.6393939393939382,40.64165996282589,-0.010434986516590472,2026-02-22 12:00:00+00:00,2026-02-22 13:00:00+00:00,2026-02-22 13:00:00+00:00,2026-02-22 13:00:00+00:00,2026-02-22 13:00:00+00:00,1,1
2179560,2180227,65927.745,target,bar,False,0.02,2026-02-22 14:00:00+00:00,2026-02-23 01:07:00+00:00,67584.3909,65960.70887249999,0.024024512256128117,0.0010867865182591296,9.878895868016246e-06,0.02292784684200097,668,0.025000000000000022,0.0009754877438719056,1.1463923421000486,BTCUSDT,-1,60,reserved_replication,0.02,0.025,1,0.0005,hourly_compression_btc_connors_loweff_v1,1.0,15.01957482251017,15.97882737736681,16.0798970901637,13.0,-2.0,-0.004049012344406244,-0.00893477438815271,0.08616250523920345,False,0.5252324990101853,67751.5,253.79236862001173,3.9364458113832828,0.6351408154686838,40.001893533286676,-0.00893477438815271,2026-02-22 13:00:00+00:00,2026-02-22 14:00:00+00:00,2026-02-22 14:00:00+00:00,2026-02-22 14:00:00+00:00,2026-02-22 14:00:00+00:00,2,2
2238420,2240595,68814.80999999998,target,bar,False,0.02,2026-04-04 11:00:00+00:00,2026-04-05 23:15:00+00:00,67169.96819999999,68780.40259499999,0.02397551224387806,0.001113186531734133,3.71650898001248e-06,0.022858609203163915,2176,0.02499999999999991,0.0010244877561218502,1.1429304601581958,BTCUSDT,1,60,reserved_replication,0.02,0.025,1,0.0005,hourly_compression_btc_connors_loweff_v1,1.0,77.33241583623114,87.5220613210698,64.47518618762363,80.0,2.0,0.002743728034866333,0.004305250970102481,0.05759521592078968,False,0.4665383242705088,67046.2,193.338886234129,2.880417244427944,0.41803376129339864,60.50785819479269,0.004305250970102481,2026-04-04 10:00:00+00:00,2026-04-04 11:00:00+00:00,2026-04-04 11:00:00+00:00,2026-04-04 11:00:00+00:00,2026-04-04 11:00:00+00:00,1,1
2259060,2260695,83.772,target,bar,False,0.02,2026-04-18 19:00:00+00:00,2026-04-19 22:15:00+00:00,85.83408,83.855772,0.023048048048048053,0.0010873235735735737,8.937950753353694e-05,0.02187134496694094,1636,0.02499999999999991,0.001951951951951858,1.093567248347047,SOLUSDT,-1,60,reserved_replication,0.02,0.025,1,0.001,hourly_compression_btc_connors_loweff_v1,3.0,17.52626739558345,8.17740894057904,39.40139324617131,5.0,-1.0,-0.00899653979238757,-0.01959713823685405,0.5387387387387409,True,0.5060332157266907,86.24,0.6323695560981232,3.0680661454889,0.6897435897436018,29.488614432985585,-0.03590664272890487,2026-04-18 18:00:00+00:00,2026-04-18 19:00:00+00:00,2026-04-18 19:00:00+00:00,2026-04-18 19:00:00+00:00,2026-04-18 19:00:00+00:00,1,1
2377560,2382060,62453.734000000004,stop,bar,False,0.02,2026-07-10 02:00:00+00:00,2026-07-13 05:00:00+00:00,63760.16415,62422.50713300001,-0.02097951024487743,0.0010884612693653174,0.0006175657895478689,-0.022685537303790616,4501,-0.020000000000000018,0.000979510244877413,-1.1342768651895307,BTCUSDT,1,60,reserved_replication,0.02,0.025,1,0.0005,hourly_compression_btc_connors_loweff_v1,1.0,83.46856613031089,86.22818109526017,66.17751729567253,98.0,1.0,0.010202156782864957,0.029870765789860698,0.2656970749443747,False,0.6791327583663799,63479.9,365.76059237300717,2.0892397913013836,0.5705929487179504,67.9054773257784,0.029870765789860698,2026-07-10 01:00:00+00:00,2026-07-10 02:00:00+00:00,2026-07-10 02:00:00+00:00,2026-07-10 02:00:00+00:00,2026-07-10 02:00:00+00:00,1,1
2460300,2461173,105.76974999999999,target,bar,False,0.02,2026-09-05 13:00:00+00:00,2026-09-06 03:33:00+00:00,103.29318999999998,105.66398025,0.022952047952048193,0.0011126236263736267,8.844612215001074e-05,0.021750978203524556,874,0.02499999999999991,0.0020479520479517177,1.0875489101762277,SOLUSDT,1,60,reserved_replication,0.02,0.025,1,0.001,hourly_compression_btc_connors_loweff_v1,3.0,85.57835294255756,86.85743445376205,73.87762437391062,96.0,1.0,0.008897145091904646,0.0029814290210892214,0.22597402597402605,False,0.7342909679307176,102.77,0.5719803434101751,2.878759730622053,0.6333333333333333,62.24387902508769,0.016349847335762835,2026-09-05 12:00:00+00:00,2026-09-05 13:00:00+00:00,2026-09-05 13:00:00+00:00,2026-09-05 13:00:00+00:00,2026-09-05 13:00:00+00:00,1,1
2460540,2462559,2531.9447499999997,target,bar,False,0.02,2026-09-05 17:00:00+00:00,2026-09-07 02:39:00+00:00,2471.425095,2530.678777625,0.02397551224387806,0.001113186531734133,0.00016097282535684694,0.02270135288678708,2020,0.02499999999999991,0.0010244877561218502,1.135067644339354,ETHUSDT,1,60,reserved_replication,0.02,0.025,1,0.0005,hourly_compression_btc_connors_loweff_v1,2.0,89.28958089485701,89.82743077600486,87.04131190856619,91.0,3.0,0.004701805477034027,0.0036986294495215954,0.09218009478673014,False,0.8576836046226368,2461.8,9.78216204061788,3.408421395877398,0.5244746445199526,58.60043470613329,0.004505695149871203,2026-09-05 16:00:00+00:00,2026-09-05 17:00:00+00:00,2026-09-05 17:00:00+00:00,2026-09-05 17:00:00+00:00,2026-09-05 17:00:00+00:00,2,2
2129220,2129756,138.099,target,bar,False,0.02,2026-01-18 15:00:00+00:00,2026-01-18 23:56:00+00:00,141.35672,138.37519799999998,0.02109218436873761,0.0010883992985971944,-1.966944832900657e-05,0.02002345451846942,537,0.025000000000000022,0.003907815631262412,1.001172725923471,SOLUSDT,-1,60,reserved_replication,0.02,0.025,2,0.002,hourly_compression_btc_connors_loweff_v1,3.0,23.336057284679626,15.313870147577333,44.694301706461545,10.0,-1.0,-0.004777965148960117,-0.00537720613741377,0.2883211678832205,False,0.3852262413079805,141.86,0.5710929744896112,2.377410489934347,0.6504065040650399,31.807095073772402,-0.015157836184119033,2026-01-18 14:00:00+00:00,2026-01-18 15:00:00+00:00,2026-01-18 15:00:00+00:00,2026-01-18 15:00:00+00:00,2026-01-18 15:00:00+00:00,1,1
2167920,2168892,89.4005,target,bar,False,0.02,2026-02-14 12:00:00+00:00,2026-02-15 04:12:00+00:00,87.39444,89.22169899999999,0.02090818363273428,0.0011114995009980039,-0.00017220599845944163,0.019968890130195715,973,0.02499999999999991,0.004091816367265633,0.9984445065097858,SOLUSDT,1,60,reserved_replication,0.02,0.025,2,0.002,hourly_compression_btc_connors_loweff_v1,3.0,85.14505780106727,88.27774572316106,68.15742768004075,99.0,1.0,0.017024253731343197,0.04966634890371768,0.5103189493433415,True,1.0655371002504392,86.37,0.7977197601099145,3.2668158505667297,0.699612403100784,75.85108135453605,0.08658278310701384,2026-02-14 11:00:00+00:00,2026-02-14 12:00:00+00:00,2026-02-14 12:00:00+00:00,2026-02-14 12:00:00+00:00,2026-02-14 12:00:00+00:00,1,1
2179500,2180186,82.29,target,bar,False,0.02,2026-02-22 13:00:00+00:00,2026-02-23 00:26:00+00:00,84.2312,82.45458,0.021092184368737388,0.0010883992985971944,0.00022041401998312978,0.019783371050157064,687,0.025000000000000022,0.003907815631262634,0.9891685525078532,SOLUSDT,-1,60,reserved_replication,0.02,0.025,2,0.002,hourly_compression_btc_connors_loweff_v1,3.0,14.522290858445041,16.635187494636266,21.93168508069886,5.0,-1.0,-0.009505926534444153,-0.0042211235111297984,0.026604068857590486,False,0.49153997567085245,84.65,0.5086056320420341,2.295887185597405,0.6393939393939382,40.64165996282589,-0.010434986516590472,2026-02-22 12:00:00+00:00,2026-02-22 13:00:00+00:00,2026-02-22 13:00:00+00:00,2026-02-22 13:00:00+00:00,2026-02-22 13:00:00+00:00,1,1
2179560,2180227,65927.745,target,bar,False,0.02,2026-02-22 14:00:00+00:00,2026-02-23 01:07:00+00:00,67550.5818,65993.67274499999,0.023048048048048164,0.0010873235735735735,9.88384026034258e-06,0.02195084063421425,668,0.025000000000000022,0.001951951951951858,1.0975420317107125,BTCUSDT,-1,60,reserved_replication,0.02,0.025,2,0.001,hourly_compression_btc_connors_loweff_v1,1.0,15.01957482251017,15.97882737736681,16.0798970901637,13.0,-2.0,-0.004049012344406244,-0.00893477438815271,0.08616250523920345,False,0.5252324990101853,67751.5,253.79236862001173,3.9364458113832828,0.6351408154686838,40.001893533286676,-0.00893477438815271,2026-02-22 13:00:00+00:00,2026-02-22 14:00:00+00:00,2026-02-22 14:00:00+00:00,2026-02-22 14:00:00+00:00,2026-02-22 14:00:00+00:00,2,2
2238420,2240595,68814.80999999998,target,bar,False,0.02,2026-04-04 11:00:00+00:00,2026-04-05 23:15:00+00:00,67203.53639999998,68745.99518999999,0.02295204795204797,0.0011126236263736262,3.714652581920566e-06,0.021835709673092424,2176,0.02499999999999991,0.0020479520479519397,1.0917854836546212,BTCUSDT,1,60,reserved_replication,0.02,0.025,2,0.001,hourly_compression_btc_connors_loweff_v1,1.0,77.33241583623114,87.5220613210698,64.47518618762363,80.0,2.0,0.002743728034866333,0.004305250970102481,0.05759521592078968,False,0.4665383242705088,67046.2,193.338886234129,2.880417244427944,0.41803376129339864,60.50785819479269,0.004305250970102481,2026-04-04 10:00:00+00:00,2026-04-04 11:00:00+00:00,2026-04-04 11:00:00+00:00,2026-04-04 11:00:00+00:00,2026-04-04 11:00:00+00:00,1,1
2259060,2260695,83.772,target,bar,False,0.02,2026-04-18 19:00:00+00:00,2026-04-19 22:15:00+00:00,85.74816,83.93954400000001,0.021092184368737277,0.0010883992985971946,8.946906615832004e-05,0.01991431600398176,1636,0.02499999999999991,0.003907815631262634,0.995715800199088,SOLUSDT,-1,60,reserved_replication,0.02,0.025,2,0.002,hourly_compression_btc_connors_loweff_v1,3.0,17.52626739558345,8.17740894057904,39.40139324617131,5.0,-1.0,-0.00899653979238757,-0.01959713823685405,0.5387387387387409,True,0.5060332157266907,86.24,0.6323695560981232,3.0680661454889,0.6897435897436018,29.488614432985585,-0.03590664272890487,2026-04-18 18:00:00+00:00,2026-04-18 19:00:00+00:00,2026-04-18 19:00:00+00:00,2026-04-18 19:00:00+00:00,2026-04-18 19:00:00+00:00,1,1
2377560,2382060,62453.734000000004,stop,bar,False,0.02,2026-07-10 02:00:00+00:00,2026-07-13 05:00:00+00:00,63792.0283,62391.280266,-0.021958041958041852,0.001087923076923077,0.0006172573151275153,-0.023663222350092442,4501,-0.020000000000000018,0.001958041958041834,-1.1831611175046222,BTCUSDT,1,60,reserved_replication,0.02,0.025,2,0.001,hourly_compression_btc_connors_loweff_v1,1.0,83.46856613031089,86.22818109526017,66.17751729567253,98.0,1.0,0.010202156782864957,0.029870765789860698,0.2656970749443747,False,0.6791327583663799,63479.9,365.76059237300717,2.0892397913013836,0.5705929487179504,67.9054773257784,0.029870765789860698,2026-07-10 01:00:00+00:00,2026-07-10 02:00:00+00:00,2026-07-10 02:00:00+00:00,2026-07-10 02:00:00+00:00,2026-07-10 02:00:00+00:00,1,1
2460300,2461173,105.76974999999999,target,bar,False,0.02,2026-09-05 13:00:00+00:00,2026-09-06 03:33:00+00:00,103.39638,105.55821049999999,0.0209081836327345,0.0011114995009980039,8.83578525670267e-05,0.019708326279169467,874,0.02499999999999991,0.004091816367265411,0.9854163139584733,SOLUSDT,1,60,reserved_replication,0.02,0.025,2,0.002,hourly_compression_btc_connors_loweff_v1,3.0,85.57835294255756,86.85743445376205,73.87762437391062,96.0,1.0,0.008897145091904646,0.0029814290210892214,0.22597402597402605,False,0.7342909679307176,102.77,0.5719803434101751,2.878759730622053,0.6333333333333333,62.24387902508769,0.016349847335762835,2026-09-05 12:00:00+00:00,2026-09-05 13:00:00+00:00,2026-09-05 13:00:00+00:00,2026-09-05 13:00:00+00:00,2026-09-05 13:00:00+00:00,1,1
2460540,2462559,2531.9447499999997,target,bar,False,0.02,2026-09-05 17:00:00+00:00,2026-09-07 02:39:00+00:00,2472.6601899999996,2529.4128052499996,0.02295204795204797,0.0011126236263736262,0.0001608924193501752,0.02167853190632417,2020,0.02499999999999991,0.0020479520479519397,1.0839265953162085,ETHUSDT,1,60,reserved_replication,0.02,0.025,2,0.001,hourly_compression_btc_connors_loweff_v1,2.0,89.28958089485701,89.82743077600486,87.04131190856619,91.0,3.0,0.004701805477034027,0.0036986294495215954,0.09218009478673014,False,0.8576836046226368,2461.8,9.78216204061788,3.408421395877398,0.5244746445199526,58.60043470613329,0.004505695149871203,2026-09-05 16:00:00+00:00,2026-09-05 17:00:00+00:00,2026-09-05 17:00:00+00:00,2026-09-05 17:00:00+00:00,2026-09-05 17:00:00+00:00,2,2
