experiment_id,token,partition,matched,unmatched_events,delta_rv_24h,delta_atr_pct,delta_rel_volume,delta_range_compression,delta_trend,delta_dist_high,delta_dist_low,delta_hour_sin,delta_hour_cos
s1_BTCUSDT_long_60m_1pct,BTCUSDT,discovery,7752,0,0.0004559317582843907,0.0013332634018411163,0.9020255447113685,0.04653513766768369,0.0006216926904057385,-0.0036958143854905826,0.004974572197078527,0.0,0.0
s1_BTCUSDT_long_60m_2pct,BTCUSDT,discovery,1705,0,0.0009562246845199775,0.00255196858762409,1.511157350879378,0.05065723487536383,0.0010123757820021196,-0.008374582953010575,0.010001684298271842,0.0,0.0
s1_BTCUSDT_long_60m_3pct,BTCUSDT,discovery,482,0,0.0012329209506911098,0.004006955539818377,1.5900272921374827,0.0632905515447405,-0.0031568655080772964,-0.01699775105957752,0.00949754160401621,0.0,0.0
s1_BTCUSDT_long_60m_5pct,BTCUSDT,discovery,104,0,0.0018018284492165486,0.0047827400254228354,2.4542664434188333,0.050625251789778225,-0.008117984951208593,-0.03063637810841753,0.006826119794681736,0.0,0.0
s1_BTCUSDT_short_60m_1pct,BTCUSDT,discovery,8314,0,0.00038358295072949983,0.001143505391814732,0.8811370937824778,0.04222104986606928,-0.00332439164859965,-0.007707810427968104,-0.0005207525600910388,0.0,0.0
s1_BTCUSDT_short_60m_2pct,BTCUSDT,discovery,1767,0,0.0007494759171366569,0.0023666305088301635,1.5192881133883303,0.06071364771418736,-0.006264703228881731,-0.01545898105724846,-0.001325894693922837,0.0,0.0
s1_BTCUSDT_short_60m_3pct,BTCUSDT,discovery,560,0,0.0009164489832467959,0.002819113814296583,2.0731060495243887,0.07321896717143617,-0.00787130241994385,-0.019070298516325784,-0.002687635009803617,0.0,0.0
s1_BTCUSDT_short_60m_5pct,BTCUSDT,discovery,117,0,0.0005297109151177885,0.0021697219238108537,4.385196658789799,0.07087253159270263,-0.01084662920790751,-0.01895446160662024,-0.010214239159501981,0.0,0.0
s1_BTCUSDT_long_240m_1pct,BTCUSDT,discovery,24612,0,0.00013438379317050634,0.0005275031139443404,0.34871639463872683,0.027904635186648763,0.001111091595796794,0.0001817901401539486,0.002639555722412739,0.0,0.0
s1_BTCUSDT_long_240m_2pct,BTCUSDT,discovery,8636,0,0.0003883938346103005,0.00111060234289094,0.650284112788357,0.030732840804188588,0.0011093857845759047,-0.002440730879812683,0.005117492252293403,0.0,0.0
s1_BTCUSDT_long_240m_3pct,BTCUSDT,discovery,3511,0,0.0005972252817483454,0.0016964785688326585,0.7230669695512968,0.02973954694551828,0.00010267727562763453,-0.005908422812519593,0.006378816979271007,0.0,0.0
s1_BTCUSDT_long_240m_5pct,BTCUSDT,discovery,828,0,0.0011311568359682572,0.002890338159125828,0.5944603214385187,0.010682464002233771,-0.001182123605481333,-0.01360760472045141,0.010876811389351884,0.0,0.0
s1_BTCUSDT_short_240m_1pct,BTCUSDT,discovery,25158,0,0.00013859706528372836,0.00047759115476698425,0.3368408336206097,0.032579963312731886,-0.0011193773774807625,-0.0025822524574802275,0.00020622052333068783,0.0,0.0
s1_BTCUSDT_short_240m_2pct,BTCUSDT,discovery,9050,0,0.00035919854269459957,0.0010185130593894157,0.43324986830224277,0.03581838489881589,-0.002634991049742951,-0.006758332173186769,4.832469303393469e-05,0.0,0.0
s1_BTCUSDT_short_240m_3pct,BTCUSDT,discovery,3645,0,0.0006128550811902518,0.001659366914207744,0.6110534477771348,0.03882280318142295,-0.003861820605377887,-0.011302878348408645,0.0012090918344433224,0.0,0.0
s1_BTCUSDT_short_240m_5pct,BTCUSDT,discovery,938,0,0.0008438163405213783,0.002465460970325119,0.7763883598528987,0.04179876669564153,-0.006803456602590063,-0.017717034750733232,-0.0013503971969091172,0.0,0.0
s1_BTCUSDT_long_480m_1pct,BTCUSDT,discovery,35607,12,5.309389091360346e-05,0.0003083396665534968,0.2268965299002621,0.0204112919253977,0.0009420077601915424,0.0007266606577189284,0.0015451543582649697,0.0,0.0
s1_BTCUSDT_long_480m_2pct,BTCUSDT,discovery,16749,0,0.0002192547841313201,0.0006445605405631123,0.3455641856114968,0.02260852545490305,0.0011630593152225806,-0.00039159231325371427,0.0037106820252899575,0.0,0.0
s1_BTCUSDT_long_480m_3pct,BTCUSDT,discovery,8117,0,0.000369141577803842,0.0010025707230488616,0.448875843207976,0.022355006416089396,0.000375113473116502,-0.0030667933243585764,0.004324822605625615,0.0,0.0
s1_BTCUSDT_long_480m_5pct,BTCUSDT,discovery,2229,0,0.0007248333354300356,0.0018950235144668502,0.5442538073039684,0.016909611716741768,-0.0004096757949047083,-0.008618890180249885,0.007110468692812268,0.0,0.0
s1_BTCUSDT_short_480m_1pct,BTCUSDT,discovery,36058,7,8.120493151877626e-05,0.0002913090417895935,0.2207256517688263,0.02479139005163067,-0.0007549424509538817,-0.0016866080045635432,8.558312635251891e-05,0.0,0.0
s1_BTCUSDT_short_480m_2pct,BTCUSDT,discovery,16610,0,0.00022469396290534594,0.0006791907255376687,0.2934362016787233,0.032047507344319937,-0.0016315781962296795,-0.004255354406525205,0.00020262639693554435,0.0,0.0
s1_BTCUSDT_short_480m_3pct,BTCUSDT,discovery,7973,0,0.0003965389274425916,0.0010767054902510714,0.35751310784369217,0.03523334026481062,-0.0017014831037187777,-0.006354348913433318,0.0013471677194799268,0.0,0.0
s1_BTCUSDT_short_480m_5pct,BTCUSDT,discovery,2441,0,0.0006194344944052133,0.0017714748437300133,0.5341393160290238,0.03259119718332276,-0.004330176529933987,-0.012963512772989183,0.0003358648622741531,0.0,0.0
s1_BTCUSDT_long_1440m_1pct,BTCUSDT,discovery,47920,553,-2.6508600186828796e-06,9.086745803109364e-05,0.06979370605568769,0.00894912142252563,0.0008072978599097046,0.0012032151185326322,0.0009243523964767228,0.0,0.0
s1_BTCUSDT_long_1440m_2pct,BTCUSDT,discovery,35765,0,4.6685794853492356e-05,0.00025422693614842243,0.15919151951024357,0.01898149051556569,0.0008001288975871946,0.0006360862635658611,0.001075766637581091,0.0,0.0
s1_BTCUSDT_long_1440m_3pct,BTCUSDT,discovery,23022,0,0.00015181878514545317,0.0005059879950023143,0.19294544392712232,0.023398011771887772,4.936206997390073e-05,-0.001514689182903886,0.001227515374807961,0.0,0.0
s1_BTCUSDT_long_1440m_5pct,BTCUSDT,discovery,9523,0,0.00024630631378956937,0.0008680219888471292,0.30105664934401855,0.033926858042798824,0.00015446858411780585,-0.0019360603672411159,0.002767694632158084,0.0,0.0
s1_BTCUSDT_short_1440m_1pct,BTCUSDT,discovery,47680,478,3.670380948608484e-05,0.00012953278062373917,0.08988063630105936,0.017319893089412897,-0.0006457187583960664,-0.0011468451629563885,-0.0004382356061733844,0.0,0.0
s1_BTCUSDT_short_1440m_2pct,BTCUSDT,discovery,34968,0,8.287958587661947e-05,0.00032333967600967767,0.16940194583996404,0.02601570228607003,-0.000862481487227499,-0.0018498657484227986,-0.00022611500109576133,0.0,0.0
s1_BTCUSDT_short_1440m_3pct,BTCUSDT,discovery,21907,0,0.00015618920964120386,0.000513018157977327,0.23307831725741912,0.030013080586086704,-0.0005940161619014029,-0.002114726066257955,0.0010021851315620764,0.0,0.0
s1_BTCUSDT_short_1440m_5pct,BTCUSDT,discovery,8696,0,0.00021866735189971995,0.0008107445211905286,0.20678234097047588,0.026095568696321847,-0.001480369767134891,-0.004067951344726161,0.001310095298297155,0.0,0.0
s1_BTCUSDT_long_60m_1pct,BTCUSDT,validation,1541,0,0.0003690949366037745,0.0013318124831751682,0.9713656835312627,0.04442895679963016,-0.00143649293014488,-0.006433257984572328,0.0019997870756268826,0.0,0.0
s1_BTCUSDT_long_60m_2pct,BTCUSDT,validation,251,0,0.0005840200489320019,0.001592918984958642,2.172503921112458,0.035311938183262614,-0.000794301124325675,-0.008815805503446645,0.001858063855894588,0.0,0.0
s1_BTCUSDT_long_60m_3pct,BTCUSDT,validation,62,0,0.0006774273161259453,0.002005736320958626,4.514283656353005,0.10867555103813686,0.0016930913869790327,-0.00920672011689391,0.0022326031569896883,0.0,0.0
s1_BTCUSDT_long_60m_5pct,BTCUSDT,validation,11,0,0.0011187363951165592,0.0038331019566980257,10.521077333028902,0.15378451846594227,0.0012944496448035292,-0.0018270052860228023,0.011643797797384912,0.0,0.0
s1_BTCUSDT_short_60m_1pct,BTCUSDT,validation,1760,0,0.00026432811453330545,0.0012918835662094064,1.2568257141581884,0.07806019145025139,-0.003345934905614302,-0.006974859989540335,-0.00048402762030087115,0.0,0.0
s1_BTCUSDT_short_60m_2pct,BTCUSDT,validation,301,0,0.0004184799178487109,0.0017031182422803043,2.1023084494997857,0.06427764764856791,-0.0037307144912875883,-0.008574069083846635,-0.0002737431613349037,0.0,0.0
s1_BTCUSDT_short_60m_3pct,BTCUSDT,validation,83,0,0.00037606787623628265,0.0017389476328645709,2.5067460736149525,0.025359212521813612,-0.007579811016943188,-0.01549987359439741,-0.00437647023627305,0.0,0.0
s1_BTCUSDT_short_60m_5pct,BTCUSDT,validation,11,0,0.0004944742903387742,0.0006809334926394361,7.93924770982811,-0.052524983735621034,-0.007495125316034872,-0.01579822274077038,0.0040899530642037885,0.0,0.0
s1_BTCUSDT_long_240m_1pct,BTCUSDT,validation,6200,0,0.000128082220324407,0.0005741634400664962,0.3464313901221596,0.029219683547720365,-0.00018423293309678074,-0.002156568139133716,0.0003625040363505125,0.0,0.0
s1_BTCUSDT_long_240m_2pct,BTCUSDT,validation,1580,0,0.0003087707996637149,0.0010874013221658452,0.48058564302030193,0.030961823309854142,-0.0012942985190921808,-0.006629220445167082,0.0006362987705643731,0.0,0.0
s1_BTCUSDT_long_240m_3pct,BTCUSDT,validation,465,0,0.0004379536873242722,0.0013968163964563447,0.8383898445587099,0.027595352900777248,-0.001251217721380448,-0.010601535645409048,-0.0003768412281187211,0.0,0.0
s1_BTCUSDT_long_240m_5pct,BTCUSDT,validation,94,0,0.0007613036422846639,0.002537070369550895,1.747734506295348,0.04113111888736015,-0.0009216506484719732,-0.017922994271130397,-0.000992371223990738,0.0,0.0
s1_BTCUSDT_short_240m_1pct,BTCUSDT,validation,6522,0,0.00012572186680027747,0.0006609693835217994,0.5558302656868517,0.05394497144711041,-0.0012947611115572825,-0.002852649835904532,0.0007069567884575682,0.0,0.0
s1_BTCUSDT_short_240m_2pct,BTCUSDT,validation,2083,0,0.00023254308910059278,0.001026938626418221,0.8885324924055245,0.05967627151030869,-0.0028141107286491058,-0.006286307966456739,-0.000591918893732557,0.0,0.0
s1_BTCUSDT_short_240m_3pct,BTCUSDT,validation,738,0,0.0003833398665935377,0.001324551109913163,0.9296811127868878,0.059927638252967486,-0.0034827461209373935,-0.008320012910138473,-0.0013918372687930884,0.0,0.0
s1_BTCUSDT_short_240m_5pct,BTCUSDT,validation,126,0,0.00033922252901220093,0.0018117504020618343,1.490034329924357,0.0907329389270658,-0.005059871248239881,-0.010004474798998682,-0.0022885507532488594,0.0,0.0
s1_BTCUSDT_long_480m_1pct,BTCUSDT,validation,10266,0,5.388289819413007e-05,0.0003455153464124992,0.18250062171704484,0.026458449575322007,0.00012896349910407004,-0.0009283746746694133,6.701968194761099e-05,0.0,0.0
s1_BTCUSDT_long_480m_2pct,BTCUSDT,validation,3643,0,0.00020338486410092105,0.0007855127674398395,0.34848228297672,0.02920500388159336,-0.0009548269714182277,-0.004710865656950114,-0.00013813673780335017,0.0,0.0
s1_BTCUSDT_long_480m_3pct,BTCUSDT,validation,1322,0,0.0003448928725342717,0.0010624525850761808,0.37889973771331964,0.02910990462629276,-0.0027443161948064294,-0.009109231115621026,-0.0012717993449468355,0.0,0.0
s1_BTCUSDT_long_480m_5pct,BTCUSDT,validation,272,0,0.0005611560429904347,0.0023815229752193836,0.7941297599873638,0.040695343036181386,-0.007307771003813987,-0.022817113785919697,-0.009170588696018764,0.0,0.0
s1_BTCUSDT_short_480m_1pct,BTCUSDT,validation,10244,0,7.343042460484584e-05,0.00038159216076417675,0.3297164319758332,0.031944747089327485,-0.0005974068696688493,-0.0011904602225165685,0.0013699732407130606,0.0,0.0
s1_BTCUSDT_short_480m_2pct,BTCUSDT,validation,4193,0,0.00017155251479383836,0.0007391969115889494,0.6483013426650992,0.05395354536888741,-0.001819096254592162,-0.0042216785298171446,0.00014496156170942798,0.0,0.0
s1_BTCUSDT_short_480m_3pct,BTCUSDT,validation,1925,0,0.0002116686814686089,0.0009831359046150816,0.6986256623615315,0.06274450636947582,-0.002695126072918062,-0.004917796390050088,-0.0012000488871736319,0.0,0.0
s1_BTCUSDT_short_480m_5pct,BTCUSDT,validation,417,0,0.0003232798367706416,0.0013771982848338861,0.715328390876365,0.06358382193121215,-0.0037544026293339083,-0.006968221965340943,-0.0009656019693947346,0.0,0.0
s1_BTCUSDT_long_1440m_1pct,BTCUSDT,validation,15570,178,-2.8843662612412606e-06,8.976325476322622e-05,0.0273152910811012,0.009040999323982057,9.359049034704077e-05,-0.00022865105699913443,-0.0005840712430906538,0.0,0.0
s1_BTCUSDT_long_1440m_2pct,BTCUSDT,validation,9651,0,6.238346951382978e-05,0.00031311163818446364,0.12104653596153869,0.01732180469860628,-0.00044568634164885617,-0.002315964842182539,-0.0010370876526495931,0.0,0.0
s1_BTCUSDT_long_1440m_3pct,BTCUSDT,validation,5187,0,0.00015010395790922716,0.0005239345130393642,0.2051064332599597,0.027907310358719073,-0.0015898130100235408,-0.0043077910103309185,-0.0019276869397228773,0.0,0.0
s1_BTCUSDT_long_1440m_5pct,BTCUSDT,validation,1268,0,0.0004124481941278125,0.0014186875939945181,0.33837740980718056,0.012306768449322492,-0.004448675388935632,-0.013492221219850123,-0.002295998644115973,0.0,0.0
s1_BTCUSDT_short_1440m_1pct,BTCUSDT,validation,15289,92,2.9245470030019472e-05,0.0001829038558307048,0.18217439159624882,0.024563947280920262,6.747832121917315e-05,0.00012604078897435894,0.0014179941578248215,0.0,0.0
s1_BTCUSDT_short_1440m_2pct,BTCUSDT,validation,10008,0,9.220607149952337e-05,0.0003695355072756176,0.3142405200111891,0.034821370488704595,-0.00043017904339534975,-0.0008341120713225118,0.0014748917940755717,0.0,0.0
s1_BTCUSDT_short_1440m_3pct,BTCUSDT,validation,6047,0,0.0001278442387250547,0.0004875892886103657,0.3129977339427781,0.03209025944101185,-0.0004555221854856372,-0.0013678169556095125,0.001682141967865855,0.0,0.0
s1_BTCUSDT_short_1440m_5pct,BTCUSDT,validation,1956,0,0.00023206979078472904,0.000788763288348746,0.39073608909082447,0.03829809169429638,-0.00012958172813885247,-0.0021396458126591786,0.00331696197918881,0.0,0.0
s1_ETHUSDT_long_60m_1pct,ETHUSDT,discovery,11409,0,0.0004469065870237234,0.0012095901471574824,0.6747073505286512,0.027092518497754126,0.000324230504553179,-0.0035817877389854244,0.005050692595215192,0.0,0.0
s1_ETHUSDT_long_60m_2pct,ETHUSDT,discovery,2704,0,0.0011905806434456614,0.002895054425682439,1.0231907678025665,0.032269757374599584,-0.0006950313280246882,-0.01135610214886839,0.010784045596028004,0.0,0.0
s1_ETHUSDT_long_60m_3pct,ETHUSDT,discovery,933,0,0.001936792970903824,0.004670112262870433,1.4261247671466857,0.040961695114879626,-0.00370086205651235,-0.022084024866606787,0.015811709520398086,0.0,0.0
s1_ETHUSDT_long_60m_5pct,ETHUSDT,discovery,187,0,0.0028681736474730777,0.006717541332743786,1.7997119482736603,0.030083795006875635,-0.011140992421758979,-0.03955662056732646,0.01731203734740079,0.0,0.0
s1_ETHUSDT_short_60m_1pct,ETHUSDT,discovery,12514,0,0.0003866758697370293,0.0011680366171735084,0.6045305541043158,0.031904013693433375,-0.003937247146509066,-0.0085904182017833,-0.0009342124752493089,0.0,0.0
s1_ETHUSDT_short_60m_2pct,ETHUSDT,discovery,3140,0,0.0009018016942054742,0.0024788555073838193,1.061967712543863,0.04174318572679875,-0.008568780773547321,-0.019805611847847314,-0.0025190562104204714,0.0,0.0
s1_ETHUSDT_short_60m_3pct,ETHUSDT,discovery,1071,0,0.0013762034694329251,0.0038201026784048025,1.8867272001149828,0.05841932285721324,-0.013275054740622077,-0.03074066881193943,-0.004375713764011933,0.0,0.0
s1_ETHUSDT_short_60m_5pct,ETHUSDT,discovery,243,0,0.001714248975765575,0.005166238411917553,2.2273735630053926,0.07219753134202195,-0.0185044041077165,-0.042948128084418134,-0.006852267335303627,0.0,0.0
s1_ETHUSDT_long_240m_1pct,ETHUSDT,discovery,30680,9,8.598941823488972e-05,0.00036101350404243483,0.20634859465626287,0.01630370255155844,0.0010948101414194028,0.001000032789613907,0.0025779281647929295,0.0,0.0
s1_ETHUSDT_long_240m_2pct,ETHUSDT,discovery,12561,0,0.0003868778413983606,0.001057411806152187,0.34899965763751783,0.019732498594699388,0.0006587220575530747,-0.0023246060977827887,0.004722308686077266,0.0,0.0
s1_ETHUSDT_long_240m_3pct,ETHUSDT,discovery,5507,0,0.0007475267454392599,0.0017754944872595095,0.5242907727065507,0.018584479330012393,-8.045402093873053e-05,-0.006371449258122705,0.00778857116011996,0.0,0.0
s1_ETHUSDT_long_240m_5pct,ETHUSDT,discovery,1417,0,0.0015242752120405434,0.0035657635545957057,0.6642668083122452,0.0013348791964760132,-0.004157956433790162,-0.020585515387046553,0.011101462029043344,0.0,0.0
s1_ETHUSDT_short_240m_1pct,ETHUSDT,discovery,32085,31,0.0001130545515247521,0.000442576537948919,0.19453083128388826,0.021692142268881276,-0.0016681321445714621,-0.003624677001880558,-0.0012268235870388153,0.0,0.0
s1_ETHUSDT_short_240m_2pct,ETHUSDT,discovery,13887,0,0.0003033418503146394,0.0009312693921936406,0.3080666551282034,0.02574166490454516,-0.0030909492513492612,-0.00765734691908224,-0.0009991037593616511,0.0,0.0
s1_ETHUSDT_short_240m_3pct,ETHUSDT,discovery,6321,0,0.0006193289439327043,0.0016038021541693766,0.4624730447432226,0.03327207949573685,-0.004205102955475195,-0.011910647507141138,-5.188282048082526e-07,0.0,0.0
s1_ETHUSDT_short_240m_5pct,ETHUSDT,discovery,1818,0,0.001179187679397938,0.002798449376085252,0.604353305664477,0.030359750893841353,-0.008352244836581124,-0.02268358214759956,-4.928450901590248e-05,0.0,0.0
s1_ETHUSDT_long_480m_1pct,ETHUSDT,discovery,40688,189,2.8220281960120858e-05,0.00017611069897645326,0.11754805595318696,0.011166470862756628,0.0010506055101049568,0.0013240464307611548,0.0017090426130791751,0.0,0.0
s1_ETHUSDT_long_480m_2pct,ETHUSDT,discovery,22518,0,0.00016480261443957032,0.0005483564213221957,0.18496791455062067,0.017613594663430432,0.0010713401116214357,0.00017116024403464672,0.002908859915665092,0.0,0.0
s1_ETHUSDT_long_480m_3pct,ETHUSDT,discovery,11880,0,0.00040132277761605224,0.0009512855191457885,0.20249979284782493,0.014007265501569999,0.0006786024617593429,-0.0025542248441193585,0.005316592583876206,0.0,0.0
s1_ETHUSDT_long_480m_5pct,ETHUSDT,discovery,3584,0,0.0009384970007914701,0.0021667408796576595,0.3695056159886949,0.007126828534992413,-0.001709384656078969,-0.012353624646602487,0.008343133487524836,0.0,0.0
s1_ETHUSDT_short_480m_1pct,ETHUSDT,discovery,41896,239,5.857181015017643e-05,0.00023529325578051496,0.11332865250115542,0.013684020092833371,-0.0011321486131283121,-0.0022940380832924857,-0.0010002378106881912,0.0,0.0
s1_ETHUSDT_short_480m_2pct,ETHUSDT,discovery,23748,0,0.00019041806929429115,0.0005973685144558391,0.20308907556709777,0.02116675320346806,-0.0021645576148344742,-0.005303131190762964,-0.0009191175546872099,0.0,0.0
s1_ETHUSDT_short_480m_3pct,ETHUSDT,discovery,12522,0,0.0003332711923189277,0.0010024686741943794,0.28464881570723244,0.02988033731277001,-0.0029016199315986856,-0.007819859161217763,-0.000999048018066953,0.0,0.0
s1_ETHUSDT_short_480m_5pct,ETHUSDT,discovery,4440,0,0.0008082386317527527,0.0019378082470195698,0.380801261852171,0.022720117242031435,-0.004731587440818808,-0.015098437417706528,0.0016092251187828643,0.0,0.0
s1_ETHUSDT_long_1440m_1pct,ETHUSDT,discovery,48817,1067,1.4117205059070107e-05,4.722511330179386e-05,0.03127974718393434,0.002459157547257007,0.0009235031780498959,0.0013460207067377584,0.0012535694769747162,0.0,0.0
s1_ETHUSDT_long_1440m_2pct,ETHUSDT,discovery,40171,235,3.5355913565768976e-05,0.00019279613336280026,0.08180078283036774,0.014633231426416204,0.0010723398957063126,0.001542668071268738,0.0012941420557594785,0.0,0.0
s1_ETHUSDT_long_1440m_3pct,ETHUSDT,discovery,29147,0,9.373481227373638e-05,0.00040090183014104396,0.11326680378829934,0.020704128115305698,0.0008418290393029799,0.00032923279746831235,0.001520590932535995,0.0,0.0
s1_ETHUSDT_long_1440m_5pct,ETHUSDT,discovery,13570,0,0.00032009670612408343,0.0008614795572645037,0.1927447272226106,0.023953039315590563,0.00020057282407795753,-0.0029591267565705764,0.0026710419544482625,0.0,0.0
s1_ETHUSDT_short_1440m_1pct,ETHUSDT,discovery,50010,1082,1.8469770177279715e-05,7.887007485916572e-05,0.030326398601677296,0.007355050534551322,-0.0008481152625214388,-0.0015165610459478666,-0.0010417056193191658,0.0,0.0
s1_ETHUSDT_short_1440m_2pct,ETHUSDT,discovery,41962,16,6.208157992859242e-05,0.0002674393929259205,0.08649767042032819,0.013542476971240003,-0.001277102086917193,-0.0025651280283440075,-0.0007507755984024825,0.0,0.0
s1_ETHUSDT_short_1440m_3pct,ETHUSDT,discovery,29465,0,0.00011580404318065366,0.00047064961485169653,0.15899036658956645,0.018622406096595434,-0.0014609523283898565,-0.0032418566473329524,-0.00038167808560055777,0.0,0.0
s1_ETHUSDT_short_1440m_5pct,ETHUSDT,discovery,14552,0,0.00019395466395958445,0.0007275400526930847,0.12860654388729853,0.016215965025740964,-0.0029056314341170822,-0.006135949015099295,-0.002416526210995501,0.0,0.0
s1_ETHUSDT_long_60m_1pct,ETHUSDT,validation,4517,0,0.0002552456284029732,0.0010884582106290243,0.5941414658391888,0.03525630062311608,0.0003333568349345126,-0.0033877623259046044,0.004937996136352062,0.0,0.0
s1_ETHUSDT_long_60m_2pct,ETHUSDT,validation,907,0,0.0005749144414626478,0.001847335236083117,1.14848052282134,0.03472029725998538,-0.0012343266735195641,-0.009495475183086015,0.011303230128727144,0.0,0.0
s1_ETHUSDT_long_60m_3pct,ETHUSDT,validation,267,0,0.0010310569272037433,0.002269638277731679,1.9626417446909707,0.021653546461065654,-0.0004195786138815556,-0.015587643757100658,0.02258788421901354,0.0,0.0
s1_ETHUSDT_long_60m_5pct,ETHUSDT,validation,44,0,0.0013025184339022066,0.0025026689745913724,3.5086087092961877,0.012017316531242328,0.00905979266279982,-0.0017648016657260887,0.053540851546561095,0.0,0.0
s1_ETHUSDT_short_60m_1pct,ETHUSDT,validation,4971,0,0.00022011757583769928,0.0010057706685391368,0.6125235909647073,0.03497197989068451,-0.0048996647607105065,-0.008820272053985317,-0.0012492426012686783,0.0,0.0
s1_ETHUSDT_short_60m_2pct,ETHUSDT,validation,1138,0,0.0003258344630739556,0.0014668634699973497,1.2296727001538414,0.048079092861466666,-0.008745517202979763,-0.014144534372047407,-0.005958012195480575,0.0,0.0
s1_ETHUSDT_short_60m_3pct,ETHUSDT,validation,391,0,0.0004136942998682622,0.002099790200308157,2.362635094651688,0.04827845376957679,-0.012560709351347286,-0.022148556805065715,-0.008315930575965157,0.0,0.0
s1_ETHUSDT_short_60m_5pct,ETHUSDT,validation,82,0,0.00042240371101278425,0.0024592905736160993,2.4528304991806475,0.020314244625603106,-0.01695506161625568,-0.0278329331774465,-0.013017487056963178,0.0,0.0
s1_ETHUSDT_long_240m_1pct,ETHUSDT,validation,12014,0,6.430756933079344e-05,0.0004264167537495452,0.1651219200338676,0.023826904142187133,0.0008800499554402049,-0.0005156693670869197,0.0017148154306173002,0.0,0.0
s1_ETHUSDT_long_240m_2pct,ETHUSDT,validation,4829,0,0.00024852089751046646,0.0009420841659001592,0.37908273566922257,0.03830332142545778,0.00023826186817834267,-0.0031468360094857803,0.004891815050561611,0.0,0.0
s1_ETHUSDT_long_240m_3pct,ETHUSDT,validation,1900,0,0.0003769457713171439,0.0012373380143918342,0.5012210758208167,0.03908780158985997,0.00012764239486199786,-0.006512857090439569,0.007745113384455833,0.0,0.0
s1_ETHUSDT_long_240m_5pct,ETHUSDT,validation,411,0,0.000988264477524592,0.002415828110967219,0.7554240074056864,0.0239743639145783,0.0015036247849794715,-0.012419915256543096,0.029760041625009656,0.0,0.0
s1_ETHUSDT_short_240m_1pct,ETHUSDT,validation,12453,102,5.780418383469644e-05,0.00032460049690603496,0.17352050335932345,0.01149533720985646,-0.0017139529459992754,-0.0022266413201556118,0.00017734803043653602,0.0,0.0
s1_ETHUSDT_short_240m_2pct,ETHUSDT,validation,5370,0,0.00018409041253179131,0.0007213588892689884,0.43728771874688466,0.031124408293796313,-0.0036865587912042774,-0.005041838800865998,-0.0013009329253136984,0.0,0.0
s1_ETHUSDT_short_240m_3pct,ETHUSDT,validation,2543,0,0.0003282912910740751,0.0010573020977207572,0.7170435697779898,0.04422292658511484,-0.005910959385089005,-0.009297960665405426,-0.0026996765538662842,0.0,0.0
s1_ETHUSDT_short_240m_5pct,ETHUSDT,validation,737,0,0.00033172914637285677,0.0014301501195895334,1.138523273421135,0.027334418893531,-0.011562964598463924,-0.019383841665466306,-0.009463205104816026,0.0,0.0
s1_ETHUSDT_long_480m_1pct,ETHUSDT,validation,15022,122,2.2648039795410135e-05,0.00020987991558215398,0.0798659649662905,0.01671889652533426,0.0008985249685105512,-0.0001985636601207555,0.0007431198778684103,0.0,0.0
s1_ETHUSDT_long_480m_2pct,ETHUSDT,validation,8994,0,8.912818117070469e-05,0.0005483861949772432,0.18541639984578184,0.025942760284000943,0.0008038747413358514,-0.0016770956547024,0.0019747667930187993,0.0,0.0
s1_ETHUSDT_long_480m_3pct,ETHUSDT,validation,4401,0,0.00026337112922501533,0.0008617143770525719,0.29750331576838995,0.030507934812610493,0.0003896681553299979,-0.004625670109833738,0.004760231292594931,0.0,0.0
s1_ETHUSDT_long_480m_5pct,ETHUSDT,validation,1274,0,0.0005446370472350498,0.0015973898511409002,0.5074509516618142,0.0399419129017608,0.0005679326700766509,-0.0088372164074726,0.016415678015141225,0.0,0.0
s1_ETHUSDT_short_480m_1pct,ETHUSDT,validation,15093,553,2.5865573944239273e-05,0.00014360439437864896,0.08962335112203856,0.0029835805773585355,-0.0011820755680185737,-0.0008717592495746315,0.00020885330527586898,0.0,0.0
s1_ETHUSDT_short_480m_2pct,ETHUSDT,validation,9252,0,0.00012681897946984107,0.00043661577025715624,0.22798506185966105,0.01821112813353426,-0.0019957141598334668,-0.002668707187319888,-0.00010822174505988741,0.0,0.0
s1_ETHUSDT_short_480m_3pct,ETHUSDT,validation,5227,0,0.00020463157339217254,0.0006168556333976064,0.3905196648003746,0.026831065501324636,-0.002607349893337016,-0.004405678571349089,-0.0011529655727479937,0.0,0.0
s1_ETHUSDT_short_480m_5pct,ETHUSDT,validation,1865,0,0.000249648711545215,0.0008233147510373628,0.7814396400242654,0.036045039559903125,-0.005423939299285667,-0.008883940194579783,-0.002783161427618787,0.0,0.0
s1_ETHUSDT_long_1440m_1pct,ETHUSDT,validation,16250,863,-1.950112594743987e-07,3.39687067353444e-05,-0.016130525582859212,0.004852420732615492,0.000773475370409057,0.00011480750331168896,-2.893611189720008e-05,0.0,0.0
s1_ETHUSDT_long_1440m_2pct,ETHUSDT,validation,15308,125,5.517271404641404e-06,0.00021359443792360894,0.018971271503261056,0.011046499514854091,0.0006355559968372488,-0.0005278090834469028,0.0003534296538256765,0.0,0.0
s1_ETHUSDT_long_1440m_3pct,ETHUSDT,validation,11740,0,8.438172085571856e-05,0.0004167636021428422,-0.00122364615095516,0.013034374684453509,-0.00025166982464297857,-0.002476247922572526,0.0009200317316024539,0.0,0.0
s1_ETHUSDT_long_1440m_5pct,ETHUSDT,validation,5276,0,0.00024158825225405406,0.0007783866264286718,0.14859225950432342,0.009967342842624238,-0.0017227433491716427,-0.006387120787022572,0.004688450257704056,0.0,0.0
s1_ETHUSDT_short_1440m_1pct,ETHUSDT,validation,16184,1271,9.468470174826913e-06,1.3444938067251958e-05,0.03167457025151288,-0.0008090272982452795,-0.0006835576782079796,-0.00010094223202447225,0.000229153246562544,0.0,0.0
s1_ETHUSDT_short_1440m_2pct,ETHUSDT,validation,14810,102,3.358016229395482e-05,0.0001261918218965919,0.10749793121802131,0.0106231645573161,-0.00043890032029777446,7.48838374062949e-05,0.0008195340936095821,0.0,0.0
s1_ETHUSDT_short_1440m_3pct,ETHUSDT,validation,11747,4,5.2717989468432404e-05,0.0002466755042721744,0.18084485399351946,0.018480783188099537,-0.0005132216088071216,-0.0006581117763149354,8.902076745621879e-05,0.0,0.0
s1_ETHUSDT_short_1440m_5pct,ETHUSDT,validation,6230,0,0.00016685054632926922,0.00045557917322115813,0.2882122105436551,0.020484826337620554,-0.0007884706161213444,-0.0019312851376795982,0.0009578823740002615,0.0,0.0
s1_SOLUSDT_long_60m_1pct,SOLUSDT,discovery,23510,0,0.0003496682182601114,0.001102156927686733,0.3430182845899714,0.020001758410567172,0.00041514599823153526,-0.0021986358180156942,0.005591227409261136,0.0,0.0
s1_SOLUSDT_long_60m_2pct,SOLUSDT,discovery,7380,0,0.001438259515147573,0.00327328497590749,0.6789224118973012,0.030911027287993165,0.00010354312786167534,-0.010016075881535268,0.018171932002273315,0.0,0.0
s1_SOLUSDT_long_60m_3pct,SOLUSDT,discovery,2863,0,0.0030558219973540425,0.006598319617955812,0.9943211533437488,0.0466784701279907,-0.0020207096823198745,-0.0228010307625428,0.03470025044354258,0.0,0.0
s1_SOLUSDT_long_60m_5pct,SOLUSDT,discovery,797,0,0.007621183350660569,0.016479773327835873,1.472252749539642,0.057030271887948625,-0.009991353099182636,-0.06336363824822729,0.07865556959997971,0.0,0.0
s1_SOLUSDT_short_60m_1pct,SOLUSDT,discovery,25103,0,0.0002455139767554241,0.0009236910657079052,0.2774504427371369,0.025711857506156843,-0.0009328590620759204,-0.003855936633817697,0.0018048387890213652,0.0,0.0
s1_SOLUSDT_short_60m_2pct,SOLUSDT,discovery,7625,0,0.0012015107159910436,0.0029634587034573397,0.5696284273965027,0.03463201509962138,-0.005029356604621109,-0.01598217555809412,0.008708716867484742,0.0,0.0
s1_SOLUSDT_short_60m_3pct,SOLUSDT,discovery,2923,0,0.002514433968588738,0.005695795357467757,0.8796083583595486,0.040082089250401465,-0.009899486001355194,-0.030603973719731836,0.019009233477552748,0.0,0.0
s1_SOLUSDT_short_60m_5pct,SOLUSDT,discovery,714,0,0.006371713534284901,0.013391339702996852,1.4850826531244885,0.05219483749362863,-0.021890653572156814,-0.06923727440851235,0.04550580164563911,0.0,0.0
s1_SOLUSDT_long_240m_1pct,SOLUSDT,discovery,43769,201,6.997143018760803e-05,0.0002724447154199023,0.10281680683652272,0.007495296846978361,0.0004337098580185629,0.00012659146700864238,0.0017214205629900517,0.0,0.0
s1_SOLUSDT_long_240m_2pct,SOLUSDT,discovery,25080,0,0.0003590980877926416,0.0009822788356597702,0.23624230202291518,0.01710897260171529,0.0010638455177588446,-0.0009607104654465876,0.0065994277280223,0.0,0.0
s1_SOLUSDT_long_240m_3pct,SOLUSDT,discovery,13406,0,0.0009175627784136619,0.002049534579726368,0.35624893075556385,0.02304626927571002,0.0010420980217882047,-0.004611600202671998,0.013333520932753036,0.0,0.0
s1_SOLUSDT_long_240m_5pct,SOLUSDT,discovery,4645,0,0.00223818995627995,0.00470488214972627,0.48849384069797996,0.03099036133992522,-0.0016852567573621036,-0.0164611713939117,0.025987837798686186,0.0,0.0
s1_SOLUSDT_short_240m_1pct,SOLUSDT,discovery,45234,1170,-1.2479827080419045e-05,0.00012137489488770435,0.04680023601167593,0.012008057802309124,-0.00029355107203521674,-0.0006586303928229828,-0.0008432651062393881,0.0,0.0
s1_SOLUSDT_short_240m_2pct,SOLUSDT,discovery,26359,0,0.00025922729191872173,0.0008487778969079925,0.15140588916218722,0.019421447597416652,-0.0014504547996216119,-0.00468023042186843,0.0011604806067944604,0.0,0.0
s1_SOLUSDT_short_240m_3pct,SOLUSDT,discovery,14007,0,0.0006777556474554264,0.0017400990377365658,0.2222933258906432,0.02314013095012807,-0.00290188042960518,-0.009620618746032816,0.004062600291190141,0.0,0.0
s1_SOLUSDT_short_240m_5pct,SOLUSDT,discovery,4792,0,0.00171606718101095,0.003609895231486233,0.32441463576258633,0.015593914622767824,-0.006474983014169064,-0.022121590850132933,0.010521912341066975,0.0,0.0
s1_SOLUSDT_long_480m_1pct,SOLUSDT,discovery,48485,665,4.0092201002431965e-05,0.00011392573319884188,0.05449589817640543,0.0016343510726852806,0.00044584702500257854,0.00045512008576990837,0.001368329397479183,0.0,0.0
s1_SOLUSDT_long_480m_2pct,SOLUSDT,discovery,37027,5,0.0001400263980459249,0.00043934499094421334,0.1299421387565156,0.008875012639560698,0.0009921488212837463,0.0005470827063233097,0.0034355333214616673,0.0,0.0
s1_SOLUSDT_long_480m_3pct,SOLUSDT,discovery,24217,0,0.000408000870693777,0.0009747675006225448,0.18829359466844542,0.013983755783220975,0.0013003595523929557,-0.0010615364933121568,0.007180489069545909,0.0,0.0
s1_SOLUSDT_long_480m_5pct,SOLUSDT,discovery,10417,0,0.0011398957745597325,0.002352051506953747,0.27727257851368114,0.015210767838368555,0.0005777181086973925,-0.006358455536376949,0.01651099102382713,0.0,0.0
s1_SOLUSDT_short_480m_1pct,SOLUSDT,discovery,49747,2069,-3.450269982271676e-05,-3.575507731656911e-05,-0.00428083539459001,0.004964319126339045,-0.00021423470291237647,-0.0002978725431879714,-0.00103400449084156,0.0,0.0
s1_SOLUSDT_short_480m_2pct,SOLUSDT,discovery,38500,159,5.883213762782318e-05,0.000324266689631484,0.07256548437354171,0.012801951414444679,-0.0007409546099669266,-0.0020613114291700776,-0.0003284679596465001,0.0,0.0
s1_SOLUSDT_short_480m_3pct,SOLUSDT,discovery,24826,0,0.00022718364322853613,0.0007928559774045274,0.13127693215303582,0.018062218584515677,-0.0013566002733364653,-0.004234264129619192,0.0009397346499698742,0.0,0.0
s1_SOLUSDT_short_480m_5pct,SOLUSDT,discovery,10661,0,0.0008399801364015018,0.0019993794421853187,0.19125397851579118,0.018114168815433707,-0.0021397989172521927,-0.010401440634665499,0.00695868644660648,0.0,0.0
s1_SOLUSDT_long_1440m_1pct,SOLUSDT,discovery,49747,1090,2.6207366725132346e-05,4.757195026444498e-05,0.029498713510413443,-0.00029559001408452357,0.00042424787779709824,0.0005647568799362276,0.0011859362202549517,0.0,0.0
s1_SOLUSDT_long_1440m_2pct,SOLUSDT,discovery,47080,1403,3.569058635692797e-05,0.00010385964982709793,0.055274685934007195,0.004318085976336816,0.000755020060198137,0.0010035812951308953,0.0016259529161093689,0.0,0.0
s1_SOLUSDT_long_1440m_3pct,SOLUSDT,discovery,42416,282,8.614799610082245e-05,0.00023408193828145657,0.0699596271081726,0.00866684632392356,0.001053281138184699,0.0007261079762995309,0.002492627132414431,0.0,0.0
s1_SOLUSDT_long_1440m_5pct,SOLUSDT,discovery,27519,0,0.00035621193767775266,0.0007668248618832238,0.10125141730090093,0.013091786280624684,0.001341781460664962,-0.0008493395268328041,0.0057118917247021075,0.0,0.0
s1_SOLUSDT_short_1440m_1pct,SOLUSDT,discovery,50022,3804,-5.494597397632389e-05,-0.00011830159811740751,-0.024867355472470543,0.0008932298273742201,-0.0002528880721949408,-0.00013286474802318843,-0.001260228727632172,0.0,0.0
s1_SOLUSDT_short_1440m_2pct,SOLUSDT,discovery,50102,1442,-8.96436585735589e-06,3.2269253161867906e-05,0.0026752815753208203,0.00646544832204482,-0.0007739133293285206,-0.001102323759716195,-0.001491079786424189,0.0,0.0
s1_SOLUSDT_short_1440m_3pct,SOLUSDT,discovery,44401,0,1.4020879783996527e-05,0.0001984656621568156,0.03266519031960491,0.011418659360725392,-0.0010733236437753615,-0.0013020438037258872,-0.0014787997830832747,0.0,0.0
s1_SOLUSDT_short_1440m_5pct,SOLUSDT,discovery,28170,0,0.0001755037960498038,0.0006279463774280514,0.040891099389158025,0.009598937509573024,-0.0011348992669454865,-0.003283013773788014,0.00029261141617784037,0.0,0.0
s1_SOLUSDT_long_60m_1pct,SOLUSDT,validation,6012,0,0.00030850564008475575,0.0011712041176402607,0.38863618489396745,0.03306277777229938,-0.0003262993437639165,-0.0034744430702315435,0.0031000003110393803,0.0,0.0
s1_SOLUSDT_long_60m_2pct,SOLUSDT,validation,1369,0,0.0008124397426114384,0.0026443280118535924,0.8514405540116403,0.055277909519259705,-0.0008412840850376515,-0.008485760455800212,0.005721150170712425,0.0,0.0
s1_SOLUSDT_long_60m_3pct,SOLUSDT,validation,430,0,0.001233207975695599,0.003425536321948539,1.174569481112482,0.0456972720945798,-0.00017684139393174623,-0.012106219100034003,0.01151339488961927,0.0,0.0
s1_SOLUSDT_long_60m_5pct,SOLUSDT,validation,82,0,0.0020406314254537332,0.004533631344993723,3.2418146213072188,0.09081573164422918,0.008054736063808058,-0.009134178222769546,0.024856814715994054,0.0,0.0
s1_SOLUSDT_short_60m_1pct,SOLUSDT,validation,6555,0,0.00026361320629859995,0.0010072229896436538,0.3727399405961658,0.026707916769424356,-0.0030207675068844916,-0.006258171170784817,0.00044166401956779316,0.0,0.0
s1_SOLUSDT_short_60m_2pct,SOLUSDT,validation,1522,0,0.0007806676699706984,0.0025087302297611483,0.7736362138561226,0.02695551300628579,-0.005668821002479113,-0.014508349903017831,0.004438335415350332,0.0,0.0
s1_SOLUSDT_short_60m_3pct,SOLUSDT,validation,516,0,0.0013351863508678733,0.0040455196936768825,1.597235012144213,0.029945266367642,-0.009752360250050301,-0.02420528980412378,0.005113344135216705,0.0,0.0
s1_SOLUSDT_short_60m_5pct,SOLUSDT,validation,120,0,0.0017361006678202427,0.0057413200969926945,2.0236482221808485,0.018054159166645822,-0.011661669032094767,-0.02940167382942483,-0.001510738953563892,0.0,0.0
s1_SOLUSDT_long_240m_1pct,SOLUSDT,validation,13845,31,6.803135488477226e-05,0.0003404512426163006,0.0786532825920665,0.015367379387903612,0.0006856414576488951,-0.00026418799757486205,0.0013882694135688364,0.0,0.0
s1_SOLUSDT_long_240m_2pct,SOLUSDT,validation,6513,0,0.0002510008245044824,0.0009152705501846454,0.2711516444554325,0.04072747085799222,-0.0002891583255423079,-0.0020006558176335135,0.001238520975134036,0.0,0.0
s1_SOLUSDT_long_240m_3pct,SOLUSDT,validation,2844,0,0.0005032895836757601,0.001550235346963134,0.39380121825879355,0.044879400747480314,-0.0005134722234286099,-0.005122104893880951,0.0026770541135199555,0.0,0.0
s1_SOLUSDT_long_240m_5pct,SOLUSDT,validation,657,0,0.0009320991741851399,0.0027507802452436583,0.8344289831981679,0.05759173404821194,0.0004924554744596166,-0.01030465579555273,0.0071602892042866295,0.0,0.0
s1_SOLUSDT_short_240m_1pct,SOLUSDT,validation,14291,233,4.328223523179797e-05,0.00027854431026353224,0.1180311746482543,0.011776768698983864,-0.0011723048000481754,-0.001265943619153255,-1.26874285698228e-05,0.0,0.0
s1_SOLUSDT_short_240m_2pct,SOLUSDT,validation,6902,0,0.0002694551612938212,0.0010177149812386392,0.299111790254144,0.023019794333804022,-0.0029303413712023605,-0.006273954874458823,0.0010660895888768562,0.0,0.0
s1_SOLUSDT_short_240m_3pct,SOLUSDT,validation,3330,0,0.0005181100695744257,0.0015948942832526656,0.48414952836061675,0.029118223876992255,-0.0038616584150423395,-0.009910913904597918,0.0021098549335887354,0.0,0.0
s1_SOLUSDT_short_240m_5pct,SOLUSDT,validation,951,0,0.0010142625791931224,0.0025123370853156954,0.7367539367117146,0.02910802261903156,-0.0077437934913159945,-0.018895227739993727,0.001305429632512567,0.0,0.0
s1_SOLUSDT_long_480m_1pct,SOLUSDT,validation,16003,246,2.0480618153724192e-05,0.00011804647737257996,0.024414645852524286,0.005134286458723436,0.0007046816655282061,5.7622533018678035e-05,0.0008171053068424389,0.0,0.0
s1_SOLUSDT_long_480m_2pct,SOLUSDT,validation,10901,0,0.00010563542244667375,0.0004577075550050904,0.12839212024386426,0.015842639261264557,0.0007791118010790942,-0.000519286551963892,0.0008621017450125765,0.0,0.0
s1_SOLUSDT_long_480m_3pct,SOLUSDT,validation,6200,0,0.00025103718487568243,0.0008923618705895539,0.1779227821238114,0.026991889677408454,0.00031565227813509496,-0.0029224948077372706,0.001203188926359157,0.0,0.0
s1_SOLUSDT_long_480m_5pct,SOLUSDT,validation,1829,0,0.0005961335449941483,0.0018274149499664764,0.4771166866332519,0.038402914585664916,-0.0004515041118592242,-0.006233008177048971,0.0030197984866679947,0.0,0.0
s1_SOLUSDT_short_480m_1pct,SOLUSDT,validation,16042,968,1.3838869878353768e-06,6.198504831372072e-05,0.057221517455364745,0.0035342196276902937,-0.0007073261451534432,-0.00019897757242557518,-0.0003377599575383125,0.0,0.0
s1_SOLUSDT_short_480m_2pct,SOLUSDT,validation,11290,0,0.00014343157449680285,0.000522787508807231,0.16109623010597973,0.012842827954024583,-0.001490710441517698,-0.0026966081690145763,0.0018294374155875953,0.0,0.0
s1_SOLUSDT_short_480m_3pct,SOLUSDT,validation,6676,0,0.0002981798253757625,0.0008774764404985459,0.2601805097602008,0.011973569652971805,-0.002347973411665512,-0.006198713938338853,0.0024681930707600233,0.0,0.0
s1_SOLUSDT_short_480m_5pct,SOLUSDT,validation,2417,0,0.0007422637794266647,0.0016508939761374092,0.3788300423822806,0.00916876755898871,-0.005366181815278797,-0.01392528091686493,0.00334443039251079,0.0,0.0
s1_SOLUSDT_long_1440m_1pct,SOLUSDT,validation,16280,736,9.682971026589438e-06,2.1795142317682613e-05,-0.011333353380450939,0.00016042431177826222,0.0007157329759670608,4.4369528564347505e-05,0.0005528212355224507,0.0,0.0
s1_SOLUSDT_long_1440m_2pct,SOLUSDT,validation,16030,475,-2.4543548775215508e-05,9.77661768369626e-06,0.0023938613986709267,0.0017222611740191907,0.0008105387884001416,0.0006021439622683061,-7.425045671005659e-05,0.0,0.0
s1_SOLUSDT_long_1440m_3pct,SOLUSDT,validation,13592,0,5.5239755914287224e-05,0.0002323212983436967,0.03697533165850175,0.0063883913064659015,0.000644571038986179,-0.0008356787119659231,-3.481045693527751e-05,0.0,0.0
s1_SOLUSDT_long_1440m_5pct,SOLUSDT,validation,7195,0,0.00021855020738828067,0.0007859648801137094,0.09601537920199132,0.00186101842733305,-0.0005624416155892169,-0.0054425981689135774,0.0005507906452221559,0.0,0.0
s1_SOLUSDT_short_1440m_1pct,SOLUSDT,validation,16265,1634,-9.843218593913634e-06,-3.071463353263807e-05,0.0005191827394039894,-0.0008211209519247142,-0.000701212392727496,-0.00011695782294660062,-0.0006324222154561049,0.0,0.0
s1_SOLUSDT_short_1440m_2pct,SOLUSDT,validation,15771,623,5.3305368664656114e-05,0.00020031050818759832,0.06571771006459937,0.010752744802628833,-0.0007499905561082281,-0.000591938603755518,0.0006159033047660675,0.0,0.0
s1_SOLUSDT_short_1440m_3pct,SOLUSDT,validation,13549,22,9.702848659527263e-05,0.00035091863519075544,0.14156587463024928,0.016628443811541382,-0.0010125329765463776,-0.001295567463128644,0.0012040653825007228,0.0,0.0
s1_SOLUSDT_short_1440m_5pct,SOLUSDT,validation,7986,0,0.0003204633421485118,0.0006697343116487684,0.21620063595462424,0.014028791437151578,-0.002135930542862694,-0.005226018026356867,0.002673253574169504,0.0,0.0
