experiment_id,token,side,family,spec,trades_discovery,mean_discovery,pf_discovery,trades_validation,mean_validation,pf_validation,stress_mean_discovery,stress_mean_validation,desk_mean_discovery,desk_mean_validation,passes_screen,notes
rule_compression_BTCUSDT_long,BTCUSDT,long,rule_compression,compression,311,-0.002200188219983986,0.6581544554523637,114,-0.0022942701730767263,0.4965988358964766,-0.0031980623225283185,-0.0032920468401351974,-0.0031980623225283185,-0.0032920468401351974,False,gate uses declustered 4h fixed-horizon net
rule_fade_BTCUSDT_long,BTCUSDT,long,rule_fade,fade,67,0.0046026739600669815,1.6450266648377692,11,-0.005965783720508139,0.35871508247236683,0.0035980030100076846,-0.006959868163678732,0.0035980030100076846,-0.006959868163678732,False,gate uses declustered 4h fixed-horizon net
model_l2_BTCUSDT_long,BTCUSDT,long,model_l2,l2_C1_p60,280,-0.0007039128128642878,0.8907621731689377,154,-0.0023346546420156306,0.70477226695352,-0.0017032916276700186,-0.003332380819842225,-0.0017032916276700186,-0.003332380819842225,False,"folds fold_2023:ok,fold_2024:ok,fold_2025:ok"
rule_compression_BTCUSDT_short,BTCUSDT,short,rule_compression,compression,244,-0.004150351912797739,0.46381496961233953,91,-0.005129242630673162,0.29837423324040974,-0.005154471405880035,-0.006134333944876721,-0.005154471405880035,-0.006134333944876721,False,gate uses declustered 4h fixed-horizon net
rule_fade_BTCUSDT_short,BTCUSDT,short,rule_fade,fade,80,-0.0031415780709348126,0.7090511746392922,11,-0.006423076747151641,0.41066029066151516,-0.004144689229120769,-0.007429474708677805,-0.004144689229120769,-0.007429474708677805,False,gate uses declustered 4h fixed-horizon net
model_l2_BTCUSDT_short,BTCUSDT,short,model_l2,l2_C1_p60,444,-0.00381290770479984,0.5376580485596912,120,-0.0012776892871495962,0.8194739801037964,-0.004816706422533638,-0.002278931549368001,-0.004816706422533638,-0.002278931549368001,False,"folds fold_2023:ok,fold_2024:ok,fold_2025:ok"
rule_compression_ETHUSDT_long,ETHUSDT,long,rule_compression,compression,338,-0.002159068889229123,0.6596167195309276,121,-0.0019189961230062253,0.7318114934323552,-0.003156992272130395,-0.0029171524783454575,-0.003156992272130395,-0.0029171524783454575,False,gate uses declustered 4h fixed-horizon net
rule_fade_ETHUSDT_long,ETHUSDT,long,rule_fade,fade,115,0.0007952520968492802,1.0827948066071598,43,-0.01055711970916232,0.388686140133523,-0.0002056047326331718,-0.01154661550928879,-0.0002056047326331718,-0.01154661550928879,False,gate uses declustered 4h fixed-horizon net
model_l2_ETHUSDT_long,ETHUSDT,long,model_l2,l2_C1_p60,163,0.001749230357109205,1.2248998148024648,217,-0.0025823949986597235,0.7601197969007499,0.0007474053022907993,-0.0035798639287356196,0.0007474053022907993,-0.0035798639287356196,False,"folds fold_2023:ok,fold_2024:ok,fold_2025:ok"
rule_compression_ETHUSDT_short,ETHUSDT,short,rule_compression,compression,251,-0.0030405316649212612,0.6083848378853044,82,-0.004228145222342715,0.5614712677296791,-0.004043534030549306,-0.005232319785014147,-0.004043534030549306,-0.005232319785014147,False,gate uses declustered 4h fixed-horizon net
rule_fade_ETHUSDT_short,ETHUSDT,short,rule_fade,fade,99,-0.0020666515718601444,0.751181792940285,32,-0.010882364499616725,0.2735181011480615,-0.0030686886656107275,-0.011893226062820596,-0.0030686886656107275,-0.011893226062820596,False,gate uses declustered 4h fixed-horizon net
model_l2_ETHUSDT_short,ETHUSDT,short,model_l2,l2_C1_p60,290,-0.00540361097773325,0.42899401960049505,130,-0.004735762948185989,0.5943278292020039,-0.006408992827369073,-0.005740464842270392,-0.006408992827369073,-0.005740464842270392,False,"folds fold_2023:ok,fold_2024:ok,fold_2025:ok"
rule_compression_SOLUSDT_long,SOLUSDT,long,rule_compression,compression,370,-0.004348802023347521,0.5837570708135256,113,-0.005159920714665015,0.4759599827062612,-0.006339239251643577,-0.007148754056864295,-0.004348802023347521,-0.005159920714665015,False,gate uses declustered 4h fixed-horizon net
rule_fade_SOLUSDT_long,SOLUSDT,long,rule_fade,fade,183,0.003962293526650945,1.3537303878555036,46,-0.0010134189179124343,0.9246680499125459,0.001955587854885322,-0.0030104983901398895,0.003962293526650945,-0.0010134189179124343,False,gate uses declustered 4h fixed-horizon net
model_l2_SOLUSDT_long,SOLUSDT,long,model_l2,l2_C1_p60,90,0.005532321043406984,1.5685426330160313,60,-0.0027326713929634026,0.7984988037936258,0.0035221823543181946,-0.00472621209726518,0.005532321043406984,-0.0027326713929634026,False,"folds fold_2023:ok,fold_2024:ok,fold_2025:ok"
rule_compression_SOLUSDT_short,SOLUSDT,short,rule_compression,compression,331,-0.008001927405526835,0.4344545919631997,114,-0.0035249264535695286,0.6118832701188244,-0.010018809382678818,-0.005532887603343323,-0.008001927405526835,-0.0035249264535695286,False,gate uses declustered 4h fixed-horizon net
rule_fade_SOLUSDT_short,SOLUSDT,short,rule_fade,fade,191,-0.0026130123579122754,0.7781697806455802,49,-0.0019005045663026518,0.8442147062117534,-0.004619150362225515,-0.0039052543834059033,-0.0026130123579122754,-0.0019005045663026518,False,gate uses declustered 4h fixed-horizon net
model_l2_SOLUSDT_short,SOLUSDT,short,model_l2,l2_C1_p60,167,-0.005581799662992242,0.6208879407557721,31,-0.018283164951219927,0.16680852135465948,-0.007593907828799151,-0.020320682752457343,-0.005581799662992242,-0.018283164951219927,False,"folds fold_2023:ok,fold_2024:ok,fold_2025:ok"
