symbol,month,observed_days,prior_30d_median_turnover,eligible,rank
BTCUSDT,2026-01,1461,6340048785.201799,True,1.0
ETHUSDT,2026-01,1461,4609469223.00885,True,2.0
SOLUSDT,2026-01,1461,1370400795.9320002,True,3.0
BTCUSDT,2026-02,1492,6177370442.735451,True,1.0
ETHUSDT,2026-02,1492,3785034109.9718,True,2.0
SOLUSDT,2026-02,1492,1269361497.721,True,3.0
BTCUSDT,2026-03,1520,6387846982.489201,True,1.0
ETHUSDT,2026-03,1520,3325503561.2978,True,2.0
SOLUSDT,2026-03,1520,1187470767.7740002,True,3.0
BTCUSDT,2026-04,1551,6624816041.055201,True,1.0
ETHUSDT,2026-04,1551,3544319923.25775,True,2.0
SOLUSDT,2026-04,1551,1039340129.7465,True,3.0
BTCUSDT,2026-05,1581,5312213378.351,True,1.0
ETHUSDT,2026-05,1581,3113937624.51795,True,2.0
SOLUSDT,2026-05,1581,721639107.596,True,3.0
BTCUSDT,2026-06,1612,4267701946.6516504,True,1.0
ETHUSDT,2026-06,1612,2304403321.17605,True,2.0
SOLUSDT,2026-06,1612,681638739.6905,True,3.0
BTCUSDT,2026-07,1642,5397029757.6292,True,1.0
ETHUSDT,2026-07,1642,2719181163.44655,True,2.0
SOLUSDT,2026-07,1642,773929859.98,True,3.0
BTCUSDT,2026-08,1673,3771404465.70975,True,1.0
ETHUSDT,2026-08,1673,1981649907.0276,True,2.0
SOLUSDT,2026-08,1673,469461402.771,True,3.0
BTCUSDT,2026-09,1704,3895867110.87245,True,1.0
ETHUSDT,2026-09,1704,1811137263.284,True,2.0
SOLUSDT,2026-09,1704,378106080.8045,True,3.0
BTCUSDT,2026-10,1734,4809406686.16585,True,1.0
ETHUSDT,2026-10,1734,2819398414.1677,True,2.0
SOLUSDT,2026-10,1734,757371638.6465,True,3.0
