family,partition,stop,target,stress,n,n_closed,mean,stop_count,stop_rate,win_rate,boundary_count
clock_control,development,0.02,0.025,1,39681,39663,-0.0027817048483172345,22108,0.5573960618208406,0.44260393817915944,18
clock_control,development,0.02,0.025,2,39681,39663,-0.004378983345021414,22108,0.5573960618208406,0.44260393817915944,18
clock_control,development,0.03,0.03,1,23630,23612,-0.0027161483033335838,11812,0.500254108080637,0.49974589191936303,18
clock_control,development,0.03,0.03,2,23630,23612,-0.00431614364800281,11812,0.500254108080637,0.4995341351854989,18
clock_control,evaluation,0.02,0.025,1,15903,15885,-0.0025854883136705096,8822,0.5553666981429021,0.4446333018570979,18
clock_control,evaluation,0.02,0.025,2,15903,15885,-0.004081583446533876,8822,0.5553666981429021,0.4446333018570979,18
clock_control,evaluation,0.03,0.03,1,9282,9264,-0.002598059899829997,4632,0.5,0.5,18
clock_control,evaluation,0.03,0.03,2,9282,9264,-0.0040962316366246814,4632,0.5,0.5,18
clock_control,selection,0.02,0.025,1,17482,17465,-0.00265779355042698,9709,0.5559118236472946,0.4440881763527054,17
clock_control,selection,0.02,0.025,2,17482,17465,-0.004199794796240974,9709,0.5559118236472946,0.4440881763527054,17
clock_control,selection,0.03,0.03,1,10242,10226,-0.0026464719342508534,5113,0.5,0.5,16
clock_control,selection,0.03,0.03,2,10242,10226,-0.004192523899940006,5113,0.5,0.5,16
compression_expansion,development,0.02,0.025,1,748,748,-0.001917541243492044,408,0.5454545454545454,0.45454545454545453,0
compression_expansion,development,0.02,0.025,2,748,748,-0.003169158125093056,408,0.5454545454545454,0.45454545454545453,0
compression_expansion,development,0.03,0.03,1,683,683,-0.0021948531223788164,339,0.49633967789165445,0.5036603221083455,0
compression_expansion,development,0.03,0.03,2,683,683,-0.0034632069134280822,339,0.49633967789165445,0.5036603221083455,0
compression_expansion,evaluation,0.02,0.025,1,266,266,-0.000953965996036679,139,0.5225563909774437,0.4774436090225564,0
compression_expansion,evaluation,0.02,0.025,2,266,266,-0.002207435060946992,139,0.5225563909774437,0.4774436090225564,0
compression_expansion,evaluation,0.03,0.03,1,255,253,-0.0037290455092434537,132,0.5217391304347826,0.4782608695652174,2
compression_expansion,evaluation,0.03,0.03,2,255,253,-0.004989492172912349,132,0.5217391304347826,0.4782608695652174,2
compression_expansion,selection,0.02,0.025,1,320,320,-0.001031418907362415,168,0.525,0.475,0
compression_expansion,selection,0.02,0.025,2,320,320,-0.002286880323682956,168,0.525,0.475,0
compression_expansion,selection,0.03,0.03,1,308,308,-0.0006752604088322596,145,0.4707792207792208,0.5292207792207793,0
compression_expansion,selection,0.03,0.03,2,308,308,-0.0019350256590988009,145,0.4707792207792208,0.5292207792207793,0
funding_squeeze,development,0.02,0.025,1,1975,1974,-0.0022930156515674777,1095,0.5547112462006079,0.4452887537993921,1
funding_squeeze,development,0.02,0.025,2,1975,1974,-0.003663646305005133,1095,0.5547112462006079,0.4452887537993921,1
funding_squeeze,development,0.03,0.03,1,1722,1717,-0.001554392576243324,839,0.48864298194525335,0.5113570180547466,5
funding_squeeze,development,0.03,0.03,2,1722,1717,-0.00293258350850907,839,0.48864298194525335,0.5113570180547466,5
funding_squeeze,evaluation,0.02,0.025,1,498,493,-0.004044243759364728,291,0.59026369168357,0.40973630831643004,5
funding_squeeze,evaluation,0.02,0.025,2,498,493,-0.0055372753312040186,291,0.59026369168357,0.40973630831643004,5
funding_squeeze,evaluation,0.03,0.03,1,455,449,-0.0032064574269271505,230,0.512249443207127,0.48775055679287305,6
funding_squeeze,evaluation,0.03,0.03,2,455,449,-0.004720464430005289,230,0.512249443207127,0.48775055679287305,6
funding_squeeze,selection,0.02,0.025,1,377,377,-0.0035650734842394586,220,0.583554376657825,0.41644562334217505,0
funding_squeeze,selection,0.02,0.025,2,377,377,-0.0049376640008202384,220,0.583554376657825,0.41644562334217505,0
funding_squeeze,selection,0.03,0.03,1,321,321,-0.003911220218325763,170,0.5295950155763239,0.470404984423676,0
funding_squeeze,selection,0.03,0.03,2,321,321,-0.005275346347545223,170,0.5295950155763239,0.470404984423676,0
learned_leaf,development,0.02,0.025,1,12246,12237,-0.002000630141140525,6670,0.5450682356786795,0.4549317643213206,9
learned_leaf,development,0.02,0.025,2,12246,12237,-0.0034399617236459015,6670,0.5450682356786795,0.4549317643213206,9
learned_leaf,development,0.03,0.03,1,7735,7726,-0.001769475343919421,3778,0.48899818793683664,0.5110018120631633,9
learned_leaf,development,0.03,0.03,2,7735,7726,-0.0031958739064662407,3778,0.48899818793683664,0.5110018120631633,9
learned_leaf,evaluation,0.02,0.025,1,6944,6930,-0.0015918276390496395,3710,0.5353535353535354,0.46464646464646464,14
learned_leaf,evaluation,0.02,0.025,2,6944,6930,-0.003029340682301707,3710,0.5353535353535354,0.46464646464646464,14
learned_leaf,evaluation,0.03,0.03,1,4372,4360,-0.0012269036365439023,2088,0.47889908256880737,0.5211009174311927,12
learned_leaf,evaluation,0.03,0.03,2,4372,4360,-0.0026691643389153857,2088,0.47889908256880737,0.5211009174311927,12
learned_leaf,selection,0.02,0.025,1,6087,6076,-0.0019330337616639552,3299,0.542955892034233,0.45704410796576694,11
learned_leaf,selection,0.02,0.025,2,6087,6076,-0.0034236928499750607,3299,0.542955892034233,0.45704410796576694,11
learned_leaf,selection,0.03,0.03,1,3704,3689,-0.0016517550155363736,1795,0.48658172946597994,0.51341827053402,15
learned_leaf,selection,0.03,0.03,2,3704,3689,-0.0031504188611913083,1795,0.48658172946597994,0.51341827053402,15
legacy_zone,development,0.02,0.025,1,4690,4685,-0.00286781183678381,2629,0.5611526147278548,0.4388473852721451,5
legacy_zone,development,0.02,0.025,2,4690,4685,-0.004322045586813829,2629,0.5611526147278548,0.4388473852721451,5
legacy_zone,development,0.03,0.03,1,3392,3387,-0.0029761131781468465,1710,0.5048715677590788,0.4951284322409212,5
legacy_zone,development,0.03,0.03,2,3392,3387,-0.0044580315378504555,1710,0.5048715677590788,0.4951284322409212,5
legacy_zone,evaluation,0.02,0.025,1,2274,2274,-0.004065524143252277,1340,0.5892700087950747,0.41072999120492526,0
legacy_zone,evaluation,0.02,0.025,2,2274,2274,-0.00550341753970655,1340,0.5892700087950747,0.41072999120492526,0
legacy_zone,evaluation,0.03,0.03,1,1634,1629,-0.0038141424592658822,849,0.5211786372007366,0.47882136279926335,5
legacy_zone,evaluation,0.03,0.03,2,1634,1629,-0.005250471038394838,849,0.5211786372007366,0.47882136279926335,5
legacy_zone,selection,0.02,0.025,1,2362,2357,-0.003796946561248217,1370,0.5812473483241408,0.4187526516758591,5
legacy_zone,selection,0.02,0.025,2,2362,2357,-0.005237952688587193,1370,0.5812473483241408,0.4187526516758591,5
legacy_zone,selection,0.03,0.03,1,1762,1757,-0.0035169926546842634,901,0.5128059191804212,0.4871940808195788,5
legacy_zone,selection,0.03,0.03,2,1762,1757,-0.004967350192683907,901,0.5128059191804212,0.4871940808195788,5
shock_reversal,development,0.02,0.025,1,2329,2327,-0.002707855700777115,1307,0.5616673828964331,0.4383326171035668,2
shock_reversal,development,0.02,0.025,2,2329,2327,-0.004048475775804067,1307,0.5616673828964331,0.4383326171035668,2
shock_reversal,development,0.03,0.03,1,2016,2013,-0.003392031968728087,1038,0.5156482861400894,0.4843517138599106,3
shock_reversal,development,0.03,0.03,2,2016,2013,-0.004754312956190916,1038,0.5156482861400894,0.4843517138599106,3
shock_reversal,evaluation,0.02,0.025,1,1011,1004,-0.002775380532491942,567,0.5647410358565738,0.4352589641434263,7
shock_reversal,evaluation,0.02,0.025,2,1011,1004,-0.004063240889484058,567,0.5647410358565738,0.4352589641434263,7
shock_reversal,evaluation,0.03,0.03,1,908,897,-0.0029875554293064604,458,0.5105908584169454,0.48940914158305465,11
shock_reversal,evaluation,0.03,0.03,2,908,897,-0.004283473890470749,458,0.5105908584169454,0.48940914158305465,11
shock_reversal,selection,0.02,0.025,1,1056,1055,-0.0028207510206956234,596,0.5649289099526066,0.43507109004739336,1
shock_reversal,selection,0.02,0.025,2,1056,1055,-0.004106281037525255,596,0.5649289099526066,0.43507109004739336,1
shock_reversal,selection,0.03,0.03,1,946,943,-0.003033882380946612,481,0.5100742311770944,0.4899257688229056,3
shock_reversal,selection,0.03,0.03,2,946,943,-0.004328492092134475,481,0.5100742311770944,0.4899257688229056,3
trend_pullback,development,0.02,0.025,1,1472,1472,-0.003000309166478668,837,0.5686141304347826,0.4313858695652174,0
trend_pullback,development,0.02,0.025,2,1472,1472,-0.004301144300706882,837,0.5686141304347826,0.4313858695652174,0
trend_pullback,development,0.03,0.03,1,1314,1314,-0.003658386611061081,684,0.5205479452054794,0.4794520547945205,0
trend_pullback,development,0.03,0.03,2,1314,1314,-0.004965321161573006,684,0.5205479452054794,0.4794520547945205,0
trend_pullback,evaluation,0.02,0.025,1,730,729,-0.0014047050065479686,388,0.532235939643347,0.46776406035665297,1
trend_pullback,evaluation,0.02,0.025,2,730,729,-0.002762531970724254,388,0.532235939643347,0.46776406035665297,1
trend_pullback,evaluation,0.03,0.03,1,644,638,-0.0008219586545857807,301,0.4717868338557994,0.5282131661442007,6
trend_pullback,evaluation,0.03,0.03,2,644,638,-0.0021817056273712547,301,0.4717868338557994,0.5282131661442007,6
trend_pullback,selection,0.02,0.025,1,833,833,-0.004525418355356251,500,0.6002400960384153,0.3997599039615846,0
trend_pullback,selection,0.02,0.025,2,833,833,-0.005867723360271043,500,0.6002400960384153,0.3997599039615846,0
trend_pullback,selection,0.03,0.03,1,739,735,-0.005259642860068568,400,0.54421768707483,0.4557823129251701,4
trend_pullback,selection,0.03,0.03,2,739,735,-0.00661824937141789,400,0.54421768707483,0.4557823129251701,4
