entry,symbol,tf,side,reason,arm,partition,stress
2023-09-15 12:00:00+00:00,BTCUSDT,60,-1,token_busy,quote_brackets,historical,1
2023-11-01 13:00:00+00:00,BTCUSDT,60,1,token_busy,quote_brackets,historical,1
2024-07-13 23:00:00+00:00,ETHUSDT,60,1,token_busy,quote_brackets,historical,1
2024-10-20 14:00:00+00:00,ETHUSDT,60,1,token_busy,quote_brackets,historical,1
2023-09-15 12:00:00+00:00,BTCUSDT,60,-1,token_busy,quote_brackets,historical,2
2023-11-01 13:00:00+00:00,BTCUSDT,60,1,token_busy,quote_brackets,historical,2
2024-07-13 23:00:00+00:00,ETHUSDT,60,1,token_busy,quote_brackets,historical,2
2024-10-20 14:00:00+00:00,ETHUSDT,60,1,token_busy,quote_brackets,historical,2
2023-09-15 12:00:00+00:00,BTCUSDT,60,-1,token_busy,fill_brackets,historical,1
2023-11-01 13:00:00+00:00,BTCUSDT,60,1,token_busy,fill_brackets,historical,1
2024-07-13 23:00:00+00:00,ETHUSDT,60,1,token_busy,fill_brackets,historical,1
2024-10-20 14:00:00+00:00,ETHUSDT,60,1,token_busy,fill_brackets,historical,1
2023-09-15 12:00:00+00:00,BTCUSDT,60,-1,token_busy,fill_brackets,historical,2
2023-11-01 13:00:00+00:00,BTCUSDT,60,1,token_busy,fill_brackets,historical,2
2024-07-13 23:00:00+00:00,ETHUSDT,60,1,token_busy,fill_brackets,historical,2
2024-10-20 14:00:00+00:00,ETHUSDT,60,1,token_busy,fill_brackets,historical,2
