id,symbol,tf,side,family,stop,target,counts_ok,annual_means_ok,pf_ok,beats_clock_control,eligible,min_annual_stress_R,total_closed
compression_expansion:BTCUSDT:15:-1:0.02:0.025,BTCUSDT,15,-1,compression_expansion,0.02,0.025,False,False,False,True,False,-0.44953496471516985,47
compression_expansion:BTCUSDT:15:-1:0.03:0.03,BTCUSDT,15,-1,compression_expansion,0.03,0.03,False,False,False,True,False,-0.25966520120339903,44
compression_expansion:BTCUSDT:15:1:0.02:0.025,BTCUSDT,15,1,compression_expansion,0.02,0.025,False,False,False,True,False,-0.495574180461623,54
compression_expansion:BTCUSDT:15:1:0.03:0.03,BTCUSDT,15,1,compression_expansion,0.03,0.03,False,False,False,False,False,-0.28346637927760493,48
compression_expansion:BTCUSDT:5:-1:0.02:0.025,BTCUSDT,5,-1,compression_expansion,0.02,0.025,True,False,False,True,False,-0.20165395329999747,132
compression_expansion:BTCUSDT:5:-1:0.03:0.03,BTCUSDT,5,-1,compression_expansion,0.03,0.03,True,False,False,False,False,-0.21441119348376744,113
compression_expansion:BTCUSDT:5:1:0.02:0.025,BTCUSDT,5,1,compression_expansion,0.02,0.025,True,False,False,False,False,-0.3261862822526925,155
compression_expansion:BTCUSDT:5:1:0.03:0.03,BTCUSDT,5,1,compression_expansion,0.03,0.03,True,False,False,True,False,-0.3087010929120165,131
compression_expansion:BTCUSDT:60:-1:0.02:0.025,BTCUSDT,60,-1,compression_expansion,0.02,0.025,False,False,True,True,False,-0.01956136971923263,20
compression_expansion:BTCUSDT:60:-1:0.03:0.03,BTCUSDT,60,-1,compression_expansion,0.03,0.03,False,False,True,True,False,-0.09330807014620053,20
compression_expansion:BTCUSDT:60:1:0.02:0.025,BTCUSDT,60,1,compression_expansion,0.02,0.025,False,False,False,True,False,-0.19776989032003725,24
compression_expansion:BTCUSDT:60:1:0.03:0.03,BTCUSDT,60,1,compression_expansion,0.03,0.03,False,False,True,True,False,-0.25246904717421,24
compression_expansion:ETHUSDT:15:-1:0.02:0.025,ETHUSDT,15,-1,compression_expansion,0.02,0.025,False,False,True,True,False,-0.24035510958075795,37
compression_expansion:ETHUSDT:15:-1:0.03:0.03,ETHUSDT,15,-1,compression_expansion,0.03,0.03,False,False,False,True,False,-0.2864398324233606,37
compression_expansion:ETHUSDT:15:1:0.02:0.025,ETHUSDT,15,1,compression_expansion,0.02,0.025,False,False,False,False,False,-0.21662541964083598,57
compression_expansion:ETHUSDT:15:1:0.03:0.03,ETHUSDT,15,1,compression_expansion,0.03,0.03,False,False,False,False,False,-0.15760321347417913,55
compression_expansion:ETHUSDT:5:-1:0.02:0.025,ETHUSDT,5,-1,compression_expansion,0.02,0.025,True,False,False,False,False,-0.27942093187124584,108
compression_expansion:ETHUSDT:5:-1:0.03:0.03,ETHUSDT,5,-1,compression_expansion,0.03,0.03,True,False,False,True,False,-0.3133066945615074,103
compression_expansion:ETHUSDT:5:1:0.02:0.025,ETHUSDT,5,1,compression_expansion,0.02,0.025,True,False,False,True,False,-0.49820248500467973,124
compression_expansion:ETHUSDT:5:1:0.03:0.03,ETHUSDT,5,1,compression_expansion,0.03,0.03,True,False,False,False,False,-0.36505130257521917,113
compression_expansion:ETHUSDT:60:-1:0.02:0.025,ETHUSDT,60,-1,compression_expansion,0.02,0.025,False,False,False,False,False,-0.7588563181413627,20
compression_expansion:ETHUSDT:60:-1:0.03:0.03,ETHUSDT,60,-1,compression_expansion,0.03,0.03,False,False,False,False,False,-0.7570385705699697,20
compression_expansion:ETHUSDT:60:1:0.02:0.025,ETHUSDT,60,1,compression_expansion,0.02,0.025,False,False,True,True,False,-0.19509236386727324,19
compression_expansion:ETHUSDT:60:1:0.03:0.03,ETHUSDT,60,1,compression_expansion,0.03,0.03,False,False,False,True,False,-0.5372706520618374,19
compression_expansion:SOLUSDT:15:-1:0.02:0.025,SOLUSDT,15,-1,compression_expansion,0.02,0.025,False,False,False,True,False,-0.45212749053228074,32
compression_expansion:SOLUSDT:15:-1:0.03:0.03,SOLUSDT,15,-1,compression_expansion,0.03,0.03,False,False,False,False,False,-0.414251519158436,32
compression_expansion:SOLUSDT:15:1:0.02:0.025,SOLUSDT,15,1,compression_expansion,0.02,0.025,False,False,False,False,False,-0.41348593260355015,33
compression_expansion:SOLUSDT:15:1:0.03:0.03,SOLUSDT,15,1,compression_expansion,0.03,0.03,False,False,False,False,False,-0.1717622654903239,33
compression_expansion:SOLUSDT:5:-1:0.02:0.025,SOLUSDT,5,-1,compression_expansion,0.02,0.025,True,False,False,True,False,-0.2756606576096714,90
compression_expansion:SOLUSDT:5:-1:0.03:0.03,SOLUSDT,5,-1,compression_expansion,0.03,0.03,True,False,True,True,False,-0.296709126965663,86
compression_expansion:SOLUSDT:5:1:0.02:0.025,SOLUSDT,5,1,compression_expansion,0.02,0.025,True,False,False,True,False,-0.45551118124893497,90
compression_expansion:SOLUSDT:5:1:0.03:0.03,SOLUSDT,5,1,compression_expansion,0.03,0.03,True,False,False,True,False,-0.2725590341180306,87
compression_expansion:SOLUSDT:60:-1:0.02:0.025,SOLUSDT,60,-1,compression_expansion,0.02,0.025,False,False,False,True,False,-1.2575635853087823,11
compression_expansion:SOLUSDT:60:-1:0.03:0.03,SOLUSDT,60,-1,compression_expansion,0.03,0.03,False,False,True,True,False,-1.168248044345063,11
compression_expansion:SOLUSDT:60:1:0.02:0.025,SOLUSDT,60,1,compression_expansion,0.02,0.025,False,True,False,True,False,0.08504564058107592,15
compression_expansion:SOLUSDT:60:1:0.03:0.03,SOLUSDT,60,1,compression_expansion,0.03,0.03,False,True,False,True,False,0.019319101196552297,15
funding_squeeze:BTCUSDT:15:-1:0.02:0.025,BTCUSDT,15,-1,funding_squeeze,0.02,0.025,True,False,False,False,False,-0.4372553696509719,208
funding_squeeze:BTCUSDT:15:-1:0.03:0.03,BTCUSDT,15,-1,funding_squeeze,0.03,0.03,True,False,False,False,False,-0.231457821797396,184
funding_squeeze:BTCUSDT:15:1:0.02:0.025,BTCUSDT,15,1,funding_squeeze,0.02,0.025,False,False,False,False,False,-0.4000785116600187,27
funding_squeeze:BTCUSDT:15:1:0.03:0.03,BTCUSDT,15,1,funding_squeeze,0.03,0.03,False,False,False,False,False,-1.098110391527679,25
funding_squeeze:BTCUSDT:5:-1:0.02:0.025,BTCUSDT,5,-1,funding_squeeze,0.02,0.025,True,False,False,False,False,-0.49590910631723967,225
funding_squeeze:BTCUSDT:5:-1:0.03:0.03,BTCUSDT,5,-1,funding_squeeze,0.03,0.03,True,False,False,False,False,-0.32335568835139583,192
funding_squeeze:BTCUSDT:5:1:0.02:0.025,BTCUSDT,5,1,funding_squeeze,0.02,0.025,False,False,False,True,False,-0.025259191370961352,29
funding_squeeze:BTCUSDT:5:1:0.03:0.03,BTCUSDT,5,1,funding_squeeze,0.03,0.03,False,False,False,False,False,-0.10177771199442948,28
funding_squeeze:BTCUSDT:60:-1:0.02:0.025,BTCUSDT,60,-1,funding_squeeze,0.02,0.025,True,False,False,False,False,-0.32074570692344234,197
funding_squeeze:BTCUSDT:60:-1:0.03:0.03,BTCUSDT,60,-1,funding_squeeze,0.03,0.03,True,False,False,True,False,-0.11961671502196193,167
funding_squeeze:BTCUSDT:60:1:0.02:0.025,BTCUSDT,60,1,funding_squeeze,0.02,0.025,False,False,False,True,False,-0.11961373360381744,28
funding_squeeze:BTCUSDT:60:1:0.03:0.03,BTCUSDT,60,1,funding_squeeze,0.03,0.03,False,False,False,False,False,-1.0965938273753497,26
funding_squeeze:ETHUSDT:15:-1:0.02:0.025,ETHUSDT,15,-1,funding_squeeze,0.02,0.025,True,False,False,True,False,-0.19443302784134872,236
funding_squeeze:ETHUSDT:15:-1:0.03:0.03,ETHUSDT,15,-1,funding_squeeze,0.03,0.03,True,False,False,True,False,-0.04741129789244064,199
funding_squeeze:ETHUSDT:15:1:0.02:0.025,ETHUSDT,15,1,funding_squeeze,0.02,0.025,False,False,False,False,False,-0.09188511918264496,18
funding_squeeze:ETHUSDT:15:1:0.03:0.03,ETHUSDT,15,1,funding_squeeze,0.03,0.03,False,False,False,False,False,-0.42727418860680183,17
funding_squeeze:ETHUSDT:5:-1:0.02:0.025,ETHUSDT,5,-1,funding_squeeze,0.02,0.025,True,False,False,True,False,-0.3034118145110154,254
funding_squeeze:ETHUSDT:5:-1:0.03:0.03,ETHUSDT,5,-1,funding_squeeze,0.03,0.03,True,False,False,True,False,-0.1722068658055305,216
funding_squeeze:ETHUSDT:5:1:0.02:0.025,ETHUSDT,5,1,funding_squeeze,0.02,0.025,False,False,False,False,False,-0.021665629983136446,21
funding_squeeze:ETHUSDT:5:1:0.03:0.03,ETHUSDT,5,1,funding_squeeze,0.03,0.03,False,False,False,False,False,-0.09663259892150323,21
funding_squeeze:ETHUSDT:60:-1:0.02:0.025,ETHUSDT,60,-1,funding_squeeze,0.02,0.025,True,False,False,True,False,-0.11694762667977629,229
funding_squeeze:ETHUSDT:60:-1:0.03:0.03,ETHUSDT,60,-1,funding_squeeze,0.03,0.03,True,False,False,True,False,-0.06084887511928392,187
funding_squeeze:ETHUSDT:60:1:0.02:0.025,ETHUSDT,60,1,funding_squeeze,0.02,0.025,False,False,False,False,False,-1.1522982517482463,18
funding_squeeze:ETHUSDT:60:1:0.03:0.03,ETHUSDT,60,1,funding_squeeze,0.03,0.03,False,False,False,True,False,-0.02308301238827907,17
funding_squeeze:SOLUSDT:15:-1:0.02:0.025,SOLUSDT,15,-1,funding_squeeze,0.02,0.025,True,False,False,False,False,-0.46022437870017957,251
funding_squeeze:SOLUSDT:15:-1:0.03:0.03,SOLUSDT,15,-1,funding_squeeze,0.03,0.03,True,False,False,False,False,-0.4470662341491709,212
funding_squeeze:SOLUSDT:15:1:0.02:0.025,SOLUSDT,15,1,funding_squeeze,0.02,0.025,False,False,True,True,False,-0.04243054173354699,37
funding_squeeze:SOLUSDT:15:1:0.03:0.03,SOLUSDT,15,1,funding_squeeze,0.03,0.03,False,False,False,True,False,-0.24511351000587264,37
funding_squeeze:SOLUSDT:5:-1:0.02:0.025,SOLUSDT,5,-1,funding_squeeze,0.02,0.025,True,False,False,False,False,-0.3987932360681335,257
funding_squeeze:SOLUSDT:5:-1:0.03:0.03,SOLUSDT,5,-1,funding_squeeze,0.03,0.03,True,False,False,False,False,-0.3880280636442706,226
funding_squeeze:SOLUSDT:5:1:0.02:0.025,SOLUSDT,5,1,funding_squeeze,0.02,0.025,False,False,False,True,False,-0.1940868460721909,46
funding_squeeze:SOLUSDT:5:1:0.03:0.03,SOLUSDT,5,1,funding_squeeze,0.03,0.03,False,False,False,True,False,-0.10996600194808552,45
funding_squeeze:SOLUSDT:60:-1:0.02:0.025,SOLUSDT,60,-1,funding_squeeze,0.02,0.025,True,False,False,False,False,-0.5783528726730255,235
funding_squeeze:SOLUSDT:60:-1:0.03:0.03,SOLUSDT,60,-1,funding_squeeze,0.03,0.03,True,False,False,False,False,-0.3509212682218763,205
funding_squeeze:SOLUSDT:60:1:0.02:0.025,SOLUSDT,60,1,funding_squeeze,0.02,0.025,False,False,False,True,False,-0.38975831963923113,35
funding_squeeze:SOLUSDT:60:1:0.03:0.03,SOLUSDT,60,1,funding_squeeze,0.03,0.03,False,False,False,True,False,-0.5465282840234216,34
learned_leaf:BTCUSDT:15:-1:0.02:0.025,BTCUSDT,15,-1,learned_leaf,0.02,0.025,True,False,False,True,False,-0.20866693143080126,1111
learned_leaf:BTCUSDT:15:-1:0.03:0.03,BTCUSDT,15,-1,learned_leaf,0.03,0.03,True,False,False,True,False,-0.17548004455984537,692
learned_leaf:BTCUSDT:15:1:0.02:0.025,BTCUSDT,15,1,learned_leaf,0.02,0.025,True,False,False,False,False,-0.22041680870209912,372
learned_leaf:BTCUSDT:15:1:0.03:0.03,BTCUSDT,15,1,learned_leaf,0.03,0.03,True,False,False,False,False,-0.21271326977303567,269
learned_leaf:BTCUSDT:5:-1:0.02:0.025,BTCUSDT,5,-1,learned_leaf,0.02,0.025,True,False,False,True,False,-0.23036509438894223,1147
learned_leaf:BTCUSDT:5:-1:0.03:0.03,BTCUSDT,5,-1,learned_leaf,0.03,0.03,True,False,False,True,False,-0.1795142476539593,690
learned_leaf:BTCUSDT:5:1:0.02:0.025,BTCUSDT,5,1,learned_leaf,0.02,0.025,True,False,False,False,False,-0.24295007889384557,377
learned_leaf:BTCUSDT:5:1:0.03:0.03,BTCUSDT,5,1,learned_leaf,0.03,0.03,True,False,False,False,False,-0.1725279370873229,267
learned_leaf:BTCUSDT:60:-1:0.02:0.025,BTCUSDT,60,-1,learned_leaf,0.02,0.025,True,False,False,True,False,-0.2440988728061865,1000
learned_leaf:BTCUSDT:60:-1:0.03:0.03,BTCUSDT,60,-1,learned_leaf,0.03,0.03,True,False,False,True,False,-0.2188468881103919,636
learned_leaf:BTCUSDT:60:1:0.02:0.025,BTCUSDT,60,1,learned_leaf,0.02,0.025,True,False,False,False,False,-0.23228203999163774,332
learned_leaf:BTCUSDT:60:1:0.03:0.03,BTCUSDT,60,1,learned_leaf,0.03,0.03,True,False,False,False,False,-0.21134574314430618,249
learned_leaf:ETHUSDT:15:-1:0.02:0.025,ETHUSDT,15,-1,learned_leaf,0.02,0.025,True,False,False,True,False,-0.23836600191177879,1479
learned_leaf:ETHUSDT:15:-1:0.03:0.03,ETHUSDT,15,-1,learned_leaf,0.03,0.03,True,False,False,True,False,-0.1971397975627958,882
learned_leaf:ETHUSDT:15:1:0.02:0.025,ETHUSDT,15,1,learned_leaf,0.02,0.025,True,False,False,True,False,-0.20367206264125287,454
learned_leaf:ETHUSDT:15:1:0.03:0.03,ETHUSDT,15,1,learned_leaf,0.03,0.03,True,False,False,True,False,-0.12592718285748006,313
learned_leaf:ETHUSDT:5:-1:0.02:0.025,ETHUSDT,5,-1,learned_leaf,0.02,0.025,True,False,False,True,False,-0.2295997495369879,1565
learned_leaf:ETHUSDT:5:-1:0.03:0.03,ETHUSDT,5,-1,learned_leaf,0.03,0.03,True,False,False,True,False,-0.16263793441276264,919
learned_leaf:ETHUSDT:5:1:0.02:0.025,ETHUSDT,5,1,learned_leaf,0.02,0.025,True,False,False,True,False,-0.17377677564583457,468
learned_leaf:ETHUSDT:5:1:0.03:0.03,ETHUSDT,5,1,learned_leaf,0.03,0.03,True,False,False,True,False,-0.16188396596677837,288
learned_leaf:ETHUSDT:60:-1:0.02:0.025,ETHUSDT,60,-1,learned_leaf,0.02,0.025,True,False,False,True,False,-0.23445685270090996,1278
learned_leaf:ETHUSDT:60:-1:0.03:0.03,ETHUSDT,60,-1,learned_leaf,0.03,0.03,True,False,False,True,False,-0.19785236324595673,823
learned_leaf:ETHUSDT:60:1:0.02:0.025,ETHUSDT,60,1,learned_leaf,0.02,0.025,True,False,False,True,False,-0.11984643571883875,406
learned_leaf:ETHUSDT:60:1:0.03:0.03,ETHUSDT,60,1,learned_leaf,0.03,0.03,True,False,False,True,False,-0.11748631043680663,268
learned_leaf:SOLUSDT:15:-1:0.02:0.025,SOLUSDT,15,-1,learned_leaf,0.02,0.025,True,False,False,True,False,-0.2824854548222963,2212
learned_leaf:SOLUSDT:15:-1:0.03:0.03,SOLUSDT,15,-1,learned_leaf,0.03,0.03,True,False,False,True,False,-0.1915228183515542,1290
learned_leaf:SOLUSDT:15:1:0.02:0.025,SOLUSDT,15,1,learned_leaf,0.02,0.025,True,False,False,False,False,-0.35826995314733306,709
learned_leaf:SOLUSDT:15:1:0.03:0.03,SOLUSDT,15,1,learned_leaf,0.03,0.03,True,False,False,True,False,-0.2655084867509875,437
learned_leaf:SOLUSDT:5:-1:0.02:0.025,SOLUSDT,5,-1,learned_leaf,0.02,0.025,True,False,False,True,False,-0.2773438772650804,2297
learned_leaf:SOLUSDT:5:-1:0.03:0.03,SOLUSDT,5,-1,learned_leaf,0.03,0.03,True,False,False,True,False,-0.19629120877502101,1387
learned_leaf:SOLUSDT:5:1:0.02:0.025,SOLUSDT,5,1,learned_leaf,0.02,0.025,True,False,False,False,False,-0.3221250487546407,707
learned_leaf:SOLUSDT:5:1:0.03:0.03,SOLUSDT,5,1,learned_leaf,0.03,0.03,True,False,False,True,False,-0.25026171796068364,448
learned_leaf:SOLUSDT:60:-1:0.02:0.025,SOLUSDT,60,-1,learned_leaf,0.02,0.025,True,False,False,True,False,-0.26957394344841534,1827
learned_leaf:SOLUSDT:60:-1:0.03:0.03,SOLUSDT,60,-1,learned_leaf,0.03,0.03,True,False,False,True,False,-0.18852664636343763,1167
learned_leaf:SOLUSDT:60:1:0.02:0.025,SOLUSDT,60,1,learned_leaf,0.02,0.025,True,False,False,True,False,-0.33465253931803585,572
learned_leaf:SOLUSDT:60:1:0.03:0.03,SOLUSDT,60,1,learned_leaf,0.03,0.03,True,False,False,True,False,-0.21094675782165548,390
shock_reversal:BTCUSDT:15:-1:0.02:0.025,BTCUSDT,15,-1,shock_reversal,0.02,0.025,True,False,False,False,False,-0.2657466016783023,139
shock_reversal:BTCUSDT:15:-1:0.03:0.03,BTCUSDT,15,-1,shock_reversal,0.03,0.03,True,False,False,False,False,-0.2803564702597336,126
shock_reversal:BTCUSDT:15:1:0.02:0.025,BTCUSDT,15,1,shock_reversal,0.02,0.025,True,False,False,True,False,-0.5825653188298777,149
shock_reversal:BTCUSDT:15:1:0.03:0.03,BTCUSDT,15,1,shock_reversal,0.03,0.03,True,False,False,False,False,-0.36842429499507034,127
shock_reversal:BTCUSDT:5:-1:0.02:0.025,BTCUSDT,5,-1,shock_reversal,0.02,0.025,True,False,False,False,False,-0.24705182743903942,381
shock_reversal:BTCUSDT:5:-1:0.03:0.03,BTCUSDT,5,-1,shock_reversal,0.03,0.03,True,False,False,False,False,-0.25170720909677097,295
shock_reversal:BTCUSDT:5:1:0.02:0.025,BTCUSDT,5,1,shock_reversal,0.02,0.025,True,False,False,True,False,-0.16694762393813775,378
shock_reversal:BTCUSDT:5:1:0.03:0.03,BTCUSDT,5,1,shock_reversal,0.03,0.03,True,False,False,True,False,-0.12242219813348668,303
shock_reversal:BTCUSDT:60:-1:0.02:0.025,BTCUSDT,60,-1,shock_reversal,0.02,0.025,False,False,False,True,False,-0.2938127289796783,43
shock_reversal:BTCUSDT:60:-1:0.03:0.03,BTCUSDT,60,-1,shock_reversal,0.03,0.03,False,False,False,True,False,-0.2061779702546761,43
shock_reversal:BTCUSDT:60:1:0.02:0.025,BTCUSDT,60,1,shock_reversal,0.02,0.025,False,False,False,True,False,-0.22620082028691332,38
shock_reversal:BTCUSDT:60:1:0.03:0.03,BTCUSDT,60,1,shock_reversal,0.03,0.03,False,False,False,True,False,-0.3133215587804824,37
shock_reversal:ETHUSDT:15:-1:0.02:0.025,ETHUSDT,15,-1,shock_reversal,0.02,0.025,True,False,False,False,False,-0.3110333192468483,159
shock_reversal:ETHUSDT:15:-1:0.03:0.03,ETHUSDT,15,-1,shock_reversal,0.03,0.03,True,False,False,False,False,-0.2669767585884517,145
shock_reversal:ETHUSDT:15:1:0.02:0.025,ETHUSDT,15,1,shock_reversal,0.02,0.025,True,False,False,True,False,-0.33600026417602086,127
shock_reversal:ETHUSDT:15:1:0.03:0.03,ETHUSDT,15,1,shock_reversal,0.03,0.03,True,False,False,True,False,-0.326039090647549,121
shock_reversal:ETHUSDT:5:-1:0.02:0.025,ETHUSDT,5,-1,shock_reversal,0.02,0.025,True,False,False,False,False,-0.18927435920949356,385
shock_reversal:ETHUSDT:5:-1:0.03:0.03,ETHUSDT,5,-1,shock_reversal,0.03,0.03,True,False,False,False,False,-0.15398170426358676,327
shock_reversal:ETHUSDT:5:1:0.02:0.025,ETHUSDT,5,1,shock_reversal,0.02,0.025,True,False,False,True,False,-0.19576973072584336,396
shock_reversal:ETHUSDT:5:1:0.03:0.03,ETHUSDT,5,1,shock_reversal,0.03,0.03,True,False,False,True,False,-0.17067745953799704,334
shock_reversal:ETHUSDT:60:-1:0.02:0.025,ETHUSDT,60,-1,shock_reversal,0.02,0.025,False,False,False,False,False,-0.3064937008423305,45
shock_reversal:ETHUSDT:60:-1:0.03:0.03,ETHUSDT,60,-1,shock_reversal,0.03,0.03,False,False,False,False,False,-0.344903326949677,44
shock_reversal:ETHUSDT:60:1:0.02:0.025,ETHUSDT,60,1,shock_reversal,0.02,0.025,False,False,False,True,False,-0.17654225746765742,45
shock_reversal:ETHUSDT:60:1:0.03:0.03,ETHUSDT,60,1,shock_reversal,0.03,0.03,False,False,False,True,False,-0.31747532787800303,42
shock_reversal:SOLUSDT:15:-1:0.02:0.025,SOLUSDT,15,-1,shock_reversal,0.02,0.025,True,False,False,False,False,-0.2711401634744956,119
shock_reversal:SOLUSDT:15:-1:0.03:0.03,SOLUSDT,15,-1,shock_reversal,0.03,0.03,True,False,False,False,False,-0.2199253232372059,115
shock_reversal:SOLUSDT:15:1:0.02:0.025,SOLUSDT,15,1,shock_reversal,0.02,0.025,True,False,False,False,False,-0.5188676494858294,117
shock_reversal:SOLUSDT:15:1:0.03:0.03,SOLUSDT,15,1,shock_reversal,0.03,0.03,True,False,False,True,False,-0.32988172590499454,113
shock_reversal:SOLUSDT:5:-1:0.02:0.025,SOLUSDT,5,-1,shock_reversal,0.02,0.025,True,False,False,False,False,-0.4031544716108294,403
shock_reversal:SOLUSDT:5:-1:0.03:0.03,SOLUSDT,5,-1,shock_reversal,0.03,0.03,True,False,False,False,False,-0.22493048260659942,363
shock_reversal:SOLUSDT:5:1:0.02:0.025,SOLUSDT,5,1,shock_reversal,0.02,0.025,True,False,False,False,False,-0.3991023041670657,401
shock_reversal:SOLUSDT:5:1:0.03:0.03,SOLUSDT,5,1,shock_reversal,0.03,0.03,True,False,False,False,False,-0.35787758686688564,364
shock_reversal:SOLUSDT:60:-1:0.02:0.025,SOLUSDT,60,-1,shock_reversal,0.02,0.025,False,False,False,False,False,-0.6932779639263645,33
shock_reversal:SOLUSDT:60:-1:0.03:0.03,SOLUSDT,60,-1,shock_reversal,0.03,0.03,False,False,False,False,False,-0.4525793200116571,33
shock_reversal:SOLUSDT:60:1:0.02:0.025,SOLUSDT,60,1,shock_reversal,0.02,0.025,False,False,False,True,False,-0.6914111901933003,24
shock_reversal:SOLUSDT:60:1:0.03:0.03,SOLUSDT,60,1,shock_reversal,0.03,0.03,False,False,False,False,False,-0.668121567487898,24
trend_pullback:BTCUSDT:15:-1:0.02:0.025,BTCUSDT,15,-1,trend_pullback,0.02,0.025,True,False,False,True,False,-0.610321899168658,129
trend_pullback:BTCUSDT:15:-1:0.03:0.03,BTCUSDT,15,-1,trend_pullback,0.03,0.03,True,False,False,True,False,-0.42449119387584733,112
trend_pullback:BTCUSDT:15:1:0.02:0.025,BTCUSDT,15,1,trend_pullback,0.02,0.025,True,False,False,False,False,-0.5050220048410203,138
trend_pullback:BTCUSDT:15:1:0.03:0.03,BTCUSDT,15,1,trend_pullback,0.03,0.03,True,False,False,False,False,-0.32553811557824214,119
trend_pullback:BTCUSDT:5:-1:0.02:0.025,BTCUSDT,5,-1,trend_pullback,0.02,0.025,True,False,False,True,False,-0.48325897300483855,140
trend_pullback:BTCUSDT:5:-1:0.03:0.03,BTCUSDT,5,-1,trend_pullback,0.03,0.03,True,False,False,False,False,-0.23801132596199603,118
trend_pullback:BTCUSDT:5:1:0.02:0.025,BTCUSDT,5,1,trend_pullback,0.02,0.025,True,False,False,False,False,-0.4294653986384883,159
trend_pullback:BTCUSDT:5:1:0.03:0.03,BTCUSDT,5,1,trend_pullback,0.03,0.03,True,False,False,False,False,-0.3012516300767678,134
trend_pullback:BTCUSDT:60:-1:0.02:0.025,BTCUSDT,60,-1,trend_pullback,0.02,0.025,True,False,False,True,False,-0.39142355029879483,113
trend_pullback:BTCUSDT:60:-1:0.03:0.03,BTCUSDT,60,-1,trend_pullback,0.03,0.03,True,False,False,True,False,-0.19834328238638166,103
trend_pullback:BTCUSDT:60:1:0.02:0.025,BTCUSDT,60,1,trend_pullback,0.02,0.025,True,False,False,False,False,-0.34716319411779306,114
trend_pullback:BTCUSDT:60:1:0.03:0.03,BTCUSDT,60,1,trend_pullback,0.03,0.03,True,False,False,False,False,-0.2331878088815816,100
trend_pullback:ETHUSDT:15:-1:0.02:0.025,ETHUSDT,15,-1,trend_pullback,0.02,0.025,True,False,False,True,False,-0.1633561884201276,134
trend_pullback:ETHUSDT:15:-1:0.03:0.03,ETHUSDT,15,-1,trend_pullback,0.03,0.03,True,False,False,True,False,-0.14879825875979996,125
trend_pullback:ETHUSDT:15:1:0.02:0.025,ETHUSDT,15,1,trend_pullback,0.02,0.025,True,False,False,False,False,-0.2853222869750606,125
trend_pullback:ETHUSDT:15:1:0.03:0.03,ETHUSDT,15,1,trend_pullback,0.03,0.03,True,False,False,False,False,-0.3390187595428701,107
trend_pullback:ETHUSDT:5:-1:0.02:0.025,ETHUSDT,5,-1,trend_pullback,0.02,0.025,True,False,False,False,False,-0.23045174841050362,146
trend_pullback:ETHUSDT:5:-1:0.03:0.03,ETHUSDT,5,-1,trend_pullback,0.03,0.03,True,False,False,False,False,-0.25393655537937576,127
trend_pullback:ETHUSDT:5:1:0.02:0.025,ETHUSDT,5,1,trend_pullback,0.02,0.025,True,False,False,False,False,-0.1952921681505545,146
trend_pullback:ETHUSDT:5:1:0.03:0.03,ETHUSDT,5,1,trend_pullback,0.03,0.03,True,False,False,False,False,-0.19129479240174532,124
trend_pullback:ETHUSDT:60:-1:0.02:0.025,ETHUSDT,60,-1,trend_pullback,0.02,0.025,True,False,False,False,False,-0.4230645149526716,119
trend_pullback:ETHUSDT:60:-1:0.03:0.03,ETHUSDT,60,-1,trend_pullback,0.03,0.03,True,False,False,False,False,-0.30466932033631644,113
trend_pullback:ETHUSDT:60:1:0.02:0.025,ETHUSDT,60,1,trend_pullback,0.02,0.025,True,False,False,False,False,-0.27778845307287536,111
trend_pullback:ETHUSDT:60:1:0.03:0.03,ETHUSDT,60,1,trend_pullback,0.03,0.03,True,False,False,True,False,-0.14808801124602675,96
trend_pullback:SOLUSDT:15:-1:0.02:0.025,SOLUSDT,15,-1,trend_pullback,0.02,0.025,True,False,False,True,False,-0.33933379812646597,119
trend_pullback:SOLUSDT:15:-1:0.03:0.03,SOLUSDT,15,-1,trend_pullback,0.03,0.03,True,False,False,True,False,-0.2358431511908005,111
trend_pullback:SOLUSDT:15:1:0.02:0.025,SOLUSDT,15,1,trend_pullback,0.02,0.025,True,False,False,False,False,-0.5211326733378118,122
trend_pullback:SOLUSDT:15:1:0.03:0.03,SOLUSDT,15,1,trend_pullback,0.03,0.03,True,False,False,False,False,-0.4253237242391939,112
trend_pullback:SOLUSDT:5:-1:0.02:0.025,SOLUSDT,5,-1,trend_pullback,0.02,0.025,True,False,False,False,False,-0.5589524206038046,150
trend_pullback:SOLUSDT:5:-1:0.03:0.03,SOLUSDT,5,-1,trend_pullback,0.03,0.03,True,False,False,True,False,-0.35731463687229337,136
trend_pullback:SOLUSDT:5:1:0.02:0.025,SOLUSDT,5,1,trend_pullback,0.02,0.025,True,False,False,False,False,-0.5697734714542516,141
trend_pullback:SOLUSDT:5:1:0.03:0.03,SOLUSDT,5,1,trend_pullback,0.03,0.03,True,False,False,False,False,-0.41907033881439937,122
trend_pullback:SOLUSDT:60:-1:0.02:0.025,SOLUSDT,60,-1,trend_pullback,0.02,0.025,True,False,False,False,False,-0.4250924438862516,110
trend_pullback:SOLUSDT:60:-1:0.03:0.03,SOLUSDT,60,-1,trend_pullback,0.03,0.03,True,False,False,False,False,-0.19355668639333717,106
trend_pullback:SOLUSDT:60:1:0.02:0.025,SOLUSDT,60,1,trend_pullback,0.02,0.025,True,False,False,False,False,-0.606169050540159,89
trend_pullback:SOLUSDT:60:1:0.03:0.03,SOLUSDT,60,1,trend_pullback,0.03,0.03,True,False,False,False,False,-0.34701228171015913,84
