partition,stress,treatment,comparator,difference_mean_net,treatment_n,comparator_n,difference_mean_R,difference_block_1_low_R,difference_block_1_high_R,difference_block_1_draws,difference_block_4_low_R,difference_block_4_high_R,difference_block_4_draws
evaluation,1,combo_always,combo_none,0.0028199263513864568,15,19,0.14099631756932285,-0.09328047015181798,0.473168710828182,10000,-0.09824895534822979,0.4372802363707539,10000
evaluation,1,combo_directional,combo_none,0.0,19,19,0.0,0.0,0.0,10000,0.0,0.0,10000
evaluation,1,combo_loweff,combo_none,0.0028199263513864568,15,19,0.14099631756932285,-0.09328047015181798,0.473168710828182,10000,-0.09824895534822979,0.4372802363707539,10000
evaluation,1,original_always,original_none,-0.0029933618071717382,22,36,-0.14966809035858683,-0.4525990175331442,0.1377752236989438,10000,-0.5165611892711365,0.15080533048334321,10000
evaluation,1,original_directional,original_none,0.0,36,36,0.0,0.0,0.0,10000,0.0,0.0,10000
evaluation,1,original_loweff,original_none,-0.0029933618071717382,22,36,-0.14966809035858683,-0.4525990175331442,0.1377752236989438,10000,-0.5165611892711365,0.15080533048334321,10000
evaluation,2,combo_always,combo_none,0.002788139904784071,15,19,0.13940699523920347,-0.09781119099381513,0.47174754618537174,10000,-0.10226188224647999,0.4386209602731165,10000
evaluation,2,combo_directional,combo_none,0.0,19,19,0.0,0.0,0.0,10000,0.0,0.0,10000
evaluation,2,combo_loweff,combo_none,0.002788139904784071,15,19,0.13940699523920347,-0.09781119099381513,0.47174754618537174,10000,-0.10226188224647999,0.4386209602731165,10000
evaluation,2,original_always,original_none,-0.00304961287444766,22,36,-0.15248064372238287,-0.45454714052256806,0.13644755653452836,10000,-0.5188074575758245,0.15014324803179496,10000
evaluation,2,original_directional,original_none,0.0,36,36,0.0,0.0,0.0,10000,0.0,0.0,10000
evaluation,2,original_loweff,original_none,-0.00304961287444766,22,36,-0.15248064372238287,-0.45454714052256806,0.13644755653452836,10000,-0.5188074575758245,0.15014324803179496,10000
historical,1,combo_always,combo_none,0.0010819942501631768,38,56,0.05409971250815887,-0.13009232566621365,0.258542494893658,10000,-0.1458513419420572,0.25298740359235655,10000
historical,1,combo_directional,combo_none,-0.0001361876913523229,53,56,-0.00680938456761615,-0.06907515031996792,0.06491107535279328,10000,-0.06496813939818168,0.061584430872979525,10000
historical,1,combo_loweff,combo_none,0.0011788714426310704,41,56,0.058943572131553545,-0.10738342972191096,0.23950361707760237,10000,-0.12859122506520884,0.2393091444584828,10000
historical,1,original_always,original_none,0.000841091633359662,60,97,0.042054581667983065,-0.1422110990377948,0.2224648089748767,10000,-0.1484296075540275,0.22532133291852216,10000
historical,1,original_directional,original_none,0.00019003946444429458,89,97,0.00950197322221473,-0.05908517268783885,0.09219909485917856,10000,-0.059282097369847464,0.08459477919428349,10000
historical,1,original_loweff,original_none,0.0004934115539123153,68,97,0.02467057769561576,-0.1195291550241411,0.16755657699250737,10000,-0.1253983258255224,0.16489038653783367,10000
historical,2,combo_always,combo_none,0.0010656732501797676,38,56,0.05328366250898839,-0.12950737979739402,0.2568810597608554,10000,-0.1464981895948458,0.2512140336357617,10000
historical,2,combo_directional,combo_none,-0.0001287992515408439,53,56,-0.006439962577042213,-0.06775681316169573,0.06476427574676744,10000,-0.0642162426786552,0.061197699423015874,10000
historical,2,combo_loweff,combo_none,0.0011541937521584362,41,56,0.057709687607921833,-0.10822550793372335,0.23715826688476474,10000,-0.12934586148089433,0.23750580893171488,10000
historical,2,original_always,original_none,0.0007969686704177175,60,97,0.039848433520885886,-0.1437706554085193,0.2196379900710591,10000,-0.15081528047727447,0.22301428504312942,10000
historical,2,original_directional,original_none,0.00019172879087179964,89,97,0.00958643954358996,-0.05928184901735415,0.09256544700975959,10000,-0.05928077227747708,0.0850801741439176,10000
historical,2,original_loweff,original_none,0.0004522684976098967,68,97,0.022613424880494774,-0.1214814213976725,0.16472885734221981,10000,-0.12682072839150052,0.16193464104240368,10000
