partition,stop,target,stress,grouping,value,n,n_closed,mean,closed_mean,pf,win_rate,sum_return_units,average_win,average_loss,max_losing_streak,closed_trade_drawdown,mean_gross,mean_fees,mean_funding,median_hours,p95_hours,max_hours,boundary_count,boundary_net,target_count,stop_count,regime_count,ambiguous_count,mean_R,stop_rate,closed_win_rate,mean_quoted,mean_slippage_drag
evaluation,0.01,0.025,1,symbol,BTCUSDT,18,18,-0.0043548564969471916,-0.0043548564969471916,0.5378788738481726,0.2222222222222222,-0.07838741694504944,0.02280946118032373,-0.0121160901190246,9,0.1118075654937579,-0.0032202791384030286,0.001098779274465652,3.579808407851082e-05,11.466666666666667,49.46749999999997,67.13333333333334,0,0.0,4,14,0,0,-0.43548564969471915,0.7777777777777778,0.2222222222222222,-0.0022222222222222487,0.0009980569161807797
evaluation,0.01,0.025,1,symbol,ETHUSDT,8,8,0.0009443077651089347,0.0009443077651089347,1.1238563343730377,0.375,0.007554462120871477,0.022849403572560434,-0.012198749719361966,4,0.04859135502341531,0.0021346263149066846,0.0010945673036027637,9.575124619498687e-05,18.083333333333332,42.16583333333333,44.05,0,0.0,3,5,0,0,0.09443077651089346,0.625,0.375,0.003124999999999975,0.0009903736850932904
evaluation,0.01,0.025,1,symbol,SOLUSDT,11,11,0.0027678064671337,0.0027678064671337,1.3864122163160832,0.45454545454545453,0.0304458711384707,0.021847408493023964,-0.013131861887774854,2,0.02620006820006783,0.003908737090555392,0.0010999446001946,4.098602322709225e-05,4.3,17.408333333333335,21.583333333333332,0,0.0,5,6,0,0,0.27678064671337,0.5454545454545454,0.45454545454545453,0.005909090909090894,0.0020003538185355023
evaluation,0.01,0.025,1,side,-1,10,10,0.005060002178872169,0.005060002178872169,1.8145632244793193,0.5,0.05060002178872169,0.02254384581488008,-0.012423841457135744,2,0.028041921780689046,0.006109407306255854,0.0010966398259815596,-4.723469859787393e-05,3.025,54.3233333333333,67.13333333333334,0,0.0,5,5,0,0,0.5060002178872168,0.5,0.5,0.007499999999999995,0.0013905926937441415
evaluation,0.01,0.025,1,side,1,27,27,-0.0033698927953492203,-0.0033698927953492203,0.632064592205736,0.25925925925925924,-0.09098710547442895,0.022329124118527947,-0.012364548715206229,9,0.16538722902264674,-0.0021846658903129728,0.001098798433760328,8.642847127592014e-05,12.066666666666666,43.269999999999996,46.35,0,0.0,7,20,0,0,-0.336989279534922,0.7407407407407407,0.25925925925925924,-0.0009259259259259556,0.0012587399643870173
evaluation,0.01,0.025,1,entry_year,2025,37,37,-0.001091542802316413,-0.001091542802316413,0.8694707346791518,0.32432432432432434,-0.04038708368570728,0.022418591492008005,-0.012376407263592133,6,0.1315029200402047,5.697551416508853e-05,0.0010982150262525525,5.030329022894877e-05,9.8,44.50999999999999,67.13333333333334,0,0.0,12,25,0,0,-0.1091542802316413,0.6756756756756757,0.32432432432432434,0.0013513513513513284,0.00129437583718624
evaluation,0.01,0.025,2,symbol,BTCUSDT,18,18,-0.00535201482948008,-0.00535201482948008,0.47508829749152237,0.2222222222222222,-0.09633626693064143,0.0217980628094437,-0.013109179869172588,9,0.12672275007048442,-0.0042177842177841445,0.0010984757642257645,3.575484747017154e-05,11.466666666666667,49.46749999999997,67.13333333333334,0,0.0,4,14,0,0,-0.535201482948008,0.7777777777777778,0.2222222222222222,-0.0022222222222222487,0.001995561995561896
evaluation,0.01,0.025,2,symbol,ETHUSDT,8,8,-4.523855660500424e-05,-4.523855660500424e-05,0.9945109935237423,0.375,-0.0003619084528400339,0.021857139147457804,-0.013186665179042689,4,0.052543118582344936,0.0011447542697543278,0.0010942914016351516,9.570142472418097e-05,18.083333333333332,42.16583333333333,44.05,0,0.0,3,5,0,0,-0.004523855660500424,0.625,0.375,0.003124999999999975,0.001980245730245647
evaluation,0.01,0.025,2,symbol,SOLUSDT,11,11,0.0007688993011835558,0.0007688993011835558,1.0932130082185112,0.45454545454545453,0.008457892313019114,0.01983902906990968,-0.015122875506088212,2,0.03020024480097907,0.0019094858197614493,0.0010996413995655982,4.094511901229475e-05,4.3,17.408333333333335,21.583333333333332,0,0.0,5,6,0,0,0.07688993011835558,0.5454545454545454,0.45454545454545453,0.005909090909090894,0.003999605089329445
evaluation,0.01,0.025,2,side,-1,10,10,0.00366647792666027,0.00366647792666027,1.5297646673386913,0.5,0.0366647792666027,0.0211748677538596,-0.013841911900539055,2,0.0360771402984209,0.004716625443078415,0.0010974058560063072,-4.7258339588163166e-05,3.025,54.3233333333333,67.13333333333334,0,0.0,5,5,0,0,0.366647792666027,0.5,0.5,0.007499999999999995,0.002783374556921581
evaluation,0.01,0.025,2,side,1,27,27,-0.004626113419891298,-0.004626113419891298,0.5390779162751186,0.25925925925925924,-0.12490506233706505,0.02086921075148552,-0.013549476879873184,9,0.18820243122070696,-0.003441629339832896,0.0010981071038630918,8.637697619531145e-05,12.066666666666666,43.269999999999996,46.35,0,0.0,7,20,0,0,-0.4626113419891298,0.7407407407407407,0.25925925925925924,-0.0009259259259259556,0.0025157034139069406
evaluation,0.01,0.025,2,entry_year,2025,37,37,-0.002384872515417902,-0.002384872515417902,0.7406216423776006,0.32432432432432434,-0.08824028307046237,0.020996567835808052,-0.01360796388400636,6,0.1564093329145768,-0.0012366956147217309,0.0010979175774153123,5.025932328085885e-05,9.8,44.50999999999999,67.13333333333334,0,0.0,12,25,0,0,-0.2384872515417902,0.6756756756756757,0.32432432432432434,0.0013513513513513284,0.0025880469660730593
evaluation,0.02,0.025,1,symbol,BTCUSDT,17,17,0.004245921713851539,0.004245921713851539,1.4650935320025575,0.5882352941176471,0.07218066913547616,0.02273766978239148,-0.022170861241205517,3,0.0887819731923202,0.005470855926537588,0.0010997055396322673,0.000125228673053781,22.216666666666665,160.27666666666664,202.51666666666668,0,0.0,10,7,0,0,0.21229608569257696,0.4117647058823529,0.5882352941176471,0.006470588235294078,0.0009997323087564893
evaluation,0.02,0.025,1,symbol,ETHUSDT,8,8,0.0059033563596594,0.0059033563596594,1.710362248759336,0.625,0.0472268508772752,0.0227419244221814,-0.02216092374454394,1,0.022386904068147365,0.0071296288136572655,0.0010973145549770763,0.0001289578990207892,24.966666666666665,42.32833333333333,44.3,0,0.0,5,3,0,0,0.29516781798297,0.375,0.625,0.008124999999999952,0.0009953711863426862
evaluation,0.02,0.025,1,symbol,SOLUSDT,11,11,0.005483223405991162,0.005483223405991162,1.6527680274443932,0.6363636363636364,0.060315457465902785,0.02181642645935818,-0.023099881937401118,2,0.046250952746317776,0.006623287986924404,0.001103441607191607,3.662297374163423e-05,7.55,22.733333333333334,22.95,0,0.0,7,4,0,0,0.2741611702995581,0.36363636363636365,0.6363636363636364,0.008636363636363593,0.00201307564943919
evaluation,0.02,0.025,1,side,-1,10,10,0.009134553546647836,0.009134553546647836,2.3375712775446935,0.7,0.09134553546647836,0.02280537478884215,-0.02276402935180556,2,0.046331363580942087,0.010111406303752601,0.001094438726532936,-0.00011758596942817332,6.558333333333334,99.74416666666654,149.71666666666667,0,0.0,7,3,0,0,0.45672767733239183,0.3,0.7,0.0115,0.0013885936962473977
evaluation,0.02,0.025,1,side,1,26,26,0.0033991323850836833,0.0033991323850836833,1.3595703410823892,0.5769230769230769,0.08837744201217576,0.022277578775228936,-0.022344203601478017,2,0.06789962608563482,0.004683987926116906,0.0011025761933593644,0.00018227934767385767,21.891666666666666,131.79583333333332,202.51666666666668,0,0.0,15,11,0,0,0.16995661925418415,0.4230769230769231,0.5769230769230769,0.005961538461538403,0.0012775505354214968
evaluation,0.02,0.025,1,entry_year,2025,36,36,0.004992304929962617,0.004992304929962617,1.572223428502617,0.6111111111111112,0.1797229774786542,0.022445513870469502,-0.02243416626226249,2,0.06767580159887027,0.0061916041421268215,0.0011003157859075785,9.898342625662686e-05,20.358333333333334,147.80416666666667,202.51666666666668,0,0.0,22,14,0,0,0.24961524649813083,0.3888888888888889,0.6111111111111112,0.007499999999999957,0.001308395857873136
evaluation,0.02,0.025,2,symbol,BTCUSDT,17,17,0.003247139756713123,0.003247139756713123,1.3405689514400896,0.5882352941176471,0.055201375864123096,0.021728713156999438,-0.023155107957981612,3,0.09673476970620275,0.004471658001069843,0.0010994116288233935,0.00012510661553332604,22.216666666666665,160.27666666666664,202.51666666666668,0,0.0,10,7,0,0,0.16235698783565616,0.4117647058823529,0.5882352941176471,0.006470588235294078,0.001998930234224235
evaluation,0.02,0.025,2,symbol,ETHUSDT,8,8,0.004908836861824369,0.004908836861824369,1.5657247375875776,0.625,0.03927069489459495,0.02173746148026732,-0.02313887083558054,1,0.02572605059817266,0.006134764259764336,0.001097035907129657,0.00012889149081031005,24.966666666666665,42.32833333333333,44.3,0,0.0,5,3,0,0,0.24544184309121841,0.375,0.625,0.008124999999999952,0.0019902357402356158
evaluation,0.02,0.025,2,symbol,SOLUSDT,11,11,0.003471630832876015,0.003471630832876015,1.3803584558521342,0.6363636363636364,0.03818793916163617,0.01979825831670733,-0.02509996726382879,2,0.05025132227237779,0.0046113257180301044,0.00110313542754171,3.6559457612378946e-05,7.55,22.733333333333334,22.95,0,0.0,7,4,0,0,0.17358154164380074,0.36363636363636365,0.6363636363636364,0.008636363636363593,0.004025037918333489
evaluation,0.02,0.025,2,side,-1,10,10,0.007743070024063314,0.007743070024063314,2.054791269735428,0.7,0.07743070024063314,0.021548464669068963,-0.024469517480949877,2,0.05340476737270933,0.008720621423026298,0.0010952036582173356,-0.00011765225925435094,6.558333333333334,99.74416666666654,149.71666666666667,0,0.0,7,3,0,0,0.3871535012031657,0.3,0.7,0.0115,0.0027793785769737013
evaluation,0.02,0.025,2,side,1,26,26,0.0021242042184508106,0.0021242042184508106,1.2136582551991337,0.5769230769230769,0.055229309679721075,0.020914866300319968,-0.02349942589318895,2,0.08185078149284275,0.003408256490937315,0.0011018745410700155,0.00018217773141648852,21.891666666666666,131.79583333333332,202.51666666666668,0,0.0,15,11,0,0,0.10621021092254053,0.4230769230769231,0.5769230769230769,0.005961538461538403,0.002553281970601088
evaluation,0.02,0.025,2,entry_year,2025,36,36,0.0036850002755653946,0.0036850002755653946,1.3996960400518916,0.6111111111111112,0.1326600099203542,0.02111646578128556,-0.023707302661994865,2,0.07358502541452702,0.004883913416517588,0.001100021518055382,9.889162289681089e-05,20.358333333333334,147.80416666666667,202.51666666666668,0,0.0,22,14,0,0,0.18425001377826972,0.3888888888888889,0.6111111111111112,0.007499999999999957,0.0026160865834823693
evaluation,0.03,0.025,1,symbol,BTCUSDT,17,17,0.0033476837850134103,0.0033476837850134103,1.2948859450436079,0.6470588235294118,0.05691062434522798,0.02271841917401615,-0.03216533109482494,2,0.09406345430260662,0.004588208426463935,0.0010998677897132712,0.00014065685173725268,27.866666666666667,160.27666666666664,202.51666666666668,0,0.0,11,6,0,0,0.11158945950044702,0.35294117647058826,0.6470588235294118,0.0055882352941175936,0.0010000268676536583
evaluation,0.03,0.025,1,symbol,ETHUSDT,8,8,0.002155421908092859,0.002155421908092859,1.1787503487332835,0.625,0.017243375264742872,0.0227419244221814,-0.032155415615388046,1,0.05077592698301026,0.003383376939594271,0.0010952541164463417,0.00013270091505506994,31.2,48.070833333333326,52.3,0,0.0,5,3,0,0,0.07184739693642864,0.375,0.625,0.0043749999999999345,0.0009916230604056636
evaluation,0.03,0.025,1,symbol,SOLUSDT,11,11,0.0018561334762651161,0.0018561334762651161,1.1543299428856928,0.6363636363636364,0.020417468238916277,0.02181642645935818,-0.033074379244147745,2,0.06625101474637984,0.002986917077826198,0.0011034456071956072,2.7337994365475593e-05,9.633333333333333,23.425,23.683333333333334,0,0.0,7,4,0,0,0.061871115875503875,0.36363636363636365,0.6363636363636364,0.004999999999999954,0.002013082922173756
evaluation,0.03,0.025,1,side,-1,10,10,0.00615410557513719,0.00615410557513719,1.6273517733600482,0.7,0.06154105575137189,0.02280537478884215,-0.03269885592350773,2,0.07613584329604858,0.007106401799498441,0.0010960914790102757,-0.00014379525464902268,15.333333333333334,99.74416666666654,149.71666666666667,0,0.0,7,3,0,0,0.205136852504573,0.3,0.7,0.008499999999999997,0.0013935982005015557
evaluation,0.03,0.025,1,side,1,26,26,0.0012704004652890485,0.0012704004652890485,1.1020530665313295,0.6153846153846154,0.03303041209751526,0.022293099669918548,-0.03236591826211816,2,0.10789726764451016,0.0025714857164517244,0.0011014143171440486,0.00019967093401862746,25.725,135.58333333333334,202.51666666666668,0,0.0,16,10,0,0,0.042346682176301616,0.38461538461538464,0.6153846153846154,0.0038461538461537726,0.0012746681297020484
evaluation,0.03,0.025,1,entry_year,2025,36,36,0.002626985218024643,0.002626985218024643,1.2242327881980366,0.6388888888888888,0.09457146784888715,0.02244900948872139,-0.03244275003013113,2,0.10789726764451013,0.0038311846284091455,0.0010999357509957782,0.00010426365938872463,21.933333333333334,147.80416666666667,202.51666666666668,0,0.0,23,13,0,0,0.08756617393415478,0.3611111111111111,0.6388888888888888,0.005138888888888835,0.0013077042604796893
evaluation,0.03,0.025,2,symbol,BTCUSDT,17,17,0.002348623016335675,0.002348623016335675,1.2007736316649873,0.6470588235294118,0.03992659127770648,0.021708210119278187,-0.03314395333905893,2,0.10203502332358833,0.003588715059303347,0.0010995743644420116,0.0001405176785256608,27.866666666666667,160.27666666666664,202.51666666666668,0,0.0,11,6,0,0,0.07828743387785585,0.35294117647058826,0.6470588235294118,0.0055882352941175936,0.001999520234814246
evaluation,0.03,0.025,2,symbol,ETHUSDT,8,8,0.0011646466020418058,0.0011646466020418058,1.0937623044916425,0.625,0.009317172816334447,0.02173746148026732,-0.03312337819500071,1,0.05567957267643316,0.002392256767256795,0.0010949775280087778,0.00013263263720621202,31.2,48.070833333333326,52.3,0,0.0,5,3,0,0,0.03882155340139353,0.375,0.625,0.0043749999999999345,0.0019827432327431393
evaluation,0.03,0.025,2,symbol,SOLUSDT,11,11,-0.00015547561158237337,-0.00015547561158237337,0.9878100098327504,0.6363636363636364,-0.0017102317274061071,0.01979825831670733,-0.03507450998608935,2,0.07025152627319375,0.0009749329906410077,0.0011031434275737102,2.7265174649671055e-05,9.633333333333333,23.425,23.683333333333334,0,0.0,7,4,0,0,-0.005182520386079113,0.36363636363636365,0.6363636363636364,0.004999999999999954,0.004025067009358946
evaluation,0.03,0.025,2,side,-1,10,10,0.004757624005154342,0.004757624005154342,1.4607287627867254,0.7,0.047576240051543414,0.021548464669068963,-0.03442100421064645,2,0.08325922756179906,0.005710603388960145,0.0010968591681360718,-0.00014387978433026788,15.333333333333334,99.74416666666654,149.71666666666667,0,0.0,7,3,0,0,0.15858746683847805,0.3,0.7,0.008499999999999997,0.0027893966110398515
evaluation,0.03,0.025,2,side,1,26,26,-1.6426032657153098e-06,-1.6426032657153098e-06,0.9998726166154683,0.6153846153846154,-4.2707684908598054e-05,0.020951635890429074,-0.03352688819317738,2,0.11375647715513747,0.0012986322751408037,0.0011007142477513275,0.00019956063065519193,25.725,135.58333333333334,202.51666666666668,0,0.0,16,10,0,0,-5.475344219051033e-05,0.38461538461538464,0.6153846153846154,0.0038461538461537726,0.002547521571012969
evaluation,0.03,0.025,2,entry_year,2025,36,36,0.0013203758990731893,0.0013203758990731893,1.1083924178740183,0.6388888888888888,0.047533532366634816,0.021133279431754262,-0.03373322265874716,2,0.1246104787179037,0.0025241798067572874,0.0010996433923026452,0.0001041605153814531,21.933333333333334,147.80416666666667,202.51666666666668,0,0.0,23,13,0,0,0.04401252996910631,0.3611111111111111,0.6388888888888888,0.005138888888888835,0.0026147090821315474
evaluation,0.04,0.025,1,symbol,BTCUSDT,17,17,-0.00017825122299770628,-0.00017825122299770628,0.9880194667829167,0.6470588235294118,-0.0030302707909610066,0.02271841917401615,-0.04215548028418977,2,0.14401983894404286,0.0010611478388164225,0.0010985756125961091,0.00014082344921801778,37.15,160.27666666666664,202.51666666666668,0,0.0,11,6,0,0,-0.004456280574942657,0.35294117647058826,0.6470588235294118,0.002058823529411714,0.0009976756905952918
evaluation,0.04,0.025,1,symbol,ETHUSDT,8,8,0.0065297131472590204,0.0065297131472590204,1.620713462398458,0.75,0.052237705178072164,0.02273253740938827,-0.04207875963912873,1,0.061494809359924824,0.007754004126001066,0.0010976579613988656,0.00012663301734317778,31.2,90.39749999999997,115.53333333333333,0,0.0,6,2,0,0,0.16324282868147552,0.25,0.75,0.008749999999999925,0.000995995873998859
evaluation,0.04,0.025,1,symbol,SOLUSDT,11,11,0.009984829401884766,0.009984829401884766,2.279899901551123,0.8181818181818182,0.10983312342073243,0.021738551322169605,-0.042906919239397004,1,0.04314260813305261,0.011168751623297134,0.0011034366071866074,8.048561422575996e-05,12.066666666666666,70.41666666666667,80.41666666666667,0,0.0,9,2,0,0,0.24962073504711912,0.18181818181818182,0.8181818181818182,0.013181818181818133,0.002013066558521
evaluation,0.04,0.025,1,side,-1,10,10,0.00966858046371214,0.00966858046371214,2.1418545016630754,0.8,0.0966858046371214,0.022670021181258142,-0.042337182406471885,1,0.06271364033846917,0.01061441030825736,0.0010941620743304583,-0.0001483322297852363,20.525,109.53166666666657,149.71666666666667,0,0.0,8,2,0,0,0.2417145115928035,0.2,0.8,0.012,0.001385589691742639
evaluation,0.04,0.025,1,side,1,26,26,0.0023982597373354685,0.0023982597373354685,1.184356137184469,0.6923076923076923,0.062354753170722185,0.022254701545553805,-0.04227873433115578,2,0.14783590256302412,0.0037224504246762525,0.001102047347733572,0.00022214333960720952,31.925,139.25833333333333,202.51666666666668,0,0.0,18,8,0,0,0.059956493433386715,0.3076923076923077,0.6923076923076923,0.004999999999999923,0.0012775495753236709
evaluation,0.04,0.025,1,entry_year,2025,36,36,0.0044177932724401,0.0044177932724401,1.3760675419335984,0.7222222222222222,0.1590405578078436,0.02238249220269361,-0.042290423946219007,2,0.14783590256302412,0.005636883725671005,0.0010998569940104848,0.000119233459220419,28.308333333333334,147.80416666666667,202.51666666666668,0,0.0,26,10,0,0,0.1104448318110025,0.2777777777777778,0.7222222222222222,0.0069444444444443885,0.0013075607187733843
evaluation,0.04,0.025,2,symbol,BTCUSDT,17,17,-0.001174966196528722,-0.001174966196528722,0.9228085495754007,0.6470588235294118,-0.019974425340988276,0.021708210119278187,-0.04312745610884139,2,0.15196150897325222,6.400212282571783e-05,0.0010982841265635382,0.00014068419279090102,37.15,160.27666666666664,202.51666666666668,0,0.0,11,6,0,0,-0.02937415491321805,0.35294117647058826,0.6470588235294118,0.002058823529411714,0.0019948214065859966
evaluation,0.04,0.025,2,symbol,ETHUSDT,8,8,0.005534568767786786,0.005534568767786786,1.514403692506332,0.75,0.044276550142294285,0.021725016105616595,-0.04303677324570263,1,0.06443363825135372,0.006758515508515514,0.0010973789703164704,0.00012656777041225787,31.2,90.39749999999997,115.53333333333333,0,0.0,6,2,0,0,0.13836421919466965,0.25,0.75,0.008749999999999925,0.0019914844914844104
evaluation,0.04,0.025,2,symbol,SOLUSDT,11,11,0.007973339695870286,0.007973339695870286,1.9765400969336524,0.8181818181818182,0.08770673665457315,0.01972449948699312,-0.04490687936418246,1,0.04505566141834907,0.009156816627266468,0.00110312542750171,8.035150389447018e-05,12.066666666666666,70.41666666666667,80.41666666666667,0,0.0,9,2,0,0,0.19933349239675716,0.18181818181818182,0.8181818181818182,0.013181818181818133,0.004025001554551665
evaluation,0.04,0.025,2,side,-1,10,10,0.008280133415238705,0.008280133415238705,1.9430322889743303,0.8,0.08280133415238705,0.02132557756893258,-0.043901643199536794,1,0.06779950132893328,0.00922663745910245,0.0010949253493974934,-0.00014842130553375222,20.525,109.53166666666657,149.71666666666667,0,0.0,8,2,0,0,0.20700333538096763,0.2,0.8,0.012,0.0027733625408975504
evaluation,0.04,0.025,2,side,1,26,26,0.0011233664347496941,0.0011233664347496941,1.0842082517020966,0.6923076923076923,0.029207527303492048,0.0208920157098465,-0.04335609443421812,2,0.15721397841102608,0.002446721864041076,0.0011013456970252226,0.00022200973226615674,31.925,139.25833333333333,202.51666666666668,0,0.0,18,8,0,0,0.028084160868742353,0.3076923076923077,0.6923076923076923,0.004999999999999923,0.0025532781359588475
evaluation,0.04,0.025,2,entry_year,2025,36,36,0.003111357262663309,0.003111357262663309,1.2576977689400881,0.7222222222222222,0.11200886145587913,0.021025419358796062,-0.04346520418728185,2,0.16447273535474793,0.004330031751558124,0.001099562267128631,0.00011911222176618202,28.308333333333334,147.80416666666667,202.51666666666668,0,0.0,26,10,0,0,0.07778393156658273,0.2777777777777778,0.7222222222222222,0.0069444444444443885,0.002614412692886265
evaluation,0.05,0.025,1,symbol,BTCUSDT,17,17,0.0006259332360938429,0.0006259332360938429,1.0407850836811179,0.7058823529411765,0.010640865013595329,0.022628480365935028,-0.052180179875525,1,0.1206463423045545,0.001941442397125374,0.0010997074808092233,0.00021580168022230725,55.5,169.9833333333333,202.51666666666668,0,0.0,12,5,0,0,0.012518664721876857,0.29411764705882354,0.7058823529411765,0.0029411764705881793,0.000999734073462805
evaluation,0.05,0.025,1,symbol,ETHUSDT,8,8,0.004033585523570894,0.004033585523570894,1.3098987453687398,0.75,0.032268684188567154,0.02273253740938827,-0.052063270133881234,1,0.08146383034942983,0.005256502876625782,0.0010962843357117092,0.00012663301734317778,31.2,90.74166666666663,115.53333333333333,0,0.0,6,2,0,0,0.08067171047141788,0.25,0.75,0.00624999999999995,0.000993497123374168
evaluation,0.05,0.025,1,symbol,SOLUSDT,11,11,0.01501363567597855,0.01501363567597855,4.109165802743423,0.9090909090909091,0.16514999243576406,0.02182671315378477,-0.05311713910208367,1,0.05311713910208367,0.016182398000579867,0.0010996810996810999,6.908122492021375e-05,12.066666666666666,96.175,111.93333333333334,0,0.0,10,1,0,0,0.30027271351957097,0.09090909090909091,0.9090909090909091,0.01818181818181813,0.001999420181238261
evaluation,0.05,0.025,1,side,-1,10,10,0.015226480532956032,0.015226480532956032,3.94427600882247,0.9,0.15226480532956033,0.02266448212093183,-0.051715533758826135,1,0.05171553375882615,0.01612642282102026,0.001091130467448439,-0.00019118817938421458,29.683333333333334,132.7141666666666,149.71666666666667,0,0.0,9,1,0,0,0.30452961065912065,0.1,0.9,0.017500000000000005,0.0013735771789797457
evaluation,0.05,0.025,1,side,1,26,26,0.0021459513964756233,0.0021459513964756233,1.1522661401202385,0.7307692307692307,0.055794736308366205,0.022222304278790062,-0.05234700642694928,2,0.1517826239982755,0.003530718983088983,0.001101941895440699,0.0002828256911726593,40.925,158.17916666666667,202.51666666666668,0,0.0,19,7,0,0,0.042919027929512465,0.2692307692307692,0.7307692307692307,0.004807692307692231,0.0012769733246032478
evaluation,0.05,0.025,1,entry_year,2025,36,36,0.0057794317121646266,0.0057794317121646266,1.4975779962546867,0.7777777777777778,0.20805954163792656,0.022364432870907065,-0.05226807234343389,2,0.1362285932188722,0.0070295256047365594,0.0010989387209984043,0.0001511551715735277,37.90833333333333,152.75,202.51666666666668,0,0.0,28,8,0,0,0.11558863424329252,0.2222222222222222,0.7777777777777778,0.00833333333333328,0.0013038077285967193
evaluation,0.05,0.025,2,symbol,BTCUSDT,17,17,-0.0003727834756889977,-0.0003727834756889977,0.9761525855001022,0.7058823529411765,-0.006337319086712961,0.021617264531481297,-0.05314889869289772,1,0.12863188047587043,0.0009422391775333524,0.001099415511180217,0.0002156071420421322,55.5,169.9833333333333,202.51666666666668,0,0.0,12,5,0,0,-0.007455669513779953,0.29411764705882354,0.7058823529411765,0.0029411764705881793,0.0019989372930548266
evaluation,0.05,0.025,2,symbol,ETHUSDT,8,8,0.00304093602552909,0.00304093602552909,1.2294556657735598,0.75,0.02432748820423272,0.021725016105616595,-0.053011304214733414,1,0.08438270018941528,0.0042635105135105655,0.0010960067175692177,0.00012656777041225787,31.2,90.74166666666663,115.53333333333333,0,0.0,6,2,0,0,0.06081872051058179,0.25,0.75,0.00624999999999995,0.0019864894864893845
evaluation,0.05,0.025,2,symbol,SOLUSDT,11,11,0.01301582937898783,0.01301582937898783,3.6026802055086353,0.9090909090909091,0.14317412316886613,0.019818438638362246,-0.05501026321475633,1,0.05501026321475633,0.014184129463790551,0.0010993643974575899,6.893568734513082e-05,12.066666666666666,96.175,111.93333333333334,0,0.0,10,1,0,0,0.26031658757975656,0.09090909090909091,0.9090909090909091,0.01818181818181813,0.003997688718027576
evaluation,0.05,0.025,2,side,-1,10,10,0.013850105435299917,0.013850105435299917,3.6247437664144466,0.9,0.13850105435299917,0.021252056839127224,-0.05276745719914585,1,0.052767457199145856,0.014750687561308883,0.00109188712184128,-0.00019130499583231583,29.683333333333334,132.7141666666666,149.71666666666667,0,0.0,9,1,0,0,0.27700210870599834,0.1,0.9,0.017500000000000005,0.0027493124386911206
evaluation,0.05,0.025,2,side,1,26,26,0.0008716629974379502,0.0008716629974379502,1.060595287595607,0.7307692307692307,0.022663237933386704,0.020877533991734344,-0.0534299868442237,2,0.164620580721276,0.0022555653313368748,0.0011012405609322354,0.0002826617729666888,40.925,158.17916666666667,202.51666666666668,0,0.0,19,7,0,0,0.017433259948759,0.2692307692307692,0.7307692307692307,0.004807692307692231,0.0025521269763553564
evaluation,0.05,0.025,2,entry_year,2025,36,36,0.004476785896844052,0.004476785896844052,1.3776308339251615,0.7777777777777778,0.16116429228638587,0.020997916335539202,-0.053347170638588966,2,0.14776152314605584,0.00572643261744021,0.0010986423834069697,0.0001510043371891875,37.90833333333333,152.75,202.51666666666668,0,0.0,28,8,0,0,0.08953571793688103,0.2222222222222222,0.7777777777777778,0.00833333333333328,0.0026069007158930685
historical,0.01,0.025,1,symbol,BTCUSDT,40,40,0.0018484258082590139,0.0018484258082590139,1.254656890560933,0.4,0.07393703233036056,0.022767302427144823,-0.012097491937664859,4,0.06354079927304862,0.002999301749825556,0.0011003555751920187,5.052036637452319e-05,7.058333333333334,42.02333333333323,83.88333333333334,0,0.0,16,24,0,0,0.18484258082590138,0.6,0.4,0.003999999999999976,0.00100069825017442
historical,0.01,0.025,1,symbol,ETHUSDT,38,38,0.0008184421340082211,0.0008184421340082211,1.107492010715158,0.3684210526315789,0.031100801092312405,0.02288800582043104,-0.01205547001640509,6,0.09736627057724123,0.0018910538280266962,0.0011020249996970392,-2.941330567856423e-05,4.258333333333334,40.22499999999995,137.71666666666667,0,0.0,14,24,0,0,0.08184421340082211,0.631578947368421,0.3684210526315789,0.0028947368421052425,0.0010036830140785463
historical,0.01,0.025,1,symbol,SOLUSDT,23,23,0.0005774246511765484,0.0005774246511765484,1.072315849191232,0.391304347826087,0.013280766977060614,0.021881136828062142,-0.013117818891107044,4,0.052706323543358496,0.0016932227801793743,0.001100499210031819,1.5298918971007206e-05,1.7166666666666666,16.279999999999998,22.133333333333333,0,0.0,9,14,0,0,0.057742465117654844,0.6086956521739131,0.391304347826087,0.0036956521739130227,0.0020024293937336486
historical,0.01,0.025,1,side,-1,45,45,-0.0004967581519874325,-0.0004967581519874325,0.938774993956878,0.3333333333333333,-0.022354116839434467,0.022850669747663737,-0.012170472101813018,7,0.11796916999166956,0.0004903455509315184,0.0010997303099469875,-0.00011262660702803633,4.0,39.07999999999998,137.71666666666667,0,0.0,15,30,0,0,-0.049675815198743256,0.6666666666666666,0.3333333333333333,0.001666666666666668,0.0011763211157351497
historical,0.01,0.025,1,side,1,56,56,0.0025120128078422862,0.0025120128078422862,1.3532658474744295,0.42857142857142855,0.14067271723916802,0.022453296064914797,-0.012443949634962096,6,0.09124612205851027,0.003726976600182928,0.0011020498371301006,0.00011291395521054085,4.416666666666667,37.44166666666667,83.88333333333334,0,0.0,24,32,0,0,0.2512012807842286,0.5714285714285714,0.42857142857142855,0.0049999999999999585,0.0012730233998170307
historical,0.01,0.025,1,entry_year,2022,27,27,0.004572191216452889,0.004572191216452889,1.7208372374223517,0.48148148148148145,0.12344916284422801,0.022669783810176376,-0.012232716192004634,7,0.08686702274177668,0.005668783684383998,0.0010984270202760613,-1.8345523449526316e-06,4.0,27.558333333333326,34.53333333333333,0,0.0,13,14,0,0,0.45721912164528894,0.5185185185185185,0.48148148148148145,0.006851851851851842,0.0011830681674678432
historical,0.01,0.025,1,entry_year,2023,26,26,-0.0014638305722211335,-0.0014638305722211335,0.8271766588997235,0.3076923076923077,-0.03805959487774947,0.022770367944532428,-0.01223458546855605,6,0.10274009117868288,-0.000350903628841091,0.0011015863820869184,1.1340561293124531e-05,7.991666666666666,66.08333333333333,137.71666666666667,0,0.0,8,18,0,0,-0.14638305722211334,0.6923076923076923,0.3076923076923077,0.0007692307692307485,0.0011201343980718397
historical,0.01,0.025,1,entry_year,2024,48,48,0.0006860215090261461,0.0006860215090261461,1.0885569966943196,0.375,0.03292903243325501,0.022487167704686593,-0.012394666208370127,7,0.15027199013354198,0.0018092202973679732,0.00110216415302472,2.103463531710699e-05,3.15,39.83166666666667,83.88333333333334,0,0.0,18,30,0,0,0.06860215090261461,0.625,0.375,0.0031249999999999702,0.0013157797026319973
historical,0.01,0.025,2,symbol,BTCUSDT,40,40,0.0008479621799019149,0.0008479621799019149,1.107912742304363,0.4,0.0339184871960766,0.021764531325128136,-0.013096417250248899,4,0.07450385620648692,0.0019987059987061073,0.0011002992007117008,5.04446180924923e-05,7.058333333333334,42.02333333333323,83.88333333333334,0,0.0,16,24,0,0,0.08479621799019149,0.6,0.4,0.003999999999999976,0.0020012940012938685
historical,0.01,0.025,2,symbol,ETHUSDT,38,38,-0.00018517865148049,-0.00018517865148049,0.9775454615042184,0.3684210526315789,-0.00703678875625862,0.021881611765214498,-0.013057473061219236,6,0.11136762412101472,0.0008873722031617626,0.0011020242356294988,-2.9473380987246048e-05,4.258333333333334,40.22499999999995,137.71666666666667,0,0.0,14,24,0,0,-0.018517865148049,0.631578947368421,0.3684210526315789,0.0028947368421052425,0.00200736463894348
historical,0.01,0.025,2,symbol,SOLUSDT,23,23,-0.0014234158071102557,-0.0014234158071102557,0.8452385188325227,0.391304347826087,-0.03273856356353588,0.019867055898174855,-0.015110147617650685,4,0.06685102554632391,-0.00030798644933714643,0.0011001636648720512,1.526569290105791e-05,1.7166666666666666,16.279999999999998,22.133333333333333,0,0.0,9,14,0,0,-0.14234158071102557,0.6086956521739131,0.391304347826087,0.0036956521739130227,0.004003638623250169
historical,0.01,0.025,2,side,-1,45,45,-0.0016752017812743782,-0.0016752017812743782,0.8117986904691796,0.3333333333333333,-0.07538408015734702,0.021677744151203254,-0.013351674747513195,7,0.15110265463764025,-0.0006875089295484551,0.0011003781299112516,-0.00011268527818532831,4.0,39.07999999999998,137.71666666666667,0,0.0,15,30,0,0,-0.1675201781274378,0.6666666666666666,0.3333333333333333,0.001666666666666668,0.0023541755962151233
historical,0.01,0.025,2,side,1,56,56,0.0012415574113148055,0.0012415574113148055,1.1584899977240617,0.42857142857142855,0.0695272150336291,0.021175516947107415,-0.013708912240529655,6,0.1118915454060031,0.0024557606636306678,0.0011013506683649969,0.00011285258395086512,4.416666666666667,37.44166666666667,83.88333333333334,0,0.0,24,32,0,0,0.12415574113148055,0.5714285714285714,0.42857142857142855,0.0049999999999999585,0.002544239336369291
historical,0.01,0.025,2,entry_year,2022,27,27,0.0033887630633365356,0.0033887630633365356,1.488485997633042,0.48148148148148145,0.09149660271008646,0.021446392546778357,-0.01337903574271658,7,0.09791111702693134,0.004485502808653962,0.001098586377432796,-1.8466321153693127e-06,4.0,27.558333333333326,34.53333333333333,0,0.0,13,14,0,0,0.33887630633365357,0.5185185185185185,0.48148148148148145,0.006851851851851842,0.0023663490431978795
historical,0.01,0.025,2,entry_year,2023,26,26,-0.0025836583357666245,-0.0025836583357666245,0.7203699520172361,0.3076923076923077,-0.06717511672993223,0.021631677266348483,-0.01334602971448445,6,0.12474962350550617,-0.0014709240310787864,0.0011014812014468638,1.1253103240974388e-05,7.991666666666666,66.08333333333333,137.71666666666667,0,0.0,8,18,0,0,-0.25836583357666243,0.6923076923076923,0.3076923076923077,0.0007692307692307485,0.002240154800309535
historical,0.01,0.025,2,entry_year,2024,48,48,-0.0006287156479973371,-0.0006287156479973371,0.9266982709096887,0.375,-0.03017835110387218,0.021195669319984466,-0.013723346628786418,7,0.1692396487584553,0.0004941696730839246,0.0011019231217946292,2.0962199286631478e-05,3.15,39.83166666666667,83.88333333333334,0,0.0,18,30,0,0,-0.0628715647997337,0.625,0.375,0.0031249999999999702,0.0026308303269160457
historical,0.02,0.025,1,symbol,BTCUSDT,39,39,0.004440404447080602,0.004440404447080602,1.4904648652943155,0.5897435897435898,0.17317577343614346,0.022880901993809294,-0.02206781077634189,4,0.08742958583870494,0.00553993891703608,0.001099150524593721,3.8394536175736636e-07,19.083333333333332,83.80833333333335,106.08333333333333,0,0.0,23,16,0,0,0.2220202223540301,0.41025641025641024,0.5897435897435898,0.00653846153846151,0.00099852262142543
historical,0.02,0.025,1,symbol,ETHUSDT,36,36,-0.0020349474820208985,-0.0020349474820208985,0.833341714587181,0.4444444444444444,-0.07325810935275234,0.02289454073053472,-0.021978538052065393,6,0.1942678154987655,-0.0010050002512499866,0.001102750276375069,-7.280304560415762e-05,18.175,73.73333333333333,137.71666666666667,0,0.0,16,20,0,0,-0.10174737410104492,0.5555555555555556,0.4444444444444444,-4.3175339846533866e-17,0.0010050002512499434
historical,0.02,0.025,1,symbol,SOLUSDT,22,22,0.005457653862165646,0.005457653862165646,1.6479918173951953,0.6363636363636364,0.12006838496764421,0.021811531592431526,-0.023161632165799646,2,0.05002720524755916,0.006623287986924414,0.001103441607191607,6.219251756716114e-05,5.408333333333333,23.648333333333333,40.583333333333336,0,0.0,14,8,0,0,0.2728826931082823,0.36363636363636365,0.6363636363636364,0.008636363636363598,0.0020130756494391847
historical,0.02,0.025,1,side,-1,43,43,-3.6698283484501356e-05,-3.6698283484501356e-05,0.9967389235999731,0.4883720930232558,-0.0015780261898335583,0.022967586289025538,-0.02199533355724408,5,0.17024762641320088,0.0007923615764165074,0.0010995642011329709,-0.00027050434123196204,14.066666666666666,65.69833333333332,137.71666666666667,0,0.0,21,22,0,0,-0.0018349141742250677,0.5116279069767442,0.4883720930232558,0.0019767441860465136,0.001184382609630006
historical,0.02,0.025,1,side,1,54,54,0.004103038430386461,0.004103038430386461,1.4484635640809136,0.5925925925925926,0.22156407524086888,0.022362985242833575,-0.02245688420590025,4,0.08979742262806004,0.005398488826774721,0.001102969168854726,0.00019248122753353286,14.816666666666666,82.9849999999999,106.08333333333333,0,0.0,32,22,0,0,0.20515192151932302,0.4074074074074074,0.5925925925925926,0.0066666666666666,0.0012681778398918803
historical,0.02,0.025,1,entry_year,2022,27,27,0.006052280363326772,0.006052280363326772,1.7346615105663863,0.6296296296296297,0.16341156980982283,0.022696627786952302,-0.022243110256836632,4,0.08859281514736815,0.0071471191440618245,0.0010992405127981163,-4.4017320630639574e-06,14.066666666666666,35.92833333333333,76.76666666666667,0,0.0,17,10,0,0,0.3026140181663386,0.37037037037037035,0.6296296296296297,0.008333333333333307,0.0011862141892714836
historical,0.02,0.025,1,entry_year,2023,24,24,-0.003492271710247862,-0.003492271710247862,0.7308419836197053,0.4166666666666667,-0.08381452104594869,0.02275807038598805,-0.022242516064702088,5,0.17751721893993821,-0.0023821895371734423,0.0011023618295317036,7.7203435427165e-06,26.833333333333332,104.5008333333333,137.71666666666667,0,0.0,10,14,0,0,-0.17461358551239312,0.5833333333333334,0.4166666666666667,-0.0012500000000000382,0.001132189537173404
historical,0.02,0.025,1,entry_year,2024,46,46,0.00305193478885133,0.00305193478885133,1.3161042547573072,0.5652173913043478,0.14038900028716117,0.022481210138543886,-0.02220612316574899,3,0.06930947055922318,0.00412587557465735,0.0011022916959252812,-2.8350910119262196e-05,12.491666666666667,64.97916666666667,94.53333333333333,0,0.0,26,20,0,0,0.1525967394425665,0.43478260869565216,0.5652173913043478,0.005434782608695611,0.0013089070340382618
historical,0.02,0.025,2,symbol,BTCUSDT,39,39,0.0034422471177902613,0.0034422471177902613,1.3638212781837573,0.5897435897435898,0.1342476375938202,0.02188004357886945,-0.023062085295011074,4,0.0914287775736846,0.00454154954154963,0.0010990772393272392,2.2518443213023575e-07,19.083333333333332,83.80833333333335,106.08333333333333,0,0.0,23,16,0,0,0.17211235588951307,0.41025641025641024,0.5897435897435898,0.00653846153846151,0.0019969119969118795
historical,0.02,0.025,2,symbol,ETHUSDT,36,36,-0.003039843635536119,-0.003039843635536119,0.7619223679705472,0.4444444444444444,-0.10943437087930029,0.021888998529324404,-0.02298291736742454,6,0.21957431891679807,-0.0020100020100019237,0.0011027511055011054,-7.290947996690913e-05,18.175,73.73333333333333,137.71666666666667,0,0.0,16,20,0,0,-0.15199218177680596,0.5555555555555556,0.4444444444444444,-4.3175339846533866e-17,0.0020100020100018803
historical,0.02,0.025,2,symbol,SOLUSDT,22,22,0.003446087724910199,0.003446087724910199,1.3766332670673074,0.6363636363636364,0.07581392994802438,0.01979340708464467,-0.025161721154625127,2,0.0661088224825919,0.0046113257180300645,0.0011031354275417105,6.210256557815375e-05,5.408333333333333,23.648333333333333,40.583333333333336,0,0.0,14,8,0,0,0.17230438624550995,0.36363636363636365,0.6363636363636364,0.008636363636363598,0.004025037918333535
historical,0.02,0.025,2,side,-1,43,43,-0.0012231524155064569,-0.0012231524155064569,0.8969685333310881,0.4883720930232558,-0.052595553866777646,0.02180404470543243,-0.02320365875822085,5,0.19743399385886196,-0.00039357925292574417,0.0011002164685891091,-0.0002706433060083963,14.066666666666666,65.69833333333332,137.71666666666667,0,0.0,21,22,0,0,-0.06115762077532284,0.5116279069767442,0.4883720930232558,0.0019767441860465136,0.0023703234389722576
historical,0.02,0.025,2,side,1,54,54,0.0028374583431355913,0.0028374583431355913,1.2949626132358822,0.5925925925925926,0.15322275052932194,0.02102149184856663,-0.023612044937491375,4,0.10421697353628291,0.00413210061912657,0.0011022726553405195,0.0001923696206504588,14.816666666666666,82.9849999999999,106.08333333333333,0,0.0,32,22,0,0,0.14187291715677955,0.4074074074074074,0.5925925925925926,0.0066666666666666,0.002534566047540031
historical,0.02,0.025,2,entry_year,2022,27,27,0.00486573115383727,0.00486573115383727,1.5625264003719515,0.6296296296296297,0.13137474115360628,0.02146581619874502,-0.0233544134225059,4,0.09781509440275639,0.005960696486092004,0.0010993985512203622,-4.4332189656273035e-06,14.066666666666666,35.92833333333333,76.76666666666667,0,0.0,17,10,0,0,0.2432865576918635,0.37037037037037035,0.6296296296296297,0.008333333333333307,0.002372636847241304
historical,0.02,0.025,2,entry_year,2023,24,24,-0.004623965646932264,-0.004623965646932264,0.6610417326297614,0.4166666666666667,-0.11097517552637433,0.021642552895373784,-0.0233857646057223,5,0.18854275688300642,-0.003514176714364464,0.0011022035889427342,7.585343625065665e-06,26.833333333333332,104.5008333333333,137.71666666666667,0,0.0,10,14,0,0,-0.2311982823466132,0.5833333333333334,0.4166666666666667,-0.0012500000000000382,0.0022641767143644262
historical,0.02,0.025,2,entry_year,2024,46,46,0.0017440789355502681,0.0017440789355502681,1.171060812604582,0.5652173913043478,0.08022763103531233,0.02112416437060808,-0.023450032130024886,3,0.08501352618950431,0.0028176295995063216,0.0011020735765248772,-2.8522912568824038e-05,12.491666666666667,64.97916666666667,94.53333333333333,0,0.0,26,20,0,0,0.0872039467775134,0.43478260869565216,0.5652173913043478,0.005434782608695611,0.0026171530091892896
historical,0.03,0.025,1,symbol,BTCUSDT,38,38,0.008411827039914313,0.008411827039914313,1.990190638974564,0.7368421052631579,0.3196494275167439,0.022945195506428987,-0.03228160466632678,2,0.06518545681465837,0.009528241855744754,0.0010988944849966472,1.7520330833791973e-05,28.891666666666666,107.00083333333332,133.65,0,0.0,28,10,0,0,0.28039423466381047,0.2631578947368421,0.7368421052631579,0.010526315789473639,0.0009980739337288836
historical,0.03,0.025,1,symbol,ETHUSDT,36,36,-0.0029457856819515888,-0.0029457856819515888,0.8047291260465861,0.5277777777777778,-0.1060482845502572,0.023001825110419375,-0.03194605656754267,6,0.24873451986455625,-0.0019737507364931527,0.0011008410879203416,-0.00012880614246190612,21.733333333333334,108.42916666666666,179.58333333333334,0,0.0,19,17,0,0,-0.09819285606505296,0.4722222222222222,0.5277777777777778,-0.0009722222222222478,0.0010015285142709052
historical,0.03,0.025,1,symbol,SOLUSDT,22,22,0.006790980180161128,0.006790980180161128,1.7466707055977773,0.7272727272727273,0.14940156396354481,0.02184324137042932,-0.03334838299388738,1,0.055582351602035715,0.00799692708783622,0.0011006901016901017,0.00010525680598499044,8.016666666666667,23.648333333333333,40.583333333333336,0,0.0,16,6,0,0,0.22636600600537093,0.2727272727272727,0.7272727272727273,0.009999999999999953,0.0020030729121637333
historical,0.03,0.025,1,side,-1,42,42,0.004781971888774684,0.004781971888774684,1.4495028421809104,0.6666666666666666,0.20084281932853676,0.02313049393762819,-0.03191507220893231,5,0.18121192329446037,0.005484220254939075,0.0010969836788597837,-0.0003947353126953935,17.683333333333334,85.01999999999998,137.71666666666667,0,0.0,28,14,0,0,0.15939906295915615,0.3333333333333333,0.6666666666666666,0.006666666666666672,0.0011824464117275975
historical,0.03,0.025,1,side,1,54,54,0.003002960881509163,0.003002960881509163,1.2618953035327134,0.6481481481481481,0.1621598876014948,0.022323948084321713,-0.03258833133419816,4,0.14898012418805512,0.004381727948694497,0.0011024099503717819,0.0002763571168135518,17.891666666666666,108.22416666666663,179.58333333333334,0,0.0,35,19,0,0,0.10009869605030543,0.35185185185185186,0.6481481481481481,0.005648148148148075,0.0012664201994535777
historical,0.03,0.025,1,entry_year,2022,27,27,0.010531729068703002,0.010531729068703002,2.4693151055466616,0.7777777777777778,0.28435668485498106,0.02275651309611631,-0.03225501502724356,2,0.08360126271963589,0.01159990164864886,0.0010955704818097877,-2.739790186393188e-05,16.283333333333335,55.01499999999999,112.2,0,0.0,21,6,0,0,0.3510576356234334,0.2222222222222222,0.7777777777777778,0.012777777777777768,0.0011778761291289087
historical,0.03,0.025,1,entry_year,2023,23,23,-0.0036419991389726168,-0.0036419991389726168,0.7631922948930245,0.5217391304347826,-0.08376598019637019,0.022496998366653618,-0.03215726914511033,5,0.24013585979761015,-0.0024433476563357408,0.001103874537878896,9.477694475798184e-05,32.3,134.55333333333328,179.58333333333334,0,0.0,12,11,0,0,-0.12139997129908724,0.4782608695652174,0.5217391304347826,-0.0013043478260870156,0.0011389998302487254
historical,0.03,0.025,1,entry_year,2024,46,46,0.0035306957015526236,0.0035306957015526236,1.313095898379843,0.6521739130434783,0.1624120022714207,0.022704708592885436,-0.0324205784696964,3,0.10977076269240943,0.004564135033024931,0.0011007377054806143,-6.729837400830774e-05,16.025,83.96666666666667,133.65,0,0.0,30,16,0,0,0.11768985671842079,0.34782608695652173,0.6521739130434783,0.005869565217391259,0.0013054301843663278
historical,0.03,0.025,2,symbol,BTCUSDT,38,38,0.007414249204157978,0.007414249204157978,1.846870834901151,0.7368421052631579,0.2817414697580032,0.021943812867746246,-0.033268529053889176,2,0.06718508031342912,0.008530334846124404,0.001098802676736887,1.7282965229538662e-05,28.891666666666666,107.00083333333332,133.65,0,0.0,28,10,0,0,0.2471416401385993,0.2631578947368421,0.7368421052631579,0.010526315789473639,0.0019959809433492347
historical,0.03,0.025,2,symbol,ETHUSDT,36,36,-0.003947174701657156,-0.003947174701657156,0.7463048099478956,0.5277777777777778,-0.14209828925965762,0.022000839656205112,-0.032947896631032626,6,0.26172843770577275,-0.002975281725281621,0.0011008424489049487,-0.0001289494725294143,21.733333333333334,108.42916666666666,179.58333333333334,0,0.0,19,17,0,0,-0.13157249005523855,0.4722222222222222,0.5277777777777778,-0.0009722222222222478,0.0020030595030593734
historical,0.03,0.025,2,symbol,SOLUSDT,22,22,0.004789476677356414,0.004789476677356414,1.4971244293419148,0.7272727272727273,0.1053684869018411,0.019832778087415466,-0.03532599374946772,1,0.06546702190981837,0.005994973070801304,0.0011003824055296223,0.00010511398791526639,8.016666666666667,23.648333333333333,40.583333333333336,0,0.0,16,6,0,0,0.15964922257854713,0.2727272727272727,0.7272727272727273,0.009999999999999953,0.0040050269291986495
historical,0.03,0.025,2,side,-1,42,42,0.0035975149913224356,0.0035975149913224356,1.3261091388295678,0.6666666666666666,0.1510956296355423,0.021943715794924386,-0.033094886615881475,5,0.19441030719221905,0.004300212035683093,0.0010976348833803742,-0.00039493783901971643,17.683333333333334,85.01999999999998,137.71666666666667,0,0.0,28,14,0,0,0.11991716637741452,0.3333333333333333,0.6666666666666666,0.006666666666666672,0.0023664546309835797
historical,0.03,0.025,2,side,1,54,54,0.0017391858845304514,0.0017391858845304514,1.146417325106948,0.6481481481481481,0.09391603776464437,0.021009803454444472,-0.03375932016531117,4,0.15785306749934472,0.0031170941500282914,0.0011017144017825154,0.00027619386371532413,17.891666666666666,108.22416666666663,179.58333333333334,0,0.0,35,19,0,0,0.057972862817681714,0.35185185185185186,0.6481481481481481,0.005648148148148075,0.0025310539981197836
historical,0.03,0.025,2,entry_year,2022,27,27,0.0093535570246574,0.0093535570246574,2.2657069217919723,0.7777777777777778,0.2525460396657498,0.021527413062151418,-0.03325493910657166,2,0.09068475561818261,0.010421826522817694,0.0010957251494803828,-2.7455651320088148e-05,16.283333333333335,55.01499999999999,112.2,0,0.0,21,6,0,0,0.31178523415524667,0.2222222222222222,0.7777777777777778,0.012777777777777768,0.0023559512549600737
historical,0.03,0.025,2,entry_year,2023,23,23,-0.004780363315192845,-0.004780363315192845,0.6993751864060589,0.5217391304347826,-0.10994835624943544,0.021315370707348496,-0.03324843679432886,5,0.25822557170524746,-0.00358208820746492,0.0011036846297284568,9.459047799947118e-05,32.3,134.55333333333328,179.58333333333334,0,0.0,12,11,0,0,-0.1593454438397615,0.4782608695652174,0.5217391304347826,-0.0013043478260870156,0.0022777403813779044
historical,0.03,0.025,2,entry_year,2024,46,46,0.002226390956171138,0.002226390956171138,1.1898337388619837,0.6521739130434783,0.10241398398387234,0.021396901345669257,-0.033718316024137836,3,0.11684776057281726,0.00325936309251811,0.0011005199408371026,-6.754780449013138e-05,16.025,83.96666666666667,133.65,0,0.0,30,16,0,0,0.07421303187237127,0.34782608695652173,0.6521739130434783,0.005869565217391259,0.002610202124873149
historical,0.04,0.025,1,symbol,BTCUSDT,38,38,0.007523729911166707,0.007523729911166707,1.7557735410330824,0.7631578947368421,0.2859017366243349,0.022903170804780333,-0.042032246301588326,2,0.08506630281426686,0.00860653086873805,0.0010992568338619058,-1.6455876290563144e-05,29.716666666666665,147.62333333333325,218.15,0,0.0,29,9,0,0,0.18809324777916767,0.23684210526315788,0.7631578947368421,0.00960526315789469,0.0009987322891566394
historical,0.04,0.025,1,symbol,ETHUSDT,35,35,-0.0030063781838750602,-0.0030063781838750602,0.8212826102327623,0.6,-0.10522323643562712,0.023025982767312953,-0.042054919610657084,4,0.2829317925087521,-0.0020007007501751267,0.001100377968049849,-9.470053434991493e-05,27.033333333333335,126.18999999999996,180.56666666666666,0,0.0,21,14,0,0,-0.07515945459687651,0.4,0.6,-0.0010000000000000295,0.001000700750175097
historical,0.04,0.025,1,symbol,SOLUSDT,22,22,0.009917079977023284,0.009917079977023284,2.250498278374335,0.8181818181818182,0.21817575949451223,0.021813712164745376,-0.04361776486772612,1,0.045293975560316335,0.011168751623297129,0.0011034366071866074,0.00014823503908723552,14.141666666666667,40.24083333333333,45.36666666666667,0,0.0,18,4,0,0,0.2479269994255821,0.18181818181818182,0.8181818181818182,0.013181818181818133,0.002013066558521005
historical,0.04,0.025,1,side,-1,41,41,0.00412969014332639,0.00412969014332639,1.3372836137574302,0.7073170731707317,0.169317295876382,0.02314896651032418,-0.04183356107691827,3,0.19347710468032492,0.00478738301009204,0.0010973669393444492,-0.00043967407257879923,19.033333333333335,115.6,218.15,0,0.0,29,12,0,0,0.10324225358315975,0.2926829268292683,0.7073170731707317,0.005975609756097566,0.0011882267460055266
historical,0.04,0.025,1,side,1,54,54,0.004250684514941443,0.004250684514941443,1.3589165333870594,0.7222222222222222,0.2295369638068379,0.0222837020927748,-0.04263516118742529,4,0.20908107689547437,0.005675064426938513,0.0011031212854348163,0.00032125862656225054,23.633333333333333,126.44166666666658,213.01666666666668,0,0.0,39,15,0,0,0.10626711287353607,0.2777777777777778,0.7222222222222222,0.006944444444444369,0.0012693800175058558
historical,0.04,0.025,1,entry_year,2022,27,27,0.010703803751711078,0.010703803751711078,2.372213772496399,0.8148148148148148,0.2890027012961991,0.02270969337168457,-0.042122110576172274,1,0.06049661632253667,0.011782679518417391,0.001096894454694022,-1.8018687987710248e-05,17.683333333333334,55.76,213.01666666666668,0,0.0,22,5,0,0,0.26759509379277696,0.18518518518518517,0.8148148148148148,0.012962962962962945,0.0011802834445455547
historical,0.04,0.025,1,entry_year,2023,23,23,-0.005574411621808289,-0.005574411621808289,0.696067307620821,0.5652173913043478,-0.12821146730159066,0.022586936841973496,-0.042184164624724615,4,0.28458134690283055,-0.004397044938891163,0.0011020823742980618,7.528430861906458e-05,32.3,135.50499999999997,180.56666666666666,0,0.0,13,10,0,0,-0.13936029054520724,0.43478260869565216,0.5652173913043478,-0.0032608695652174475,0.0011361753736737154
historical,0.04,0.025,1,entry_year,2024,45,45,0.005290289459746921,0.005290289459746921,1.4676357028181095,0.7333333333333333,0.23806302568861146,0.022640635675603107,-0.04242316263385759,2,0.08540437761526065,0.006349685979237344,0.0011021455342446332,-4.274901475421224e-05,23.616666666666667,116.73333333333328,218.15,0,0.0,33,12,0,0,0.13225723649367302,0.26666666666666666,0.7333333333333333,0.007666666666666619,0.001316980687429275
historical,0.04,0.025,2,symbol,BTCUSDT,38,38,0.006525530675658604,0.006525530675658604,1.64048375833559,0.7631578947368421,0.24797016567502694,0.021901065704309112,-0.043017859972215244,2,0.0869818760895845,0.007607964581648869,0.0010991655327247433,-1.6731626734478154e-05,29.716666666666665,147.62333333333325,218.15,0,0.0,29,9,0,0,0.1631382668914651,0.23684210526315788,0.7631578947368421,0.00960526315789469,0.0019972985762458212
historical,0.04,0.025,2,symbol,ETHUSDT,35,35,-0.0040068909620275235,-0.0040068909620275235,0.7673382606330912,0.6,-0.14024118367096333,0.022025113581309062,-0.04305489777703241,4,0.2958804151102774,-0.0030013754299467715,0.0011003636293279151,-9.48480972471626e-05,27.033333333333335,126.18999999999996,180.56666666666666,0,0.0,21,14,0,0,-0.10017227405068808,0.4,0.6,-0.0010000000000000295,0.0020013754299467424
historical,0.04,0.025,2,symbol,SOLUSDT,22,22,0.007905641871195426,0.007905641871195426,1.9531638559046323,0.8181818181818182,0.17392412116629938,0.01979969160529113,-0.04561758193223525,1,0.05337742098534984,0.009156816627266444,0.0011031254275017104,0.0001480493285693056,14.141666666666667,40.24083333333333,45.36666666666667,0,0.0,18,4,0,0,0.19764104677988564,0.18181818181818182,0.8181818181818182,0.013181818181818133,0.00402500155455169
historical,0.04,0.025,2,side,-1,41,41,0.0029394563470080074,0.0029394563470080074,1.2332920405430028,0.7073170731707317,0.1205177102273283,0.021969434625562265,-0.043049657826164774,3,0.20669918457646347,0.0035975784670736746,0.0010980213318431094,-0.0004398992117774418,19.033333333333335,115.6,218.15,0,0.0,29,12,0,0,0.07348640867520019,0.2926829268292683,0.7073170731707317,0.005975609756097566,0.0023780312890238917
historical,0.04,0.025,2,side,1,54,54,0.0029839887582043456,0.0029839887582043456,1.245706729794932,0.7222222222222222,0.16113539294303467,0.020947157317599725,-0.04372024949622365,4,0.21789404620441252,0.004407477087117798,0.0011024241123979148,0.0003210642165155366,23.633333333333333,126.44166666666658,213.01666666666668,0,0.0,39,15,0,0,0.07459971895510864,0.2777777777777778,0.7222222222222222,0.006944444444444369,0.0025369673573265705
historical,0.04,0.025,2,entry_year,2022,27,27,0.009523235701455565,0.009523235701455565,2.19232291304244,0.8148148148148148,0.25712736393930025,0.02148999179242041,-0.04313049109878976,1,0.06586802367927674,0.010602197258743973,0.0010970490224987003,-1.808746521029277e-05,17.683333333333334,55.76,213.01666666666668,0,0.0,22,5,0,0,0.23808089253638912,0.18518518518518517,0.8148148148148148,0.012962962962962945,0.0023607657042189725
historical,0.04,0.025,2,entry_year,2023,23,23,-0.00670993772954867,-0.00670993772954867,0.6434204055834067,0.5652173913043478,-0.1543285677796194,0.02142107772089267,-0.04328025781512241,4,0.30260578323543147,-0.005532964294003638,0.0011018937797556997,7.507965578933237e-05,32.3,135.50499999999997,180.56666666666666,0,0.0,13,10,0,0,-0.16774844323871674,0.43478260869565216,0.5652173913043478,-0.0032608695652174475,0.002272094728786191
historical,0.04,0.025,2,entry_year,2024,45,45,0.003974540155792935,0.003974540155792935,1.341361102079984,0.7333333333333333,0.17885430701068208,0.02129693665826791,-0.04366205022601325,2,0.09210217843571263,0.005033407391786181,0.0011019088029601974,-4.304156696695284e-05,23.616666666666667,116.73333333333328,218.15,0,0.0,33,12,0,0,0.09936350389482339,0.26666666666666666,0.7333333333333333,0.007666666666666619,0.0026332592748804385
historical,0.05,0.025,1,symbol,BTCUSDT,38,38,0.009035992846738545,0.009035992846738545,1.9482835701668606,0.8157894736842105,0.3433677281760647,0.02275682780215661,-0.05172770481297,2,0.10008654209506454,0.01018232113110667,0.0011009928084143206,4.533547595380068e-05,29.941666666666666,214.24916666666664,257.3,0,0.0,31,7,0,0,0.18071985693477088,0.18421052631578946,0.8157894736842105,0.011184210526315744,0.0010018893952090744
historical,0.05,0.025,1,symbol,ETHUSDT,35,35,-0.004902534491125472,-0.004902534491125472,0.7467519426351239,0.6285714285714286,-0.1715887071893915,0.02299832779858814,-0.05211937836602543,4,0.32148496030691576,-0.003859987393568216,0.0011015575614965333,-5.901046393927754e-05,27.383333333333333,157.90666666666647,366.56666666666666,0,0.0,22,13,0,0,-0.09805068982250943,0.37142857142857144,0.6285714285714286,-0.0028571428571428944,0.0010028445364253212
historical,0.05,0.025,1,symbol,SOLUSDT,22,22,0.008100627960577221,0.008100627960577221,1.8310932176826937,0.8181818181818182,0.17821381513269888,0.021813712164745376,-0.05360825095817947,1,0.0652558579220675,0.009350566168748041,0.0011034386071886073,0.00014649960098221055,14.525,40.394999999999996,45.36666666666667,0,0.0,18,4,0,0,0.16201255921154442,0.18181818181818182,0.8181818181818182,0.011363636363636314,0.0020130701948882727
historical,0.05,0.025,1,side,-1,41,41,0.0011991176554256029,0.0011991176554256029,1.079021672504612,0.7073170731707317,0.04916382387244972,0.02314896651032418,-0.051846350410579285,3,0.2633234512615237,0.0018571369109444192,0.0010989785746989807,-0.00044095931918016444,19.033333333333335,137.71666666666667,221.23333333333332,0,0.0,29,12,0,0,0.023982353108512055,0.2926829268292683,0.7073170731707317,0.0030487804878048808,0.0011916435768604616
historical,0.05,0.025,1,side,1,54,54,0.005570907634202268,0.005570907634202268,1.4760535353526634,0.7777777777777778,0.3008290122469225,0.022208372942900227,-0.05266022094624059,3,0.16548359165742996,0.0070629349364981775,0.0011038846142150738,0.0003881426880808349,24.758333333333333,201.8041666666666,366.56666666666666,0,0.0,42,12,0,0,0.11141815268404535,0.2222222222222222,0.7777777777777778,0.008333333333333255,0.0012703983968350768
historical,0.05,0.025,1,entry_year,2022,27,27,0.008817322549297377,0.008817322549297377,1.9102342328792479,0.8148148148148148,0.23806770883102918,0.02270969337168457,-0.05230910906920625,1,0.08900399998506715,0.00993045637017641,0.0010970991770183505,1.603464386067993e-05,17.683333333333334,173.2916666666666,213.01666666666668,0,0.0,22,5,0,0,0.17634645098594753,0.18518518518518517,0.8148148148148148,0.011111111111111092,0.0011806547409346831
historical,0.05,0.025,1,entry_year,2023,23,23,-0.0034572708056941964,-0.0034572708056941964,0.8093436280937627,0.6521739130434783,-0.07951722853096652,0.022503579464896572,-0.052133865063051885,3,0.2808491345979102,-0.002229218419326512,0.0011051901153416605,0.00012286227102602427,42.61666666666667,189.9616666666666,366.56666666666666,0,0.0,15,8,0,0,-0.06914541611388392,0.34782608695652173,0.6521739130434783,-0.001086956521739199,0.0011422618975873132
historical,0.05,0.025,1,entry_year,2024,45,45,0.004254274573762433,0.004254274573762433,1.3326757039253179,0.7555555555555555,0.1914423558193095,0.022556021948550053,-0.052314762766490205,2,0.11032493970029397,0.005348684479319322,0.001102818673287079,-8.408767730190495e-06,23.616666666666667,122.36999999999992,257.3,0,0.0,34,11,0,0,0.08508549147524866,0.24444444444444444,0.7555555555555555,0.006666666666666621,0.0013179821873472984
historical,0.05,0.025,2,symbol,BTCUSDT,38,38,0.008034671532597112,0.008034671532597112,1.8273301453947521,0.8157894736842105,0.30531751823869024,0.021753452787950062,-0.052719931169680254,2,0.10218871503905623,0.00918059931217835,0.0011009006414598517,4.502713812138687e-05,29.941666666666666,214.24916666666664,257.3,0,0.0,31,7,0,0,0.16069343065194225,0.18421052631578946,0.8157894736842105,0.011184210526315744,0.0020036112141373938
historical,0.05,0.025,2,symbol,ETHUSDT,35,35,-0.005905177567377259,-0.005905177567377259,0.7007237632483755,0.6285714285714286,-0.20668121485820407,0.021996467246834652,-0.05312334571450512,4,0.33349548417444863,-0.0048628077199505,0.0011015442459728175,-5.9174398546057376e-05,27.383333333333333,157.90666666666647,366.56666666666666,0,0.0,22,13,0,0,-0.11810355134754517,0.37142857142857144,0.6285714285714286,-0.0028571428571428944,0.002005664862807605
historical,0.05,0.025,2,symbol,SOLUSDT,22,22,0.006089178684505834,0.006089178684505834,1.6022587540812325,0.8181818181818182,0.13396193105912835,0.01979969160529113,-0.055608129459028,1,0.07333940709170478,0.00733862026357189,0.0011031294275177103,0.00014631215154834376,14.525,40.394999999999996,45.36666666666667,0,0.0,18,4,0,0,0.12178357369011666,0.18181818181818182,0.8181818181818182,0.011363636363636314,0.004025016100064424
historical,0.05,0.025,2,side,-1,41,41,5.461857073361603e-06,5.461857073361603e-06,1.0003516090011486,0.7073170731707317,0.00022393614000782575,0.021969434625562265,-0.053074139000108156,3,0.28387578745470265,0.0006639111372970458,0.0010996348488744865,-0.0004411855686508017,19.033333333333335,137.71666666666667,221.23333333333332,0,0.0,29,12,0,0,0.00010923714146723206,0.2926829268292683,0.7073170731707317,0.0030487804878048808,0.002384869350507835
historical,0.05,0.025,2,side,1,54,54,0.004303227746289014,0.004303227746289014,1.3601664448554573,0.7777777777777778,0.23237429829960674,0.02089428953835117,-0.05376548852592852,3,0.17234030496498834,0.0057943294969243055,0.0011031868812233082,0.00038791486941198376,24.758333333333333,201.8041666666666,366.56666666666666,0,0.0,42,12,0,0,0.08606455492578027,0.2222222222222222,0.7777777777777778,0.008333333333333255,0.002539003836408949
historical,0.05,0.025,2,entry_year,2022,27,27,0.007636387795433012,0.007636387795433012,1.773385299154977,0.8148148148148148,0.2061824704766913,0.02148999179242041,-0.05331946979131156,1,0.09620247777637206,0.008749600961703234,0.0010972547636488859,1.5958402621338184e-05,17.683333333333334,173.2916666666666,213.01666666666668,0,0.0,22,5,0,0,0.15272775590866022,0.18518518518518517,0.8148148148148148,0.011111111111111092,0.0023615101494078574
historical,0.05,0.025,2,entry_year,2023,23,23,-0.004598848873974539,-0.004598848873974539,0.7517788441472134,0.6521739130434783,-0.10577352410141438,0.021356841353065814,-0.05326576804967521,3,0.2969673441815388,-0.003371223441838455,0.0011050005700175391,0.00012262486211854563,42.61666666666667,189.9616666666666,366.56666666666666,0,0.0,15,8,0,0,-0.09197697747949077,0.34782608695652173,0.6521739130434783,-0.001086956521739199,0.0022842669200992564
historical,0.05,0.025,2,entry_year,2024,45,45,0.002937539734763058,0.002937539734763058,1.2242959721434716,0.7555555555555555,0.1321892880643376,0.021221803677141715,-0.05357745790531643,2,0.11941580045288071,0.004031401392430856,0.0011025828591330951,-8.721201465298327e-06,23.616666666666667,122.36999999999992,257.3,0,0.0,34,11,0,0,0.058750794695261156,0.24444444444444444,0.7555555555555555,0.006666666666666621,0.002635265274235765
