delay_minutes,partition,stress,scope,n,mean_adverse_entry_move,median_adverse_entry_move,pre_entry_baseline_stops,pre_entry_baseline_targets
1,evaluation,1,all_raw,15,0.0006985246636298292,0.0006406380162633507,0,0
1,evaluation,1,baseline_admitted,15,0.0006985246636298292,0.0006406380162633507,0,0
1,evaluation,2,all_raw,15,0.0006985246636298292,0.0006406380162633507,0,0
1,evaluation,2,baseline_admitted,15,0.0006985246636298292,0.0006406380162633507,0,0
1,historical,1,all_raw,45,0.0002700202745290826,-0.00010087763542832029,0,0
1,historical,1,baseline_admitted,41,0.0003556189297079427,0.00011906179307064058,0,0
1,historical,2,all_raw,45,0.0002700202745290826,-0.00010087763542832029,0,0
1,historical,2,baseline_admitted,41,0.0003556189297079427,0.00011906179307064058,0,0
1,reserved_replication,1,all_raw,9,-0.0002580454183821838,-0.0003876344607034454,0,0
1,reserved_replication,1,baseline_admitted,9,-0.0002580454183821838,-0.0003876344607034454,0,0
1,reserved_replication,2,all_raw,9,-0.0002580454183821838,-0.0003876344607034454,0,0
1,reserved_replication,2,baseline_admitted,9,-0.0002580454183821838,-0.0003876344607034454,0,0
5,evaluation,1,all_raw,15,0.00017812879289071196,0.000483726072835422,0,0
5,evaluation,1,baseline_admitted,15,0.00017812879289071196,0.000483726072835422,0,0
5,evaluation,2,all_raw,15,0.00017812879289071196,0.000483726072835422,0,0
5,evaluation,2,baseline_admitted,15,0.00017812879289071196,0.000483726072835422,0,0
5,historical,1,all_raw,45,-0.0004221348246706613,-0.000794987791258972,0,0
5,historical,1,baseline_admitted,41,-0.0006541116593397392,-0.0010205122971731484,0,0
5,historical,2,all_raw,45,-0.0004221348246706613,-0.000794987791258972,0,0
5,historical,2,baseline_admitted,41,-0.0006541116593397392,-0.0010205122971731484,0,0
5,reserved_replication,1,all_raw,9,-0.00026916595855666327,0.00021448871253171298,0,0
5,reserved_replication,1,baseline_admitted,9,-0.00026916595855666327,0.00021448871253171298,0,0
5,reserved_replication,2,all_raw,9,-0.00026916595855666327,0.00021448871253171298,0,0
5,reserved_replication,2,baseline_admitted,9,-0.00026916595855666327,0.00021448871253171298,0,0
15,evaluation,1,all_raw,15,0.0005274673309140961,-0.0002204394542342225,0,0
15,evaluation,1,baseline_admitted,15,0.0005274673309140961,-0.0002204394542342225,0,0
15,evaluation,2,all_raw,15,0.0005274673309140961,-0.0002204394542342225,0,0
15,evaluation,2,baseline_admitted,15,0.0005274673309140961,-0.0002204394542342225,0,0
15,historical,1,all_raw,45,-0.00030830844265312436,-0.001251150822690672,0,0
15,historical,1,baseline_admitted,41,-0.0006201239612604028,-0.0012917780201160411,0,0
15,historical,2,all_raw,45,-0.00030830844265312436,-0.001251150822690672,0,0
15,historical,2,baseline_admitted,41,-0.0006201239612604028,-0.0012917780201160411,0,0
15,reserved_replication,1,all_raw,9,0.00020825264908265318,5.767677932855264e-05,0,0
15,reserved_replication,1,baseline_admitted,9,0.00020825264908265318,5.767677932855264e-05,0,0
15,reserved_replication,2,all_raw,9,0.00020825264908265318,5.767677932855264e-05,0,0
15,reserved_replication,2,baseline_admitted,9,0.00020825264908265318,5.767677932855264e-05,0,0
