delay_minutes,arm,partition,stress,excluded_symbol,n,mean_net,method
0,delay_0m,historical,1,BTCUSDT,26,0.0007017019099076686,remove admitted subset; no replacement replay
0,delay_0m,historical,1,ETHUSDT,24,0.008194133870902431,remove admitted subset; no replacement replay
0,delay_0m,historical,1,SOLUSDT,32,0.0023282665342577503,remove admitted subset; no replacement replay
0,delay_0m,historical,2,BTCUSDT,26,-0.003466823039807668,remove admitted subset; no replacement replay
0,delay_0m,historical,2,ETHUSDT,24,0.005624220732112331,remove admitted subset; no replacement replay
0,delay_0m,historical,2,SOLUSDT,32,0.0003982838615673415,remove admitted subset; no replacement replay
0,delay_0m,evaluation,1,BTCUSDT,8,0.01727297958279765,remove admitted subset; no replacement replay
0,delay_0m,evaluation,1,ETHUSDT,13,0.012701416926500076,remove admitted subset; no replacement replay
0,delay_0m,evaluation,1,SOLUSDT,9,0.013291160841992757,remove admitted subset; no replacement replay
0,delay_0m,evaluation,2,BTCUSDT,8,0.01639453899077849,remove admitted subset; no replacement replay
0,delay_0m,evaluation,2,ETHUSDT,13,0.008528188375088827,remove admitted subset; no replacement replay
0,delay_0m,evaluation,2,SOLUSDT,9,0.007816392596962991,remove admitted subset; no replacement replay
0,delay_0m,reserved_replication,1,BTCUSDT,6,0.022924222762707794,remove admitted subset; no replacement replay
0,delay_0m,reserved_replication,1,ETHUSDT,8,0.017365299947775983,remove admitted subset; no replacement replay
0,delay_0m,reserved_replication,1,SOLUSDT,4,0.011950795276311849,remove admitted subset; no replacement replay
0,delay_0m,reserved_replication,2,BTCUSDT,6,0.022009557223121607,remove admitted subset; no replacement replay
0,delay_0m,reserved_replication,2,ETHUSDT,8,0.016557141587513792,remove admitted subset; no replacement replay
0,delay_0m,reserved_replication,2,SOLUSDT,4,0.011450408005670015,remove admitted subset; no replacement replay
1,delay_1m,historical,1,BTCUSDT,26,0.0006947367741246514,remove admitted subset; no replacement replay
1,delay_1m,historical,1,ETHUSDT,24,0.006348247356251062,remove admitted subset; no replacement replay
1,delay_1m,historical,1,SOLUSDT,32,0.0009381519416140276,remove admitted subset; no replacement replay
1,delay_1m,historical,2,BTCUSDT,26,1.820730421299806e-05,remove admitted subset; no replacement replay
1,delay_1m,historical,2,ETHUSDT,24,0.0056357421806672164,remove admitted subset; no replacement replay
1,delay_1m,historical,2,SOLUSDT,32,0.00041879664037174037,remove admitted subset; no replacement replay
1,delay_1m,evaluation,1,BTCUSDT,8,0.006050261683964629,remove admitted subset; no replacement replay
1,delay_1m,evaluation,1,ETHUSDT,13,0.0023459810123382385,remove admitted subset; no replacement replay
1,delay_1m,evaluation,1,SOLUSDT,9,0.008326163411833289,remove admitted subset; no replacement replay
1,delay_1m,evaluation,2,BTCUSDT,8,0.0051607351067513,remove admitted subset; no replacement replay
1,delay_1m,evaluation,2,ETHUSDT,13,0.0016174945594246122,remove admitted subset; no replacement replay
1,delay_1m,evaluation,2,SOLUSDT,9,0.0077972909509584735,remove admitted subset; no replacement replay
1,delay_1m,reserved_replication,1,BTCUSDT,6,0.015384828780165095,remove admitted subset; no replacement replay
1,delay_1m,reserved_replication,1,ETHUSDT,8,0.017365390969789573,remove admitted subset; no replacement replay
1,delay_1m,reserved_replication,1,SOLUSDT,4,0.0006416696987419541,remove admitted subset; no replacement replay
1,delay_1m,reserved_replication,2,BTCUSDT,6,0.014473934835236119,remove admitted subset; no replacement replay
1,delay_1m,reserved_replication,2,ETHUSDT,8,0.016557232599607886,remove admitted subset; no replacement replay
1,delay_1m,reserved_replication,2,SOLUSDT,4,0.00014693976654151994,remove admitted subset; no replacement replay
5,delay_5m,historical,1,BTCUSDT,26,0.004159643042018722,remove admitted subset; no replacement replay
5,delay_5m,historical,1,ETHUSDT,24,0.008217185413310818,remove admitted subset; no replacement replay
5,delay_5m,historical,1,SOLUSDT,32,0.002366039509441597,remove admitted subset; no replacement replay
5,delay_5m,historical,2,BTCUSDT,26,0.001772926941538582,remove admitted subset; no replacement replay
5,delay_5m,historical,2,ETHUSDT,24,0.005662731996792969,remove admitted subset; no replacement replay
5,delay_5m,historical,2,SOLUSDT,32,0.0018650150010644925,remove admitted subset; no replacement replay
5,delay_5m,evaluation,1,BTCUSDT,8,0.01164430729679945,remove admitted subset; no replacement replay
5,delay_5m,evaluation,1,ETHUSDT,13,0.005802648301837915,remove admitted subset; no replacement replay
5,delay_5m,evaluation,1,SOLUSDT,9,0.008329497760202172,remove admitted subset; no replacement replay
5,delay_5m,evaluation,2,BTCUSDT,8,0.010771500963219785,remove admitted subset; no replacement replay
5,delay_5m,evaluation,2,ETHUSDT,13,0.0016071265056009478,remove admitted subset; no replacement replay
5,delay_5m,evaluation,2,SOLUSDT,9,0.0028175199514529257,remove admitted subset; no replacement replay
5,delay_5m,reserved_replication,1,BTCUSDT,6,0.015384935769361287,remove admitted subset; no replacement replay
5,delay_5m,reserved_replication,1,ETHUSDT,8,0.017365491783553427,remove admitted subset; no replacement replay
5,delay_5m,reserved_replication,1,SOLUSDT,4,0.0006417324269756587,remove admitted subset; no replacement replay
5,delay_5m,reserved_replication,2,BTCUSDT,6,0.014474041844963982,remove admitted subset; no replacement replay
5,delay_5m,reserved_replication,2,ETHUSDT,8,0.016557333416285066,remove admitted subset; no replacement replay
5,delay_5m,reserved_replication,2,SOLUSDT,4,0.00014700245902284428,remove admitted subset; no replacement replay
15,delay_15m,historical,1,BTCUSDT,26,0.004160165161909402,remove admitted subset; no replacement replay
15,delay_15m,historical,1,ETHUSDT,24,0.0063172890651155035,remove admitted subset; no replacement replay
15,delay_15m,historical,1,SOLUSDT,32,0.003749638757526614,remove admitted subset; no replacement replay
15,delay_15m,historical,2,BTCUSDT,26,0.0034908273569135427,remove admitted subset; no replacement replay
15,delay_15m,historical,2,ETHUSDT,24,0.005628130104414465,remove admitted subset; no replacement replay
15,delay_15m,historical,2,SOLUSDT,32,0.003253617338235264,remove admitted subset; no replacement replay
15,delay_15m,evaluation,1,BTCUSDT,8,0.011653404446502253,remove admitted subset; no replacement replay
15,delay_15m,evaluation,1,ETHUSDT,13,0.005798766875918709,remove admitted subset; no replacement replay
15,delay_15m,evaluation,1,SOLUSDT,9,0.008332678843047184,remove admitted subset; no replacement replay
15,delay_15m,evaluation,2,BTCUSDT,8,0.010756519549760759,remove admitted subset; no replacement replay
15,delay_15m,evaluation,2,ETHUSDT,13,0.00505533794746375,remove admitted subset; no replacement replay
15,delay_15m,evaluation,2,SOLUSDT,9,0.007828452137584279,remove admitted subset; no replacement replay
15,delay_15m,reserved_replication,1,BTCUSDT,6,0.01538496178426213,remove admitted subset; no replacement replay
15,delay_15m,reserved_replication,1,ETHUSDT,8,0.017365485011222898,remove admitted subset; no replacement replay
15,delay_15m,reserved_replication,1,SOLUSDT,4,0.0006421339602878376,remove admitted subset; no replacement replay
15,delay_15m,reserved_replication,2,BTCUSDT,6,0.01447406777478119,remove admitted subset; no replacement replay
15,delay_15m,reserved_replication,2,ETHUSDT,8,0.016557326595343178,remove admitted subset; no replacement replay
15,delay_15m,reserved_replication,2,SOLUSDT,4,0.0001474037959145356,remove admitted subset; no replacement replay
