delay_minutes,partition,stress,view,original_admitted,unfilled_endpoints,n,n_closed,mean,closed_mean,pf,win_rate,sum_return_units,average_win,average_loss,mean_gross,mean_fees,mean_funding,median_hours,p95_hours,max_hours,boundary_count,boundary_net,target_count,stop_count,regime_count,ambiguous_count,mean_R,stop_rate,closed_win_rate,mean_quoted,mean_slippage_drag,entry_dates,entry_weeks,tokens,profitable_tokens,min_leave_one_token_out_mean_R,largest_token_share_positive_R,block_1_low_R,block_1_high_R,block_1_draws,block_4_low_R,block_4_high_R,block_4_draws,entry_order_additive_trade_drawdown,entry_order_max_loss_streak,exit_order_closed_max_loss_streak
1,evaluation,1,counterfactual_original_admitted_signals,15,0,15,15,0.005127843911287124,0.005127843911287124,1.584755799646781,0.6,0.07691765866930686,0.02316174940891111,-0.021923014335148854,0.006303000000000014,0.001099649466666667,7.550662204622351e-05,16.183333333333334,103.8816666666665,202.5,0,0.0,9,6,0,0,0.25639219556435616,0.4,0.6,0.007696999999999917,0.0013939999999999027,15,14,3,3,0.11729905061691191,0.6035012806159831,-0.35307249270602903,0.8149552342486862,10000,-0.25230333049632875,0.7304793844721427,10000,0.06665441539542079,3,3
1,evaluation,2,counterfactual_original_admitted_signals,15,0,15,15,0.004416297622838555,0.004416297622838555,1.487426149394863,0.6,0.06624446434257832,0.02246123703688484,-0.022651111498230878,0.005605999999999992,0.0010994822666666665,9.022011049477224e-05,16.183333333333334,103.84666666666652,202.5,0,0.0,9,6,0,0,0.22081488114192774,0.4,0.6,0.008393999999999902,0.002787999999999909,15,14,3,2,0.08087472797123062,0.6443410973610876,-0.39626002894121476,0.7819321409385593,10000,-0.28861871472770995,0.6950756450185247,10000,0.06959235025929744,3,3
1,historical,1,counterfactual_original_admitted_signals,41,0,41,41,0.002444414083035553,0.002444414083035553,1.244508746517124,0.5365853658536586,0.10022097740445768,0.023186730116274104,-0.021573004481766977,0.003534024390243916,0.001102198256097561,-1.2587948889196928e-05,15.35,94.51666666666667,137.7,0,0.0,22,19,0,0,0.12222070415177765,0.4634146341463415,0.5365853658536586,0.004758658536585265,0.001224634146341349,38,36,3,2,0.034736838706232516,0.5392421500158666,-0.2226304774494822,0.4548096331250625,10000,-0.2511118489314161,0.45201313589657516,10000,0.12118572764546832,3,7
1,historical,2,counterfactual_original_admitted_signals,41,0,41,41,0.0018186913992371569,0.0018186913992371569,1.176898127023621,0.5365853658536586,0.07456634736872343,0.022549443372703863,-0.02218533720161903,0.0029217073170731424,0.001102116024390244,8.99893445741596e-07,15.55,94.5,137.7,0,0.0,22,19,0,0,0.09093456996185784,0.4634146341463415,0.5365853658536586,0.005370975609756028,0.002449268292682885,38,36,3,2,0.0009103652106499191,0.5477905947134543,-0.25262992754646285,0.4236801101658301,10000,-0.2823509604684585,0.4210488190619934,10000,0.12869599524829883,3,7
1,reserved_replication,1,counterfactual_original_admitted_signals,9,0,9,9,0.01298882106857083,0.01298882106857083,3.6436018067888836,0.7777777777777778,0.11689938961713747,0.02301701879003004,-0.022109870956536416,0.014227222222222231,0.0010960198333333335,0.0001423813203180658,16.2,99.46,115.76666666666667,0,0.0,7,2,0,0,0.6494410534285415,0.2222222222222222,0.7777777777777778,0.015772777777777684,0.0015455555555554544,7,7,3,2,0.03208348493709773,0.822992633890833,0.018674546887417282,1.1554816432052388,9998,-0.14239267460645685,1.1544193252789818,9998,0.04421974191307283,2,1
1,reserved_replication,2,counterfactual_original_admitted_signals,9,0,9,9,0.01221606827080255,0.01221606827080255,3.43247442534667,0.7777777777777778,0.10994461443722295,0.02216332667720704,-0.02259933615161317,0.013454444444444484,0.001096011888888889,0.00014236428475304736,16.2,99.46,115.76666666666667,0,0.0,7,2,0,0,0.6108034135401276,0.2222222222222222,0.7777777777777778,0.016545555555555518,0.0030911111111110324,7,7,3,2,0.007346988327075976,0.8255973236557561,-0.018940036451112863,1.1169065510210376,9998,-0.1779789121376963,1.1146647687130495,9998,0.04519867230322634,2,1
5,evaluation,1,counterfactual_original_admitted_signals,15,0,15,15,0.008118478871336935,0.008118478871336935,2.1140505944417822,0.6666666666666666,0.12177718307005402,0.023108746366020352,-0.021862056118029896,0.009300000000000011,0.0011012978166666668,8.022331199641086e-05,15.9,103.81499999999984,202.43333333333334,0,0.0,10,5,0,0,0.40592394356684675,0.3333333333333333,0.6666666666666666,0.010699999999999887,0.0013999999999998755,15,14,3,3,0.2901324150918958,0.384404549753014,-0.20293749611941755,0.9463445194951782,10000,-0.1687773962523421,0.9052196491159036,10000,0.044485788307317004,2,3
5,evaluation,2,counterfactual_original_admitted_signals,15,0,15,15,0.004414077728054897,0.004414077728054897,1.4919436785812725,0.6,0.06621116592082346,0.022311345959121855,-0.022431824618545537,0.005596999999999978,0.0011027806166666666,8.014165527841385e-05,15.9,103.81499999999984,202.43333333333334,0,0.0,9,6,0,0,0.22070388640274485,0.4,0.6,0.008402999999999916,0.0028059999999999383,15,14,3,2,0.08035632528004738,0.5259076880598527,-0.4316534772174584,0.790846755695885,10000,-0.48016072475164984,0.8151497260036188,10000,0.06614412593024512,3,3
5,historical,1,counterfactual_original_admitted_signals,41,0,41,41,0.004647273577000946,0.004647273577000946,1.521057754228379,0.5853658536585366,0.19053821665703877,0.023175584469855803,-0.02151034180114708,0.005727499999999999,0.001103404667682927,-2.317824468387309e-05,16.2,94.46666666666667,137.63333333333333,0,0.0,24,17,0,0,0.23236367885004727,0.4146341463414634,0.5853658536585366,0.00695542682926818,0.001227926829268181,38,36,3,2,0.1183019754720799,0.5822398758384749,-0.10839869753822358,0.5590138950597097,10000,-0.14303800293694077,0.5744871960428523,10000,0.10445570673007393,3,7
5,historical,2,counterfactual_original_admitted_signals,41,0,41,41,0.002947343273623149,0.002947343273623149,1.3035453936356245,0.5609756097560976,0.12084107421854912,0.022562605700082655,-0.022116603160186217,0.004018170731707332,0.0011027190792682927,-3.1891621184109816e-05,15.416666666666666,94.46666666666667,137.63333333333333,0,0.0,23,18,0,0,0.14736716368115746,0.43902439024390244,0.5609756097560976,0.006469634146341402,0.00245146341463407,38,36,3,2,0.08864634707692913,0.5499772737852581,-0.19732495857392218,0.4783874879980402,10000,-0.2160420689116466,0.4710045498565911,10000,0.10831125588101795,3,7
5,reserved_replication,1,counterfactual_original_admitted_signals,9,0,9,9,0.01298891547736099,0.01298891547736099,3.6436371413773285,0.7777777777777778,0.1169002392962489,0.02301710165400575,-0.022109736140895675,0.014227222222222256,0.0010960198333333335,0.0001422869115279333,16.133333333333333,99.39333333333333,115.7,0,0.0,7,2,0,0,0.6494457738680495,0.2222222222222222,0.7777777777777778,0.015772777777777722,0.0015455555555554668,7,7,3,2,0.032086621348782984,0.822992166111799,0.018681958617720668,1.1554857599240211,9998,-0.14238700706542223,1.1544237654144809,9998,0.04421947228179135,2,1
5,reserved_replication,2,counterfactual_original_admitted_signals,9,0,9,9,0.012216162679786433,0.012216162679786433,3.432507727949201,0.7777777777777778,0.1099454641180779,0.022163409560671945,-0.022599201403312855,0.013454444444444448,0.001096011888888889,0.0001422698757691264,16.133333333333333,99.39333333333333,115.7,0,0.0,7,2,0,0,0.6108081339893217,0.2222222222222222,0.7777777777777778,0.016545555555555504,0.0030911111111110567,7,7,3,2,0.007350122951142235,0.8255968181327686,-0.01893233892634899,1.1169074650657465,9998,-0.17797324837226564,1.114668471511913,9998,0.04519840280662571,2,1
15,evaluation,1,counterfactual_original_admitted_signals,15,0,15,15,0.008120177151546197,0.008120177151546197,2.115037801691092,0.6666666666666666,0.12180265727319295,0.02310390052144594,-0.02184726958825329,0.009293999999999988,0.0011045978166666667,6.922503178712494e-05,14.816666666666666,103.57833333333319,202.26666666666668,0,0.0,10,5,0,0,0.4060088575773098,0.3333333333333333,0.6666666666666666,0.010705999999999875,0.0014119999999998875,15,14,3,3,0.28993834379593547,0.38429824712921273,-0.22588593230351375,0.9478770806226003,10000,-0.14252119424356918,0.9366264563325946,10000,0.04331158142915577,2,2
15,evaluation,2,counterfactual_original_admitted_signals,15,0,15,15,0.007407587298445779,0.007407587298445779,1.985698105906377,0.6666666666666666,0.11111380947668668,0.02238398143364752,-0.022545200971957714,0.008587999999999974,0.0011044289666666668,7.598373488752955e-05,14.816666666666666,103.46166666666653,202.26666666666668,0,0.0,10,5,0,0,0.3703793649222889,0.3333333333333333,0.6666666666666666,0.011411999999999903,0.0028239999999999303,15,14,3,3,0.2527668973731875,0.40853982392874705,-0.2616506325152204,0.9106332197600311,10000,-0.1775187705014823,0.9008007607845032,10000,0.04431153669967046,2,2
15,historical,1,counterfactual_original_admitted_signals,41,0,41,41,0.0046313130733325394,0.0046313130733325394,1.517940220765856,0.5853658536585366,0.1898838360066341,0.023187385692373035,-0.02156549533001875,0.005729146341463436,0.0011021976524390245,-4.364384308127044e-06,15.25,105.1,137.46666666666667,0,0.0,24,17,0,0,0.23156565366662696,0.4146341463414634,0.5853658536585366,0.006953780487804774,0.0012246341463413382,38,36,3,3,0.18748193787633066,0.4303659727736624,-0.10897760208440566,0.5583242202515922,10000,-0.14419120819830808,0.5734893810853977,10000,0.0829368203308686,3,7
15,historical,2,counterfactual_original_admitted_signals,41,0,41,41,0.004023809617185705,0.004023809617185705,1.4382968880310698,0.5853658536585366,0.1649761943046139,0.022557459846972754,-0.02214134364839601,0.005116829268292679,0.0011021148170731708,-9.095165966196173e-06,14.116666666666667,105.26666666666667,137.46666666666667,0,0.0,24,17,0,0,0.20119048085928526,0.4146341463414634,0.5853658536585366,0.007566097560975512,0.002449268292682834,38,36,3,3,0.1626808669117632,0.4498508608328723,-0.13845833257618467,0.5272661503040472,10000,-0.1747070778702407,0.5440130021456677,10000,0.08578796856461021,3,7
15,reserved_replication,1,counterfactual_original_admitted_signals,9,0,9,9,0.012989010368694851,0.012989010368694851,3.643751543104858,0.7777777777777778,0.11690109331825366,0.023016996449608022,-0.022108940914501253,0.014227222222222244,0.0010960198333333333,0.00014219202019406067,15.966666666666667,98.77999999999999,115.4,0,0.0,7,2,0,0,0.6494505184347426,0.2222222222222222,0.7777777777777778,0.015772777777777684,0.001545555555555442,7,7,3,2,0.03210669801439192,0.822987073231844,0.01869808079323702,1.1554859957792707,9998,-0.14236500007315872,1.1544188801782995,9998,0.044217881829002506,2,1
15,reserved_replication,2,counterfactual_original_admitted_signals,9,0,9,9,0.01221625747750504,0.01221625747750504,3.432612160881007,0.7777777777777778,0.10994631729754537,0.022163304349402026,-0.022598406574134415,0.013454444444444399,0.001096011888888889,0.00014217507805046946,15.966666666666667,98.77999999999999,115.4,0,0.0,7,2,0,0,0.610812873875252,0.2222222222222222,0.7777777777777778,0.016545555555555466,0.0030911111111110692,7,7,3,2,0.007370189795726734,0.8255914797308241,-0.01891512716937011,1.116904535091056,9998,-0.17795125197714592,1.1146615540963658,9998,0.04519681314826883,2,1
