delay_minutes,partition,stress,scope,from_reason,to_reason,n,difference_additive_sum,exit_minute_changes
1,evaluation,1,all_raw,stop,stop,3,1.4675015301210403e-07,1
1,evaluation,1,all_raw,target,stop,3,-0.13462034243377174,3
1,evaluation,1,all_raw,target,target,9,7.650221051706818e-05,2
1,evaluation,1,baseline_admitted,stop,stop,3,1.4675015301210403e-07,1
1,evaluation,1,baseline_admitted,target,stop,3,-0.13462034243377174,3
1,evaluation,1,baseline_admitted,target,target,9,7.650221051706818e-05,2
1,evaluation,2,all_raw,stop,stop,4,3.271182681192919e-05,3
1,evaluation,2,all_raw,target,stop,2,-0.08976897648426471,2
1,evaluation,2,all_raw,target,target,9,-0.0002044180874936942,4
1,evaluation,2,baseline_admitted,stop,stop,4,3.271182681192919e-05,3
1,evaluation,2,baseline_admitted,target,stop,2,-0.08976897648426471,2
1,evaluation,2,baseline_admitted,target,target,9,-0.0002044180874936942,4
1,historical,1,all_raw,stop,stop,19,0.0006174443403245307,11
1,historical,1,all_raw,stop,target,1,0.045506761323460904,1
1,historical,1,all_raw,target,stop,2,-0.09060651387554158,2
1,historical,1,all_raw,target,target,23,-1.0279906308557907e-06,10
1,historical,1,baseline_admitted,stop,stop,17,0.0006174796705427504,10
1,historical,1,baseline_admitted,stop,target,1,0.045506761323460904,1
1,historical,1,baseline_admitted,target,stop,2,-0.09060651387554158,2
1,historical,1,baseline_admitted,target,target,21,-7.455417573021261e-07,9
1,historical,2,all_raw,stop,stop,20,-3.964324026441146e-05,10
1,historical,2,all_raw,stop,target,2,0.09064430317791436,2
1,historical,2,all_raw,target,stop,1,-0.04493027474999997,1
1,historical,2,all_raw,target,target,22,9.715347245618094e-05,8
1,historical,2,baseline_admitted,stop,stop,18,-3.9607892363069386e-05,9
1,historical,2,baseline_admitted,stop,target,2,0.09064430317791436,2
1,historical,2,baseline_admitted,target,stop,1,-0.04493027474999997,1
1,historical,2,baseline_admitted,target,target,20,9.743578024638128e-05,8
1,reserved_replication,1,all_raw,stop,stop,1,2.9251765413726427e-07,0
1,reserved_replication,1,all_raw,target,stop,1,-0.04523679719082224,1
1,reserved_replication,1,all_raw,target,target,7,4.356584545894826e-07,1
1,reserved_replication,1,baseline_admitted,stop,stop,1,2.9251765413726427e-07,0
1,reserved_replication,1,baseline_admitted,target,stop,1,-0.04523679719082224,1
1,reserved_replication,1,baseline_admitted,target,target,7,4.356584545894826e-07,1
1,reserved_replication,2,all_raw,stop,stop,1,2.9237154131403487e-07,0
1,reserved_replication,2,all_raw,target,stop,1,-0.045214167690289825,1
1,reserved_replication,2,all_raw,target,target,7,4.35725211436061e-07,2
1,reserved_replication,2,baseline_admitted,stop,stop,1,2.9237154131403487e-07,0
1,reserved_replication,2,baseline_admitted,target,stop,1,-0.045214167690289825,1
1,reserved_replication,2,baseline_admitted,target,target,7,4.35725211436061e-07,2
5,evaluation,1,all_raw,stop,stop,3,5.8957597936813017e-05,3
5,evaluation,1,all_raw,target,stop,2,-0.08979044001177328,2
5,evaluation,1,all_raw,target,target,10,4.731334148196792e-05,4
5,evaluation,1,baseline_admitted,stop,stop,3,5.8957597936813017e-05,3
5,evaluation,1,baseline_admitted,target,stop,2,-0.08979044001177328,2
5,evaluation,1,baseline_admitted,target,target,10,4.731334148196792e-05,4
5,evaluation,2,all_raw,stop,stop,4,3.248833144475771e-05,3
5,evaluation,2,all_raw,target,stop,2,-0.09005322381775932,2
5,evaluation,2,all_raw,target,target,9,4.67543196132382e-05,3
5,evaluation,2,baseline_admitted,stop,stop,4,3.248833144475771e-05,3
5,evaluation,2,baseline_admitted,target,stop,2,-0.09005322381775932,2
5,evaluation,2,baseline_admitted,target,target,9,4.67543196132382e-05,3
5,historical,1,all_raw,stop,stop,18,0.00048032643593281035,12
5,historical,1,all_raw,stop,target,2,0.09013545658978735,2
5,historical,1,all_raw,target,stop,1,-0.04495276237499978,1
5,historical,1,all_raw,target,target,24,0.00017165816093587388,14
5,historical,1,baseline_admitted,stop,stop,16,0.0004805735790732006,11
5,historical,1,baseline_admitted,stop,target,2,0.09013545658978735,2
5,historical,1,baseline_admitted,target,stop,1,-0.04495276237499978,1
5,historical,1,baseline_admitted,target,target,22,0.00017095303542513998,13
5,historical,2,all_raw,stop,stop,19,0.0006130224391312639,10
5,historical,2,all_raw,stop,target,3,0.13627538230885658,3
5,historical,2,all_raw,target,stop,1,-0.04493027474999986,1
5,historical,2,all_raw,target,target,22,8.89106740998083e-05,14
5,historical,2,baseline_admitted,stop,stop,17,0.000613269705967253,9
5,historical,2,baseline_admitted,stop,target,3,0.13627538230885658,3
5,historical,2,baseline_admitted,target,stop,1,-0.04493027474999986,1
5,historical,2,baseline_admitted,target,target,20,8.82059007993978e-05,13
5,reserved_replication,1,all_raw,stop,stop,1,5.189799350546753e-07,0
5,reserved_replication,1,all_raw,target,stop,1,-0.045236754021821673,1
5,reserved_replication,1,all_raw,target,target,7,1.0157062845274345e-06,2
5,reserved_replication,1,baseline_admitted,stop,stop,1,5.189799350546753e-07,0
5,reserved_replication,1,baseline_admitted,target,stop,1,-0.045236754021821673,1
5,reserved_replication,1,baseline_admitted,target,target,7,1.0157062845274345e-06,2
5,reserved_replication,2,all_raw,stop,stop,1,5.187207044281272e-07,0
5,reserved_replication,2,all_raw,target,stop,1,-0.04521412454285231,1
5,reserved_replication,2,all_raw,target,target,7,1.0159094657562207e-06,5
5,reserved_replication,2,baseline_admitted,stop,stop,1,5.187207044281272e-07,0
5,reserved_replication,2,baseline_admitted,target,stop,1,-0.04521412454285231,1
5,reserved_replication,2,baseline_admitted,target,target,7,1.0159094657562207e-06,5
15,evaluation,1,all_raw,stop,stop,3,5.888574308685057e-05,3
15,evaluation,1,all_raw,target,stop,2,-0.08989513590905525,2
15,evaluation,1,all_raw,target,target,10,0.00017755529675282655,3
15,evaluation,1,baseline_admitted,stop,stop,3,5.888574308685057e-05,3
15,evaluation,1,baseline_admitted,target,stop,2,-0.08989513590905525,2
15,evaluation,1,baseline_admitted,target,target,10,0.00017755529675282655,3
15,evaluation,2,all_raw,stop,stop,4,3.230250481331409e-05,4
15,evaluation,2,all_raw,target,stop,1,-0.04517872923354558,1
15,evaluation,2,all_raw,target,target,10,7.508911789413236e-05,2
15,evaluation,2,baseline_admitted,stop,stop,4,3.230250481331409e-05,4
15,evaluation,2,baseline_admitted,target,stop,1,-0.04517872923354558,1
15,evaluation,2,baseline_admitted,target,target,10,7.508911789413236e-05,2
15,historical,1,all_raw,stop,stop,17,-1.038502384195783e-05,14
15,historical,1,all_raw,stop,target,3,0.13518084589767976,3
15,historical,1,all_raw,target,stop,2,-0.08988303712499932,2
15,historical,1,all_raw,target,target,23,-0.0001065420599594552,16
15,historical,1,baseline_admitted,stop,stop,15,-9.855911745477314e-06,13
15,historical,1,baseline_admitted,stop,target,3,0.13518084589767976,3
15,historical,1,baseline_admitted,target,stop,2,-0.08988303712499932,2
15,historical,1,baseline_admitted,target,target,21,-0.00010811268205377159,14
15,historical,2,all_raw,stop,stop,17,0.0001771941896689007,12
15,historical,2,all_raw,stop,target,5,0.22592771072842288,5
15,historical,2,all_raw,target,stop,2,-0.08981557424999986,2
15,historical,2,all_raw,target,target,21,-0.00020855714901529127,13
15,historical,2,baseline_admitted,stop,stop,15,0.00017772356658691743,11
15,historical,2,baseline_admitted,stop,target,5,0.22592771072842288,5
15,historical,2,baseline_admitted,target,stop,2,-0.08981557424999986,2
15,historical,2,baseline_admitted,target,target,19,-0.00010815679332181263,11
15,reserved_replication,1,all_raw,stop,stop,1,1.2012320748898409e-06,1
15,reserved_replication,1,all_raw,target,stop,1,-0.04523584582117267,1
15,reserved_replication,1,all_raw,target,target,7,2.7927550043382876e-07,1
15,reserved_replication,1,baseline_admitted,stop,stop,1,1.2012320748898409e-06,1
15,reserved_replication,1,baseline_admitted,target,stop,1,-0.04523584582117267,1
15,reserved_replication,1,baseline_admitted,target,target,7,2.7927550043382876e-07,1
15,reserved_replication,2,all_raw,stop,stop,1,1.2006320587558406e-06,1
15,reserved_replication,2,all_raw,target,stop,1,-0.04521321679584976,1
15,reserved_replication,2,all_raw,target,target,7,2.7943057635121393e-07,2
15,reserved_replication,2,baseline_admitted,stop,stop,1,1.2006320587558406e-06,1
15,reserved_replication,2,baseline_admitted,target,stop,1,-0.04521321679584976,1
15,reserved_replication,2,baseline_admitted,target,target,7,2.7943057635121393e-07,2
