arm,partition,stress,scope,entry_year,n,n_closed,mean,closed_mean,pf,win_rate,sum_return_units,average_win,average_loss,max_losing_streak,closed_trade_drawdown,mean_gross,mean_fees,mean_funding,median_hours,p95_hours,max_hours,boundary_count,boundary_net,target_count,stop_count,regime_count,ambiguous_count,mean_R,stop_rate,closed_win_rate,mean_quoted,mean_slippage_drag
baseline,historical,1,full_basket,2022,27,27,0.006052280363326772,0.006052280363326772,1.7346615105663863,0.6296296296296297,0.16341156980982283,0.022696627786952302,-0.022243110256836632,4,0.08859281514736815,0.0071471191440618245,0.0010992405127981163,-4.4017320630639574e-06,14.066666666666666,35.92833333333333,76.76666666666667,0,0.0,17,10,0,0,0.3026140181663386,0.37037037037037035,0.6296296296296297,0.008333333333333307,0.0011862141892714836
baseline,historical,1,full_basket,2023,24,24,-0.003492271710247862,-0.003492271710247862,0.7308419836197053,0.4166666666666667,-0.08381452104594869,0.02275807038598805,-0.022242516064702088,5,0.17751721893993821,-0.0023821895371734423,0.0011023618295317036,7.7203435427165e-06,26.833333333333332,104.5008333333333,137.71666666666667,0,0.0,10,14,0,0,-0.17461358551239312,0.5833333333333334,0.4166666666666667,-0.0012500000000000382,0.001132189537173404
baseline,historical,1,full_basket,2024,46,46,0.00305193478885133,0.00305193478885133,1.3161042547573072,0.5652173913043478,0.14038900028716117,0.022481210138543886,-0.02220612316574899,3,0.06930947055922318,0.00412587557465735,0.0011022916959252812,-2.8350910119262196e-05,12.491666666666667,64.97916666666667,94.53333333333333,0,0.0,26,20,0,0,0.1525967394425665,0.43478260869565216,0.5652173913043478,0.005434782608695611,0.0013089070340382618
baseline,historical,1,eth_sol,2022,12,12,0.007545681942042008,0.007545681942042008,2.0165300824214816,0.6666666666666666,0.09054818330450409,0.022452992132214016,-0.022268938438302,3,0.06592158858804313,0.00857080567575258,0.0011037956253541715,-7.86718916436002e-05,11.108333333333333,30.821666666666662,34.983333333333334,0,0.0,8,4,0,0,0.37728409710210037,0.3333333333333333,0.6666666666666666,0.009999999999999981,0.0014291943242474014
baseline,historical,1,eth_sol,2023,15,15,-0.00717955991947094,-0.00717955991947094,0.5149450563127781,0.3333333333333333,-0.10769339879206409,0.02286593880847186,-0.02220230928344234,6,0.15279815215779305,-0.006212071276286224,0.0011042204124069302,-0.00013673176922221483,23.666666666666668,108.18833333333329,137.71666666666667,0,0.0,5,10,0,0,-0.35897799597354696,0.6666666666666666,0.3333333333333333,-0.005000000000000049,0.0012120712762861753
baseline,historical,1,eth_sol,2024,31,31,0.002063080358143609,0.002063080358143609,1.2038324760715482,0.5483870967741935,0.06395549110245188,0.02221885075779562,-0.02241178369857669,4,0.09194338675439259,0.0032214105710516128,0.0011021248908827043,5.620532202529986e-05,8.933333333333334,50.55,66.46666666666667,0,0.0,17,14,0,0,0.10315401790718046,0.45161290322580644,0.5483870967741935,0.004677419354838664,0.001456008783787051
baseline,historical,2,full_basket,2022,27,27,0.00486573115383727,0.00486573115383727,1.5625264003719515,0.6296296296296297,0.13137474115360628,0.02146581619874502,-0.0233544134225059,4,0.09781509440275639,0.005960696486092004,0.0010993985512203622,-4.4332189656273035e-06,14.066666666666666,35.92833333333333,76.76666666666667,0,0.0,17,10,0,0,0.2432865576918635,0.37037037037037035,0.6296296296296297,0.008333333333333307,0.002372636847241304
baseline,historical,2,full_basket,2023,24,24,-0.004623965646932264,-0.004623965646932264,0.6610417326297614,0.4166666666666667,-0.11097517552637433,0.021642552895373784,-0.0233857646057223,5,0.18854275688300642,-0.003514176714364464,0.0011022035889427342,7.585343625065665e-06,26.833333333333332,104.5008333333333,137.71666666666667,0,0.0,10,14,0,0,-0.2311982823466132,0.5833333333333334,0.4166666666666667,-0.0012500000000000382,0.0022641767143644262
baseline,historical,2,full_basket,2024,46,46,0.0017440789355502681,0.0017440789355502681,1.171060812604582,0.5652173913043478,0.08022763103531233,0.02112416437060808,-0.023450032130024886,3,0.08501352618950431,0.0028176295995063216,0.0011020735765248772,-2.8522912568824038e-05,12.491666666666667,64.97916666666667,94.53333333333333,0,0.0,26,20,0,0,0.0872039467775134,0.43478260869565216,0.5652173913043478,0.005434782608695611,0.0026171530091892896
baseline,historical,2,eth_sol,2022,12,12,0.006116320119561678,0.006116320119561678,1.7792395841671667,0.6666666666666666,0.07339584143474014,0.02094811227626428,-0.023547264193843523,3,0.06898763192567489,0.007141552073691844,0.0011039258345874091,-7.869388045724204e-05,11.108333333333333,30.821666666666662,34.983333333333334,0,0.0,8,4,0,0,0.3058160059780839,0.3333333333333333,0.6666666666666666,0.009999999999999981,0.0028584479263081366
baseline,historical,2,eth_sol,2023,15,15,-0.00839164593682123,-0.00839164593682123,0.4623431466605487,0.3333333333333333,-0.12587468905231844,0.021648491769386595,-0.023411714789925146,6,0.16586379289912265,-0.007424287544587993,0.0011042250498576821,-0.000136866657624444,23.666666666666668,108.18833333333329,137.71666666666667,0,0.0,5,10,0,0,-0.41958229684106146,0.6666666666666666,0.3333333333333333,-0.005000000000000049,0.002424287544587944
baseline,historical,2,eth_sol,2024,31,31,0.0006083356995581425,0.0006083356995581425,1.0566921342215552,0.5483870967741935,0.01885840668630242,0.020676724623362862,-0.023760422279347583,4,0.10607263632524604,0.0017662832813261267,0.0011018559174530089,5.609166431497482e-05,8.933333333333334,50.55,66.46666666666667,0,0.0,17,14,0,0,0.030416784977907126,0.45161290322580644,0.5483870967741935,0.004677419354838664,0.002911136073512537
baseline,evaluation,1,full_basket,2025,36,36,0.004992304929962617,0.004992304929962617,1.572223428502617,0.6111111111111112,0.1797229774786542,0.022445513870469502,-0.02243416626226249,2,0.06767580159887027,0.0061916041421268215,0.0011003157859075785,9.898342625662686e-05,20.358333333333334,147.80416666666667,202.51666666666668,0,0.0,22,14,0,0,0.24961524649813083,0.3888888888888889,0.6111111111111112,0.007499999999999957,0.001308395857873136
baseline,evaluation,1,eth_sol,2025,19,19,0.00566012149174621,0.00566012149174621,1.6768677759032475,0.631578947368421,0.10754230834317799,0.022202050610534523,-0.022697471283319472,2,0.04625095274631777,0.006836484124496135,0.0011008617957328573,7.55008370170679e-05,12.066666666666666,39.22999999999999,44.3,0,0.0,12,7,0,0,0.28300607458731053,0.3684210526315789,0.631578947368421,0.008421052631578902,0.0015845685070827672
baseline,evaluation,2,full_basket,2025,36,36,0.0036850002755653946,0.0036850002755653946,1.3996960400518916,0.6111111111111112,0.1326600099203542,0.02111646578128556,-0.023707302661994865,2,0.07358502541452702,0.004883913416517588,0.001100021518055382,9.889162289681089e-05,20.358333333333334,147.80416666666667,202.51666666666668,0,0.0,22,14,0,0,0.18425001377826972,0.3888888888888889,0.6111111111111112,0.007499999999999957,0.0026160865834823693
baseline,evaluation,2,eth_sol,2025,19,19,0.004076770213485848,0.004076770213485848,1.4561314269600214,0.631578947368421,0.07745863405623112,0.020606259634857325,-0.024259497366008107,2,0.05025132227237779,0.005252773525076097,0.001100567208420846,7.543610316940257e-05,12.066666666666666,39.22999999999999,44.3,0,0.0,12,7,0,0,0.2038385106742924,0.3684210526315789,0.631578947368421,0.008421052631578902,0.0031682791065028057
btc24_confirm,historical,1,full_basket,2022,27,27,0.006052280363326772,0.006052280363326772,1.7346615105663863,0.6296296296296297,0.16341156980982283,0.022696627786952302,-0.022243110256836632,4,0.08859281514736815,0.0071471191440618245,0.0010992405127981163,-4.4017320630639574e-06,14.066666666666666,35.92833333333333,76.76666666666667,0,0.0,17,10,0,0,0.3026140181663386,0.37037037037037035,0.6296296296296297,0.008333333333333307,0.0011862141892714836
btc24_confirm,historical,1,full_basket,2023,20,20,0.0003166675133710195,0.0003166675133710195,1.02862565433929,0.5,0.006333350267420389,0.02275807038598805,-0.022124735359246007,4,0.11042330691138039,0.0014476277851088071,0.0011004657550617001,3.0494516676086968e-05,30.258333333333333,107.66500000000002,137.71666666666667,0,0.0,10,10,0,0,0.015833375668550975,0.5,0.5,0.002499999999999958,0.0010523722148911507
btc24_confirm,historical,1,full_basket,2024,42,42,0.004471442706659007,0.004471442706659007,1.5005695590282855,0.5952380952380952,0.1878005936796783,0.02251897655064887,-0.022069048240384904,3,0.06730661131874509,0.0055204481604143145,0.00110193302155959,-5.2927567804283256e-05,13.15,66.16916666666664,94.53333333333333,0,0.0,25,17,0,0,0.22357213533295037,0.40476190476190477,0.5952380952380952,0.006785714285714244,0.0012652661252999294
btc24_confirm,historical,1,eth_sol,2022,12,12,0.007545681942042008,0.007545681942042008,2.0165300824214816,0.6666666666666666,0.09054818330450409,0.022452992132214016,-0.022268938438302,3,0.06592158858804313,0.00857080567575258,0.0011037956253541715,-7.86718916436002e-05,11.108333333333333,30.821666666666662,34.983333333333334,0,0.0,8,4,0,0,0.37728409710210037,0.3333333333333333,0.6666666666666666,0.009999999999999981,0.0014291943242474014
btc24_confirm,historical,1,eth_sol,2023,11,11,-0.0015950479526086365,-0.0015950479526086365,0.8669535696219186,0.45454545454545453,-0.017545527478695002,0.02286593880847186,-0.021979203586842386,3,0.08570424012923523,-0.0006414513227231462,0.001101448852597915,-0.00014785222271242535,32.3,116.625,137.71666666666667,0,0.0,5,6,0,0,-0.07975239763043182,0.5454545454545454,0.45454545454545453,0.00045454545454539437,0.0010959967772685405
btc24_confirm,historical,1,eth_sol,2024,27,27,0.004124706833147,0.004124706833147,1.4549005581197543,0.5925925925925926,0.11136708449496899,0.022261463315412885,-0.022256029868330657,3,0.06658070576019082,0.005256750889102339,0.001101542241122359,3.0501814832980005e-05,10.333333333333334,54.53666666666665,66.46666666666667,0,0.0,16,11,0,0,0.20623534165735,0.4074074074074074,0.5925925925925926,0.006666666666666619,0.0014099157775642806
btc24_confirm,historical,2,full_basket,2022,27,27,0.00486573115383727,0.00486573115383727,1.5625264003719515,0.6296296296296297,0.13137474115360628,0.02146581619874502,-0.0233544134225059,4,0.09781509440275639,0.005960696486092004,0.0010993985512203622,-4.4332189656273035e-06,14.066666666666666,35.92833333333333,76.76666666666667,0,0.0,17,10,0,0,0.2432865576918635,0.37037037037037035,0.6296296296296297,0.008333333333333307,0.002372636847241304
btc24_confirm,historical,2,full_basket,2023,20,20,-0.0007344430176150062,-0.0007344430176150062,0.9364433326873067,0.5,-0.014688860352300125,0.021642552895373784,-0.023111438930603797,4,0.11735756027158407,0.00039600978223738317,0.0011001071447195698,3.0345655132819838e-05,30.258333333333333,107.66500000000002,137.71666666666667,0,0.0,10,10,0,0,-0.03672215088075031,0.5,0.5,0.002499999999999958,0.0021039902177625745
btc24_confirm,historical,2,full_basket,2024,42,42,0.003207229163188647,0.003207229163188647,1.3409959043902022,0.5952380952380952,0.13470362485392318,0.021189346488915226,-0.02323706102170339,3,0.077128999888749,0.004255837428285873,0.0011017063118008577,-5.309804670363209e-05,13.15,66.16916666666664,94.53333333333333,0,0.0,25,17,0,0,0.16036145815943234,0.40476190476190477,0.5952380952380952,0.006785714285714244,0.0025298768574283713
btc24_confirm,historical,2,eth_sol,2022,12,12,0.006116320119561678,0.006116320119561678,1.7792395841671667,0.6666666666666666,0.07339584143474014,0.02094811227626428,-0.023547264193843523,3,0.06898763192567489,0.007141552073691844,0.0011039258345874091,-7.869388045724204e-05,11.108333333333333,30.821666666666662,34.983333333333334,0,0.0,8,4,0,0,0.3058160059780839,0.3333333333333333,0.6666666666666666,0.009999999999999981,0.0028584479263081366
btc24_confirm,historical,2,eth_sol,2023,11,11,-0.002689852170749477,-0.002689852170749477,0.7853283384187272,0.45454545454545453,-0.02958837387824425,0.021648491769386595,-0.02297180545419621,3,0.09467859628770034,-0.001736716034484099,0.0011011484097846374,-0.00014801227351925818,32.3,116.625,137.71666666666667,0,0.0,5,6,0,0,-0.13449260853747386,0.5454545454545454,0.45454545454545453,0.00045454545454539437,0.0021912614890294935
btc24_confirm,historical,2,eth_sol,2024,27,27,0.00271608890758938,0.00271608890758938,1.2834998108104085,0.5925925925925926,0.07333440050491326,0.020750606699014955,-0.023515936970847817,3,0.07053348028162322,0.003847740449326881,0.0011012523709827758,3.0399170754725055e-05,10.333333333333334,54.53666666666665,66.46666666666667,0,0.0,16,11,0,0,0.135804445379469,0.4074074074074074,0.5925925925925926,0.006666666666666619,0.002818926217339738
btc24_confirm,evaluation,1,full_basket,2025,35,35,0.005790800179627147,0.005790800179627147,1.6961930119583621,0.6285714285714286,0.20267800628695015,0.022445513870469502,-0.02239409991256761,2,0.06767580159887027,0.006998279747388787,0.001099978433415706,0.00010750113434593345,20.016666666666666,147.93166666666667,202.51666666666668,0,0.0,22,13,0,0,0.28954000898135734,0.37142857142857144,0.6285714285714286,0.008285714285714242,0.0012874345383254557
btc24_confirm,evaluation,1,eth_sol,2025,18,18,0.007249852063970776,0.007249852063970776,1.960052658922099,0.6666666666666666,0.13049733715147396,0.022202050610534523,-0.022654545029156717,2,0.04625095274631777,0.008440846689303807,0.0011002361664333982,9.0758458899633e-05,10.85,39.511666666666656,44.3,0,0.0,12,6,0,0,0.36249260319853877,0.3333333333333333,0.6666666666666666,0.009999999999999953,0.001559153310696146
btc24_confirm,evaluation,2,full_basket,2025,35,35,0.004504631396507337,0.004504631396507337,1.513724414099117,0.6285714285714286,0.15766209887775678,0.02111646578128556,-0.023607703716194268,2,0.07358502541452702,0.00571168740992396,0.0010996436043714218,0.00010741240904520056,20.016666666666666,147.93166666666667,202.51666666666668,0,0.0,22,13,0,0,0.22523156982536682,0.37142857142857144,0.6285714285714286,0.008285714285714242,0.0025740268757902824
btc24_confirm,evaluation,2,eth_sol,2025,18,18,0.005692262389646316,0.005692262389646316,1.707531352172662,0.6666666666666666,0.1024607230136337,0.020606259634857325,-0.024135732100775697,2,0.05025132227237779,0.00688282629606396,0.0010998626923890047,9.070121402863764e-05,10.85,39.511666666666656,44.3,0,0.0,12,6,0,0,0.2846131194823158,0.3333333333333333,0.6666666666666666,0.009999999999999953,0.0031171737039359937
