id,symbol,tf,side,target,policy,filter,discovery_n,discovery_n_closed,discovery_mean,discovery_pf,discovery_win_rate,discovery_median_hours,discovery_p95_hours,discovery_max_hours,discovery_mtm_drawdown,discovery_exposure,discovery_boundary_count,discovery_boundary_net,discovery_mean_gross,discovery_mean_fees,discovery_mean_funding,discovery_stress_mean,validation_n,validation_n_closed,validation_mean,validation_pf,validation_win_rate,validation_median_hours,validation_p95_hours,validation_max_hours,validation_mtm_drawdown,validation_exposure,validation_boundary_count,validation_boundary_net,validation_mean_gross,validation_mean_fees,validation_mean_funding,validation_stress_mean,passes_screen
BTCUSDT_15m_long_2.5pct_orders,BTCUSDT,15,1,0.025,orders,baseline,577,577,-0.0017084623158985,0.7999242687743003,0.3015597920277296,6.666666666666667,45.37666666666658,73.61666666666666,1.0387126972095635,0.266150902270884,0.0,0.0,-0.0004454618444676,0.0010997549959855,0.0001632454754453,-0.0027068868040999,104,104,-0.0001371252526829,0.9828143256500272,0.3461538461538461,14.241666666666667,73.67,119.01666666666668,0.2262970151217774,0.2640943683409437,0.0,0.0,0.0011137700380579,0.0011006125735209,0.0001502827172199,-0.0011371138120741,False
BTCUSDT_15m_long_3pct_regime,BTCUSDT,15,1,0.03,regime,structure,279,279,-0.000925113358619,0.891888621535864,0.2867383512544803,7.033333333333333,53.42666666666656,100.0,0.5331635615402301,0.1487416362530413,0.0,0.0,0.0003497857236505,0.001100192382148,0.0001747067001216,-0.0019243265353054,60,60,-0.0008591896738135,0.8961446983550745,0.2833333333333333,13.325,91.58666666666664,119.13333333333334,0.2112051290251503,0.1772184170471841,0.0,0.0,0.0004179341280234,0.0011002298637704,0.0001768939380665,-0.0018584698348918,False
BTCUSDT_15m_short_1pct_regime,BTCUSDT,15,-1,0.01,regime,zones,65,65,-0.0042836590435898,0.4159189427624556,0.3846153846153846,2.083333333333333,15.599999999999998,33.61666666666667,0.2790130794884802,0.0101777929845904,0.0,0.0,-0.0031963939624439,0.0011017580166793,-1.4492935533492186e-05,-0.0052879025693626,24,24,-0.0025664649387237,0.586261247457496,0.4583333333333333,2.175,11.776666666666666,14.383333333333333,0.0938905552830186,0.0107248858447488,0.0,0.0,-0.0014857178315568,0.0011008171448073,-2.007003764048397e-05,-0.003568993199058,False
BTCUSDT_5m_long_1.5pct_regime,BTCUSDT,5,1,0.015,regime,zones,67,67,-0.0014578572432771,0.773929956495485,0.4328358208955223,5.95,36.51166666666666,55.28333333333333,0.1565574291725831,0.0253567264801297,0.0,0.0,-0.0002178181528304,0.0010998802000159,0.0001401588904307,-0.0024565206681381,10,10,0.0016464144265287,1.3399347352890814,0.6,6.275,43.36499999999997,56.85,0.0309656432777274,0.0135578386605783,0.0,0.0,0.0028719831609127,0.0011015795907385,0.0001239891436455,0.0006446563646849,False
BTCUSDT_5m_long_1pct_orders,BTCUSDT,5,1,0.01,orders,both,55,55,-0.0016447002551834,0.7128977869063716,0.5272727272727272,3.35,17.87833333333332,22.633333333333333,0.1236603045217943,0.0112593775344687,0.0,0.0,-0.0004545908863748,0.0010997499750124,9.035939379605752e-05,-0.0026431520305532,10,10,0.0018405740522626,1.50767794505887,0.7,7.241666666666666,37.56416666666664,46.91666666666666,0.0231879176897163,0.0143816590563165,0.0,0.0,0.0029965017491255,0.001101648075962,5.427962090088829e-05,0.0008386567825062,False
BTCUSDT_5m_long_2.5pct_orders,BTCUSDT,5,1,0.025,orders,baseline,749,749,-0.0015623413716936,0.8159663402830865,0.3057409879839786,6.15,42.766666666666666,115.96666666666668,1.1767230072718784,0.3331654247769667,0.0,0.0,-0.000299266254723,0.0010998354035599,0.0001632397134106,-0.0025609119050071,141,141,-0.0015569267295973,0.8161902650574698,0.3049645390070922,8.416666666666666,77.41666666666667,162.75,0.2796679464084683,0.312646499238965,0.0,0.0,-0.0003264148067809,0.0010998204718562,0.0001306914509601,-0.0025554864007103,False
BTCUSDT_5m_long_3pct_regime,BTCUSDT,5,1,0.03,regime,structure,357,357,-0.0010156042293076,0.8795533448889512,0.2885154061624649,7.2,43.1,83.9,0.5135279250395385,0.1691890967153284,0.0,0.0,0.0002355113206389,0.0011001295312263,0.0001509860187202,-0.0020147150999543,85,85,-0.001318747034939,0.8390167136212184,0.2823529411764706,8.416666666666666,82.51666666666664,139.5,0.2239468737849018,0.2126940639269406,0.0,0.0,-6.873412368248358e-05,0.0010999621962319,0.0001500507150245,-0.0023175544464722,False
BTCUSDT_60m_long_2pct_regime,BTCUSDT,60,1,0.02,regime,baseline,320,320,-0.000483564315103,0.9346551264352708,0.390625,6.708333333333333,36.804166666666674,90.25,0.2390597233786172,0.1338972526358475,0.0,0.0,0.0007702826482982,0.0011004236554565,0.0001534233079447,-0.0014832081786878,78,78,-0.001271092791952,0.8333066080092264,0.358974358974359,10.208333333333334,57.57666666666663,108.51666666666668,0.1724703188365287,0.167058599695586,0.0,0.0,-5.395182646770846e-05,0.0010999703264954,0.0001171706389889,-0.0022699313938905,False
BTCUSDT_60m_long_3pct_orders,BTCUSDT,60,1,0.03,orders,structure,153,153,-3.276417396373302e-05,0.9961552465598024,0.3071895424836601,9.366666666666667,47.760000000000026,102.76666666666668,0.2056510049411308,0.0882457674371451,0.0,0.0,0.0012857950109913,0.001100707187256,0.000217851997699,-0.0010328908269884,38,38,-0.0007471678504837,0.9146018273411992,0.2894736842105263,17.241666666666667,83.3799999999999,151.55,0.1636654946291296,0.1266723744292237,0.0,0.0,0.0005778689602568,0.0011003178279281,0.0002247189828124,-0.0017465838899926,False
ETHUSDT_15m_short_1pct_regime,ETHUSDT,15,-1,0.01,regime,zones,73,73,-0.0020510984728297,0.6557553112776567,0.4931506849315068,1.3666666666666667,13.079999999999982,36.93333333333333,0.1581417952761437,0.0104711577453365,0.0,0.0,-0.0009660712023999,0.0011005313391613,-1.550406873152081e-05,-0.0030531088256425,53,53,-0.0005965138385892,0.8825079733661778,0.5660377358490566,1.0166666666666666,5.72,14.25,0.1028969608165212,0.0110464231354642,0.0,0.0,0.0004957906601826,0.0010997273151368,-7.422816365002438e-06,-0.0015970648377554,False
ETHUSDT_15m_short_3pct_orders,ETHUSDT,15,-1,0.03,orders,baseline,681,680,-0.0016115614908766,0.819387471591865,0.2613803230543318,3.5166666666666666,38.266666666666666,134.43333333333334,1.2098874943482625,0.2332281528791565,1.0,0.0204120160721748,-0.0005559608672102,0.0011003057784769,-4.4705154810483246e-05,-0.0026131466871594,329,329,-0.0017471902278571,0.8052745161980219,0.2583586626139817,3.1,20.85999999999999,133.86666666666667,0.6584534159301149,0.2296917808219178,0.0,0.0,-0.0006658192318042,0.0011003662005774,-1.8995204524543108e-05,-0.0027488982658115,False
ETHUSDT_15m_short_3pct_regime,ETHUSDT,15,-1,0.03,regime,structure,355,355,-0.0017047184324765,0.8046906945893662,0.2535211267605634,3.0166666666666666,40.443333333333335,134.43333333333334,0.7012200513551077,0.118800055758313,0.0,0.0,-0.0006474673920792,0.0011003561070656,-4.310506666837853e-05,-0.0027063960323047,158,158,-0.0008189834308157,0.9048351300173928,0.2784810126582278,3.375,20.96500000000001,43.38333333333333,0.2578229726028749,0.1142941400304414,0.0,0.0,0.0002650901190211,0.0010998542004345,-1.5780650597615466e-05,-0.0018197611898951,False
ETHUSDT_5m_short_1pct_regime,ETHUSDT,5,-1,0.01,regime,both,99,99,-0.0015897437223679,0.7156949558956094,0.5050505050505051,1.3333333333333333,8.331666666666665,24.183333333333334,0.2237437269039788,0.0100035482562854,0.0,0.0,-0.0005026380300906,0.0011002764509165,-1.3170758639234672e-05,-0.0025912913227509,48,48,-0.0014777762782855,0.736139183493574,0.5208333333333334,1.1166666666666667,10.479166666666655,38.68333333333333,0.108428927259139,0.0164269406392694,0.0,0.0,-0.0003810729067286,0.0011002095900987,-3.5062185418372635e-06,-0.0024792070228842,False
ETHUSDT_5m_short_2.5pct_regime,ETHUSDT,5,-1,0.025,regime,structure,607,607,-0.0015601636296536,0.8107944194829078,0.2981878088962109,2.4,22.174999999999983,121.13333333333334,1.016084203757586,0.1371280667072181,0.0,0.0,-0.0004904509491153,0.001100269748022,-3.0557067483687555e-05,-0.0025616903282904,263,263,-0.0025003050377418,0.7095493664899107,0.2661596958174905,2.316666666666667,15.399999999999988,51.016666666666666,0.6954135285467176,0.143607305936073,0.0,0.0,-0.0014119199284409,0.0011007765559606,-1.239144665970537e-05,-0.0035027632657482,False
ETHUSDT_5m_short_2.5pct_regime,ETHUSDT,5,-1,0.025,regime,zones,59,59,0.0012790508240501,1.1755943502856454,0.3728813559322034,2.1666666666666665,13.943333333333312,29.133333333333333,0.1529368335646313,0.0083016524736415,0.0,0.0,0.002365970493188,0.0010986987162287,-1.1779047090923368e-05,0.0002803741506204,29,29,-0.0084756705996947,0.2186656052405644,0.1034482758620689,1.8,31.49333333333325,51.016666666666666,0.279734694023573,0.0190658295281582,0.0,0.0,-0.0073861930965481,0.0011040624062031,-1.4584903056477312e-05,-0.0094841082821598,False
ETHUSDT_5m_short_3pct_regime,ETHUSDT,5,-1,0.03,regime,baseline,1038,1037,-0.001855141347038,0.7843053674535976,0.25626204238921,2.775,26.03333333333332,136.36666666666667,2.0413132213562344,0.278244753649635,1.0,0.0236007938242729,-0.0007887275267977,0.0011004338001397,-3.4019979899472695e-05,-0.0028569649025595,541,541,-0.0029804578735219,0.6697231038334801,0.2310536044362292,2.4,16.95,66.53333333333333,1.6198722848076412,0.302945205479452,0.0,0.0,-0.0018960349259171,0.0011010428192092,-1.6619871604418012e-05,-0.0039833986090144,False
ETHUSDT_60m_long_3pct_regime,ETHUSDT,60,1,0.03,regime,baseline,301,301,-0.0014696096525539,0.8335293337791921,0.2691029900332226,5.133333333333334,37.45,88.0,0.6294283817097002,0.1181094130170316,0.0,0.0,-0.0002206746275013,0.0010998786289548,0.0001490563960976,-0.002468265779628,89,89,-0.0007264054371327,0.9147307276713648,0.2808988764044944,4.133333333333334,24.656666666666656,36.583333333333336,0.1760312769732201,0.0725095129375951,0.0,0.0,0.0004335871334579,0.0011002384729234,5.975409766726221e-05,-0.0017257597462055,False
ETHUSDT_60m_long_3pct_regime,ETHUSDT,60,1,0.03,regime,structure,139,139,-0.0007591771446285,0.9129071341918804,0.2877697841726618,5.55,38.99833333333331,78.33333333333333,0.2650998536197181,0.0588167832522303,0.0,0.0,0.0005227260235714,0.0011002874993129,0.000181615668887,-0.0017585596291712,38,38,-0.0026876836402958,0.709719662750678,0.2368421052631578,4.483333333333333,16.145833333333307,36.583333333333336,0.2024188409787936,0.0294653729071537,0.0,0.0,-0.0015252899865855,0.0010991610905073,6.323256320294086e-05,-0.0036850793895685,False
SOLUSDT_15m_short_1.5pct_orders,SOLUSDT,15,-1,0.015,orders,baseline,1297,1297,-0.0025244190889416,0.6668745382396327,0.4240555127216653,1.3166666666666669,10.07666666666667,39.36666666666667,3.347087795632365,0.1328733272506082,0.0,0.0,-0.0013994102043445,0.0011007696756123,2.423920898465116e-05,-0.0045303536585886,511,511,-0.0026869894359205,0.6489914304300147,0.4168297455968688,1.4166666666666667,9.416666666666666,37.333333333333336,1.3858147194749726,0.1631773211567732,0.0,0.0,-0.0015804160324707,0.0011008692288178,5.704174631940855e-06,-0.0046932680074506,False
SOLUSDT_15m_short_1.5pct_orders,SOLUSDT,15,-1,0.015,orders,both,60,60,-0.002339599487834,0.686786164321951,0.4333333333333333,0.8416666666666667,10.752499999999998,15.516666666666667,0.1844688447901002,0.0048655464314679,0.0,0.0,-0.0011670003336668,0.0011006418501835,7.195730398368165e-05,-0.0043451163293384,11,11,-0.0062839332933658,0.3418654073150559,0.2727272727272727,0.7833333333333333,3.333333333333333,3.8333333333333335,0.0948665812356066,0.0015182648401826,0.0,0.0,-0.0051901901901901,0.0011028546046046,-9.111501428908808e-06,-0.0082974277838219,False
SOLUSDT_15m_short_1.5pct_orders,SOLUSDT,15,-1,0.015,orders,structure,608,608,-0.0025188411946305,0.6674850659315608,0.4243421052631579,1.2916666666666667,10.3275,39.36666666666667,1.572868712122525,0.0616686942416869,0.0,0.0,-0.0013922310468362,0.0011007657270757,2.584442071860634e-05,-0.0045247629920846,211,211,-0.0013807330737184,0.8018476492285967,0.4691943127962085,1.3333333333333333,8.2,37.333333333333336,0.3689210217641481,0.068531202435312,0.0,0.0,-0.000268681003278,0.0011001477745518,1.1904295888631743e-05,-0.0033843903120272,False
SOLUSDT_15m_short_2pct_orders,SOLUSDT,15,-1,0.02,orders,zones,84,84,-0.0016916676930073,0.7926063828549137,0.3809523809523809,0.9416666666666668,9.345833333333331,15.733333333333333,0.2425926890911115,0.0067828720600162,0.0,0.0,-0.0005705705705704,0.0011003138138138,2.078330862302729e-05,-0.003695938545262,19,19,-0.0083641738250543,0.2424216850131397,0.1578947368421052,1.1333333333333333,6.244999999999992,9.65,0.1825682422211729,0.0050304414003044,0.0,0.0,-0.0072756967493808,0.0011040016332121,-1.5524557538626763e-05,-0.0103818393826262,False
SOLUSDT_5m_long_2pct_regime,SOLUSDT,5,1,0.02,regime,baseline,2166,2166,-0.0028156947071227,0.6694025917626788,0.3430286241920591,1.25,7.9125,54.88333333333333,6.161898310156967,0.1902904501216545,0.0,0.0,-0.0016734362673315,0.0010990796100529,4.317882973825679e-05,-0.0048092170044644,497,497,-0.0032239157595115,0.6240736109171358,0.3259557344064386,1.9666666666666663,12.296666666666663,33.0,1.6135508234313154,0.1929147640791476,0.0,0.0,-0.0021051087887191,0.0010988421901662,1.996478062621484e-05,-0.0052165992146498,False
SOLUSDT_5m_long_2pct_regime,SOLUSDT,5,1,0.02,regime,structure,1022,1022,-0.0029891594741316,0.6535457319426398,0.3365949119373776,1.2,7.528333333333326,54.88333333333333,3.0781804498878045,0.0880392082319545,0.0,0.0,-0.0018490935950579,0.0010989829985227,4.1082880550956976e-05,-0.0049823330918764,267,267,-0.0031864120061444,0.6301983634786479,0.3295880149812734,1.6833333333333331,12.828333333333337,42.016666666666666,0.9036412079108844,0.0977073820395738,0.0,0.0,-0.0020760348555871,0.0010988581808294,1.1518969727840153e-05,-0.0051791619481787,False
SOLUSDT_5m_short_2.5pct_orders,SOLUSDT,5,-1,0.025,orders,both,74,74,-0.0012869679024202,0.852251189735087,0.3378378378378378,0.975,14.674166666666627,30.08333333333333,0.216835709720939,0.0094934864152473,0.0,0.0,-0.0001740253767279,0.0011000957139572,1.2846811735002773e-05,-0.0032904364797747,17,17,-0.0007600998754659,0.910462038169473,0.3529411764705882,1.8166666666666669,10.67333333333332,24.633333333333333,0.0810631970471724,0.0067218417047184,0.0,0.0,0.0003556497674145,0.0010998043926279,1.5945250252621662e-05,-0.0027625105614193,False
SOLUSDT_5m_short_3pct_orders,SOLUSDT,5,-1,0.03,orders,zones,124,124,-0.0018793992918559,0.8009819502662355,0.282258064516129,1.2333333333333334,9.639999999999992,30.08333333333333,0.3785113734817741,0.0134326845093268,0.0,0.0,-0.000709096192967,0.0011003900029061,6.991309598280876e-05,-0.0038839968540142,31,31,-0.0014865670094999,0.8406004674642417,0.2903225806451613,2.0,13.766666666666667,32.81666666666667,0.1619337563567648,0.0154965753424657,0.0,0.0,-0.0003858697407083,0.0011002122283573,4.850404342295402e-07,-0.0034904475472625,False
SOLUSDT_60m_long_1pct_orders,SOLUSDT,60,1,0.01,orders,zones,61,61,-0.0026205859142274,0.5784078699868122,0.5245901639344263,0.7833333333333333,3.8666666666666663,15.583333333333334,0.1792620914150821,0.0034886962692619,0.0,0.0,-0.0015071813432468,0.0010991710502612,1.423352071946878e-05,-0.0046144690947392,16,16,-0.004349964600765,0.4083839338245111,0.4375,1.2583333333333333,5.008333333333334,6.033333333333333,0.0714649837337613,0.0034208523592085,0.0,0.0,-0.0032455044955043,0.0010982149725274,6.245132733226768e-06,-0.0063403844838981,False
SOLUSDT_60m_short_3pct_orders,SOLUSDT,60,-1,0.03,orders,structure,201,201,-0.0023503919429966,0.7551745042283022,0.2686567164179104,2.083333333333333,22.183333333333334,42.61666666666667,0.6145365158708148,0.039217102595296,0.0,0.0,-0.0012542393139406,0.0011006898316226,-4.537202566686462e-06,-0.0043560068857207,78,78,-0.0038873831156459,0.6154745663707281,0.2307692307692307,2.35,20.54666666666665,26.95,0.3484385074601992,0.0428805175038051,0.0,0.0,-0.0027727727727726,0.001101525025025,1.3085317848246135e-05,-0.0058960575013793,False
SOLUSDT_60m_short_3pct_regime,SOLUSDT,60,-1,0.03,regime,baseline,423,423,-0.0028744116499654,0.7056241611924697,0.2553191489361702,2.083333333333333,20.1,51.266666666666666,1.350308857116939,0.0787167984590429,0.0,0.0,-0.0017735186405831,0.0011009754352523,-8.242587000416415e-08,-0.0048810712285066,171,171,-0.0037586009949383,0.6267338171116492,0.2339181286549707,2.35,23.566666666666663,35.46666666666667,0.6591096520000351,0.1055688736681887,0.0,0.0,-0.0026465646933482,0.0011014556105813,1.0580691008799048e-05,-0.0057670200627239,False
