configuration,filter,partition,slippage_multiplier,entry_i,exit_i,quote,reason,ambiguous,fund_mode,entry,exit_bar,entry_price,exit_price,gross_return,fees,funding,net_return,holding_minutes
ETHUSDT_15m_short_3pct_orders,both,discovery,1,80235,80250,2715.5365,stop,False,bar,2022-02-25 17:15:00+00:00,2022-02-25 17:30:00+00:00,2687.305675,2716.89426825,-0.0110105052526263,0.0011060557778889,-0.0,-0.0121165610305153,16
ETHUSDT_15m_short_3pct_orders,both,discovery,1,239160,239424,1178.1619999999998,target,False,bar,2022-06-16 02:00:00+00:00,2022-06-16 06:24:00+00:00,1213.9927,1178.7510809999997,0.029029514757379,0.0010840337668834,-0.0,0.0279454809904955,265
ETHUSDT_15m_short_3pct_orders,both,discovery,1,278685,278689,1032.9775,stop,False,bar,2022-07-13 12:45:00+00:00,2022-07-13 12:49:00+00:00,1022.238625,1033.49398875,-0.0110105052526261,0.0011060557778889,-0.0,-0.012116561030515,5
ETHUSDT_15m_short_3pct_orders,both,discovery,1,347085,347298,1554.1375,stop,False,bar,2022-08-30 00:45:00+00:00,2022-08-30 04:18:00+00:00,1537.980625,1554.91456875,-0.0110105052526261,0.0011060557778889,-0.0,-0.012116561030515,214
ETHUSDT_15m_short_3pct_orders,both,discovery,1,351390,351543,1594.386,stop,False,bar,2022-09-02 00:30:00+00:00,2022-09-02 03:03:00+00:00,1577.8107,1595.1831929999998,-0.0110105052526261,0.0011060557778889,-0.0,-0.012116561030515,154
ETHUSDT_15m_short_3pct_orders,both,discovery,1,457320,457665,1220.3085,target,False,bar,2022-11-14 14:00:00+00:00,2022-11-14 19:45:00+00:00,1257.420975,1220.9186542499997,0.0290295147573789,0.0010840337668834,-9.89962808596768e-05,0.0280444772713551,346
ETHUSDT_15m_short_3pct_orders,both,discovery,1,1208955,1210630,3116.0116,stop,False,bar,2024-04-19 13:15:00+00:00,2024-04-20 17:10:00+00:00,3083.61742,3117.5696058,-0.0110105052526261,0.0011060557778889,-0.000138855691897,-0.011977705338618,1676
ETHUSDT_15m_short_3pct_orders,both,discovery,1,1364190,1364308,2252.5534,target,False,bar,2024-08-05 08:30:00+00:00,2024-08-05 10:28:00+00:00,2321.05889,2253.6796767,0.0290295147573788,0.0010840337668834,-0.0,0.0279454809904953,119
ETHUSDT_15m_short_3pct_orders,both,discovery,2,80235,80250,2715.5365,stop,False,bar,2022-02-25 17:15:00+00:00,2022-02-25 17:30:00+00:00,2685.96135,2718.2520365,-0.0120220220220219,0.0011066121121121,-0.0,-0.013128634134134,16
ETHUSDT_15m_short_3pct_orders,both,discovery,2,239160,239424,1178.1619999999998,target,False,bar,2022-06-16 02:00:00+00:00,2022-06-16 06:24:00+00:00,1213.3854,1179.3401619999995,0.0280580580580581,0.001084568068068,-0.0,0.02697348998999,265
ETHUSDT_15m_short_3pct_orders,both,discovery,2,278685,278689,1032.9775,stop,False,bar,2022-07-13 12:45:00+00:00,2022-07-13 12:49:00+00:00,1021.72725,1034.0104774999998,-0.0120220220220217,0.0011066121121121,-0.0,-0.0131286341341338,5
ETHUSDT_15m_short_3pct_orders,both,discovery,2,347085,347298,1554.1375,stop,False,bar,2022-08-30 00:45:00+00:00,2022-08-30 04:18:00+00:00,1537.21125,1555.6916374999998,-0.0120220220220219,0.0011066121121121,-0.0,-0.013128634134134,214
ETHUSDT_15m_short_3pct_orders,both,discovery,2,351390,351543,1594.386,stop,False,bar,2022-09-02 00:30:00+00:00,2022-09-02 03:03:00+00:00,1577.0214,1595.9803859999995,-0.0120220220220219,0.0011066121121121,-0.0,-0.013128634134134,154
ETHUSDT_15m_short_3pct_orders,both,discovery,2,457320,457665,1220.3085,target,False,bar,2022-11-14 14:00:00+00:00,2022-11-14 19:45:00+00:00,1256.79195,1221.5288084999995,0.0280580580580582,0.001084568068068,-9.904582854779474e-05,0.027072535818538,346
ETHUSDT_15m_short_3pct_orders,both,discovery,2,1208955,1210630,3116.0116,stop,False,bar,2024-04-19 13:15:00+00:00,2024-04-20 17:10:00+00:00,3082.07484,3119.1276115999995,-0.0120220220220219,0.0011066121121121,-0.0001389251892403,-0.0129897089448937,1676
ETHUSDT_15m_short_3pct_orders,both,discovery,2,1364190,1364308,2252.5534,target,False,bar,2024-08-05 08:30:00+00:00,2024-08-05 10:28:00+00:00,2319.89778,2254.8059533999995,0.0280580580580581,0.001084568068068,-0.0,0.02697348998999,119
ETHUSDT_15m_short_3pct_orders,both,validation,1,2014935,2015273,3871.027,stop,False,bar,2025-10-31 06:15:00+00:00,2025-10-31 11:53:00+00:00,3830.78365,3872.9625135,-0.0110105052526263,0.0011060557778889,-3.958673051167769e-06,-0.0121126023574641,339
ETHUSDT_15m_short_3pct_orders,both,validation,1,2043855,2044323,2936.19,target,False,bar,2025-11-20 08:15:00+00:00,2025-11-20 16:03:00+00:00,3025.4865,2937.658095,0.0290295147573788,0.0010840337668834,-9.762991836189912e-05,0.0280431109088572,469
ETHUSDT_15m_short_3pct_orders,both,validation,2,2014935,2015273,3871.027,stop,False,bar,2025-10-31 06:15:00+00:00,2025-10-31 11:53:00+00:00,3828.8673,3874.898027,-0.0120220220220219,0.0011066121121121,-3.960654369011196e-06,-0.013124673479765,339
ETHUSDT_15m_short_3pct_orders,both,validation,2,2043855,2044323,2936.19,target,False,bar,2025-11-20 08:15:00+00:00,2025-11-20 16:03:00+00:00,3023.973,2939.12619,0.028058058058058,0.001084568068068,-9.767878218490308e-05,0.0270711687721748,469
ETHUSDT_15m_short_3pct_regime,both,discovery,1,80235,80250,2715.5365,stop,False,bar,2022-02-25 17:15:00+00:00,2022-02-25 17:30:00+00:00,2687.305675,2716.89426825,-0.0110105052526263,0.0011060557778889,-0.0,-0.0121165610305153,16
ETHUSDT_15m_short_3pct_regime,both,discovery,1,239160,239424,1178.1619999999998,target,False,bar,2022-06-16 02:00:00+00:00,2022-06-16 06:24:00+00:00,1213.9927,1178.7510809999997,0.029029514757379,0.0010840337668834,-0.0,0.0279454809904955,265
ETHUSDT_15m_short_3pct_regime,both,discovery,1,278685,278689,1032.9775,stop,False,bar,2022-07-13 12:45:00+00:00,2022-07-13 12:49:00+00:00,1022.238625,1033.49398875,-0.0110105052526261,0.0011060557778889,-0.0,-0.012116561030515,5
ETHUSDT_15m_short_3pct_regime,both,discovery,1,347085,347298,1554.1375,stop,False,bar,2022-08-30 00:45:00+00:00,2022-08-30 04:18:00+00:00,1537.980625,1554.91456875,-0.0110105052526261,0.0011060557778889,-0.0,-0.012116561030515,214
ETHUSDT_15m_short_3pct_regime,both,discovery,1,351390,351543,1594.386,stop,False,bar,2022-09-02 00:30:00+00:00,2022-09-02 03:03:00+00:00,1577.8107,1595.1831929999998,-0.0110105052526261,0.0011060557778889,-0.0,-0.012116561030515,154
ETHUSDT_15m_short_3pct_regime,both,discovery,1,457320,457665,1220.3085,target,False,bar,2022-11-14 14:00:00+00:00,2022-11-14 19:45:00+00:00,1257.420975,1220.9186542499997,0.0290295147573789,0.0010840337668834,-9.89962808596768e-05,0.0280444772713551,346
ETHUSDT_15m_short_3pct_regime,both,discovery,1,1208955,1210630,3116.0116,stop,False,bar,2024-04-19 13:15:00+00:00,2024-04-20 17:10:00+00:00,3083.61742,3117.5696058,-0.0110105052526261,0.0011060557778889,-0.000138855691897,-0.011977705338618,1676
ETHUSDT_15m_short_3pct_regime,both,discovery,1,1364190,1364308,2252.5534,target,False,bar,2024-08-05 08:30:00+00:00,2024-08-05 10:28:00+00:00,2321.05889,2253.6796767,0.0290295147573788,0.0010840337668834,-0.0,0.0279454809904953,119
ETHUSDT_15m_short_3pct_regime,both,discovery,2,80235,80250,2715.5365,stop,False,bar,2022-02-25 17:15:00+00:00,2022-02-25 17:30:00+00:00,2685.96135,2718.2520365,-0.0120220220220219,0.0011066121121121,-0.0,-0.013128634134134,16
ETHUSDT_15m_short_3pct_regime,both,discovery,2,239160,239424,1178.1619999999998,target,False,bar,2022-06-16 02:00:00+00:00,2022-06-16 06:24:00+00:00,1213.3854,1179.3401619999995,0.0280580580580581,0.001084568068068,-0.0,0.02697348998999,265
ETHUSDT_15m_short_3pct_regime,both,discovery,2,278685,278689,1032.9775,stop,False,bar,2022-07-13 12:45:00+00:00,2022-07-13 12:49:00+00:00,1021.72725,1034.0104774999998,-0.0120220220220217,0.0011066121121121,-0.0,-0.0131286341341338,5
ETHUSDT_15m_short_3pct_regime,both,discovery,2,347085,347298,1554.1375,stop,False,bar,2022-08-30 00:45:00+00:00,2022-08-30 04:18:00+00:00,1537.21125,1555.6916374999998,-0.0120220220220219,0.0011066121121121,-0.0,-0.013128634134134,214
ETHUSDT_15m_short_3pct_regime,both,discovery,2,351390,351543,1594.386,stop,False,bar,2022-09-02 00:30:00+00:00,2022-09-02 03:03:00+00:00,1577.0214,1595.9803859999995,-0.0120220220220219,0.0011066121121121,-0.0,-0.013128634134134,154
ETHUSDT_15m_short_3pct_regime,both,discovery,2,457320,457665,1220.3085,target,False,bar,2022-11-14 14:00:00+00:00,2022-11-14 19:45:00+00:00,1256.79195,1221.5288084999995,0.0280580580580582,0.001084568068068,-9.904582854779474e-05,0.027072535818538,346
ETHUSDT_15m_short_3pct_regime,both,discovery,2,1208955,1210630,3116.0116,stop,False,bar,2024-04-19 13:15:00+00:00,2024-04-20 17:10:00+00:00,3082.07484,3119.1276115999995,-0.0120220220220219,0.0011066121121121,-0.0001389251892403,-0.0129897089448937,1676
ETHUSDT_15m_short_3pct_regime,both,discovery,2,1364190,1364308,2252.5534,target,False,bar,2024-08-05 08:30:00+00:00,2024-08-05 10:28:00+00:00,2319.89778,2254.8059533999995,0.0280580580580581,0.001084568068068,-0.0,0.02697348998999,119
ETHUSDT_15m_short_3pct_regime,both,validation,1,2014935,2015273,3871.027,stop,False,bar,2025-10-31 06:15:00+00:00,2025-10-31 11:53:00+00:00,3830.78365,3872.9625135,-0.0110105052526263,0.0011060557778889,-3.958673051167769e-06,-0.0121126023574641,339
ETHUSDT_15m_short_3pct_regime,both,validation,1,2043855,2044323,2936.19,target,False,bar,2025-11-20 08:15:00+00:00,2025-11-20 16:03:00+00:00,3025.4865,2937.658095,0.0290295147573788,0.0010840337668834,-9.762991836189912e-05,0.0280431109088572,469
ETHUSDT_15m_short_3pct_regime,both,validation,2,2014935,2015273,3871.027,stop,False,bar,2025-10-31 06:15:00+00:00,2025-10-31 11:53:00+00:00,3828.8673,3874.898027,-0.0120220220220219,0.0011066121121121,-3.960654369011196e-06,-0.013124673479765,339
ETHUSDT_15m_short_3pct_regime,both,validation,2,2043855,2044323,2936.19,target,False,bar,2025-11-20 08:15:00+00:00,2025-11-20 16:03:00+00:00,3023.973,2939.12619,0.028058058058058,0.001084568068068,-9.767878218490308e-05,0.0270711687721748,469
SOLUSDT_60m_long_2.5pct_orders,both,discovery,1,121260,121935,102.269375,target,False,bar,2022-03-26 05:00:00+00:00,2022-03-26 16:15:00+00:00,99.874775,102.167105625,0.0229520479520479,0.0011126236263736,0.0002026137230346,0.0216368106026396,676
SOLUSDT_60m_long_2.5pct_orders,both,discovery,1,129300,129316,123.6411,stop,False,bar,2022-03-31 19:00:00+00:00,2022-03-31 19:16:00+00:00,125.01488999999998,123.5174589,-0.0119780219780218,0.001093412087912,0.0,-0.0130714340659339,17
SOLUSDT_60m_long_2.5pct_orders,both,discovery,1,445200,445303,35.649899999999995,stop,False,bar,2022-11-06 04:00:00+00:00,2022-11-06 05:43:00+00:00,36.04601,35.61425009999999,-0.0119780219780221,0.001093412087912,0.0,-0.0130714340659342,104
SOLUSDT_60m_long_2.5pct_orders,both,discovery,1,548280,548434,23.89275,target,False,bar,2023-01-16 18:00:00+00:00,2023-01-16 20:34:00+00:00,23.33331,23.868857249999994,0.0229520479520477,0.0011126236263736,0.0,0.0218394243256741,155
SOLUSDT_60m_long_2.5pct_orders,both,discovery,1,574020,574230,24.49755,stop,False,bar,2023-02-03 15:00:00+00:00,2023-02-03 18:30:00+00:00,24.769745,24.47305245,-0.0119780219780217,0.001093412087912,0.0001003441900593,-0.0131717782559931,211
SOLUSDT_60m_long_2.5pct_orders,both,discovery,1,961020,961027,34.672675,target,False,bar,2023-10-30 09:00:00+00:00,2023-10-30 09:07:00+00:00,33.86082699999999,34.638002324999995,0.0229520479520479,0.0011126236263736,0.0,0.0218394243256743,8
SOLUSDT_60m_long_2.5pct_orders,both,discovery,1,1135980,1136020,115.25714999999998,target,False,bar,2024-02-28 21:00:00+00:00,2024-02-28 21:40:00+00:00,112.558446,115.14189284999998,0.0229520479520477,0.0011126236263736,0.0,0.0218394243256741,41
SOLUSDT_60m_long_2.5pct_orders,both,discovery,1,1148700,1148718,147.04569,stop,False,bar,2024-03-08 17:00:00+00:00,2024-03-08 17:18:00+00:00,148.679531,146.89864431,-0.0119780219780218,0.001093412087912,0.0,-0.0130714340659339,19
SOLUSDT_60m_long_2.5pct_orders,both,discovery,1,1501560,1501758,197.307,stop,False,bar,2024-11-08 18:00:00+00:00,2024-11-08 21:18:00+00:00,199.4993,197.109693,-0.0119780219780217,0.001093412087912,0.0,-0.0130714340659338,199
SOLUSDT_60m_long_2.5pct_orders,both,discovery,2,121260,121935,102.269375,target,False,bar,2022-03-26 05:00:00+00:00,2022-03-26 16:15:00+00:00,99.97455,102.06483625,0.0209081836327345,0.001111499500998,0.0002024115137302,0.0195942726180062,676
SOLUSDT_60m_long_2.5pct_orders,both,discovery,2,129300,129316,123.6411,stop,False,bar,2022-03-31 19:00:00+00:00,2022-03-31 19:16:00+00:00,125.13978,123.3938178,-0.0139520958083833,0.0010923263473053,0.0,-0.0150444221556886,17
SOLUSDT_60m_long_2.5pct_orders,both,discovery,2,445200,445303,35.649899999999995,stop,False,bar,2022-11-06 04:00:00+00:00,2022-11-06 05:43:00+00:00,36.08202,35.5786002,-0.0139520958083833,0.0010923263473053,0.0,-0.0150444221556886,104
SOLUSDT_60m_long_2.5pct_orders,both,discovery,2,548280,548434,23.89275,target,False,bar,2023-01-16 18:00:00+00:00,2023-01-16 20:34:00+00:00,23.35662,23.8449645,0.0209081836327342,0.001111499500998,0.0,0.0197966841317362,155
SOLUSDT_60m_long_2.5pct_orders,both,discovery,2,574020,574230,24.49755,stop,False,bar,2023-02-03 15:00:00+00:00,2023-02-03 18:30:00+00:00,24.79449,24.4485549,-0.0139520958083831,0.0010923263473053,0.000100244046157,-0.0151446662018456,211
SOLUSDT_60m_long_2.5pct_orders,both,discovery,2,961020,961027,34.672675,target,False,bar,2023-10-30 09:00:00+00:00,2023-10-30 09:07:00+00:00,33.894654,34.60332965,0.0209081836327347,0.001111499500998,0.0,0.0197966841317367,8
SOLUSDT_60m_long_2.5pct_orders,both,discovery,2,1135980,1136020,115.25714999999998,target,False,bar,2024-02-28 21:00:00+00:00,2024-02-28 21:40:00+00:00,112.670892,115.0266357,0.0209081836327345,0.001111499500998,0.0,0.0197966841317364,41
SOLUSDT_60m_long_2.5pct_orders,both,discovery,2,1148700,1148718,147.04569,stop,False,bar,2024-03-08 17:00:00+00:00,2024-03-08 17:18:00+00:00,148.82806200000002,146.75159862,-0.0139520958083833,0.0010923263473053,0.0,-0.0150444221556886,19
SOLUSDT_60m_long_2.5pct_orders,both,discovery,2,1501560,1501758,197.307,stop,False,bar,2024-11-08 18:00:00+00:00,2024-11-08 21:18:00+00:00,199.6986,196.91238600000003,-0.013952095808383,0.0010923263473053,0.0,-0.0150444221556884,199
SOLUSDT_60m_long_2.5pct_orders,both,validation,1,1867860,1868036,189.0305,target,False,bar,2025-07-21 03:00:00+00:00,2025-07-21 05:56:00+00:00,184.60442,188.8414695,0.0229520479520479,0.0011126236263736,0.0,0.0218394243256743,177
SOLUSDT_60m_long_2.5pct_orders,both,validation,1,1869480,1869625,194.733,stop,False,bar,2025-07-22 06:00:00+00:00,2025-07-22 08:25:00+00:00,196.89669999999995,194.538267,-0.0119780219780218,0.001093412087912,0.0001006416054712,-0.0131720756714052,146
SOLUSDT_60m_long_2.5pct_orders,both,validation,1,1922520,1922687,210.9655,target,False,bar,2025-08-28 02:00:00+00:00,2025-08-28 04:47:00+00:00,206.02582,210.7545345,0.0229520479520479,0.0011126236263736,0.0,0.0218394243256743,168
SOLUSDT_60m_long_2.5pct_orders,both,validation,2,1867860,1868036,189.0305,target,False,bar,2025-07-21 03:00:00+00:00,2025-07-21 05:56:00+00:00,184.78884,188.652439,0.0209081836327342,0.001111499500998,0.0,0.0197966841317362,177
SOLUSDT_60m_long_2.5pct_orders,both,validation,2,1869480,1869625,194.733,stop,False,bar,2025-07-22 06:00:00+00:00,2025-07-22 08:25:00+00:00,197.0934,194.343534,-0.0139520958083834,0.0010923263473053,0.0001005411647472,-0.015144963320436,146
SOLUSDT_60m_long_2.5pct_orders,both,validation,2,1922520,1922687,210.9655,target,False,bar,2025-08-28 02:00:00+00:00,2025-08-28 04:47:00+00:00,206.23164,210.543569,0.0209081836327342,0.001111499500998,0.0,0.0197966841317362,168
SOLUSDT_60m_long_2.5pct_regime,both,discovery,1,121260,121935,102.269375,target,False,bar,2022-03-26 05:00:00+00:00,2022-03-26 16:15:00+00:00,99.874775,102.167105625,0.0229520479520479,0.0011126236263736,0.0002026137230346,0.0216368106026396,676
SOLUSDT_60m_long_2.5pct_regime,both,discovery,1,129300,129316,123.6411,stop,False,bar,2022-03-31 19:00:00+00:00,2022-03-31 19:16:00+00:00,125.01488999999998,123.5174589,-0.0119780219780218,0.001093412087912,0.0,-0.0130714340659339,17
SOLUSDT_60m_long_2.5pct_regime,both,discovery,1,445200,445303,35.649899999999995,stop,False,bar,2022-11-06 04:00:00+00:00,2022-11-06 05:43:00+00:00,36.04601,35.61425009999999,-0.0119780219780221,0.001093412087912,0.0,-0.0130714340659342,104
SOLUSDT_60m_long_2.5pct_regime,both,discovery,1,548280,548434,23.89275,target,False,bar,2023-01-16 18:00:00+00:00,2023-01-16 20:34:00+00:00,23.33331,23.868857249999994,0.0229520479520477,0.0011126236263736,0.0,0.0218394243256741,155
SOLUSDT_60m_long_2.5pct_regime,both,discovery,1,574020,574230,24.49755,stop,False,bar,2023-02-03 15:00:00+00:00,2023-02-03 18:30:00+00:00,24.769745,24.47305245,-0.0119780219780217,0.001093412087912,0.0001003441900593,-0.0131717782559931,211
SOLUSDT_60m_long_2.5pct_regime,both,discovery,1,961020,961027,34.672675,target,False,bar,2023-10-30 09:00:00+00:00,2023-10-30 09:07:00+00:00,33.86082699999999,34.638002324999995,0.0229520479520479,0.0011126236263736,0.0,0.0218394243256743,8
SOLUSDT_60m_long_2.5pct_regime,both,discovery,1,1135980,1136020,115.25714999999998,target,False,bar,2024-02-28 21:00:00+00:00,2024-02-28 21:40:00+00:00,112.558446,115.14189284999998,0.0229520479520477,0.0011126236263736,0.0,0.0218394243256741,41
SOLUSDT_60m_long_2.5pct_regime,both,discovery,1,1148700,1148718,147.04569,stop,False,bar,2024-03-08 17:00:00+00:00,2024-03-08 17:18:00+00:00,148.679531,146.89864431,-0.0119780219780218,0.001093412087912,0.0,-0.0130714340659339,19
SOLUSDT_60m_long_2.5pct_regime,both,discovery,1,1501560,1501758,197.307,stop,False,bar,2024-11-08 18:00:00+00:00,2024-11-08 21:18:00+00:00,199.4993,197.109693,-0.0119780219780217,0.001093412087912,0.0,-0.0130714340659338,199
SOLUSDT_60m_long_2.5pct_regime,both,discovery,2,121260,121935,102.269375,target,False,bar,2022-03-26 05:00:00+00:00,2022-03-26 16:15:00+00:00,99.97455,102.06483625,0.0209081836327345,0.001111499500998,0.0002024115137302,0.0195942726180062,676
SOLUSDT_60m_long_2.5pct_regime,both,discovery,2,129300,129316,123.6411,stop,False,bar,2022-03-31 19:00:00+00:00,2022-03-31 19:16:00+00:00,125.13978,123.3938178,-0.0139520958083833,0.0010923263473053,0.0,-0.0150444221556886,17
SOLUSDT_60m_long_2.5pct_regime,both,discovery,2,445200,445303,35.649899999999995,stop,False,bar,2022-11-06 04:00:00+00:00,2022-11-06 05:43:00+00:00,36.08202,35.5786002,-0.0139520958083833,0.0010923263473053,0.0,-0.0150444221556886,104
SOLUSDT_60m_long_2.5pct_regime,both,discovery,2,548280,548434,23.89275,target,False,bar,2023-01-16 18:00:00+00:00,2023-01-16 20:34:00+00:00,23.35662,23.8449645,0.0209081836327342,0.001111499500998,0.0,0.0197966841317362,155
SOLUSDT_60m_long_2.5pct_regime,both,discovery,2,574020,574230,24.49755,stop,False,bar,2023-02-03 15:00:00+00:00,2023-02-03 18:30:00+00:00,24.79449,24.4485549,-0.0139520958083831,0.0010923263473053,0.000100244046157,-0.0151446662018456,211
SOLUSDT_60m_long_2.5pct_regime,both,discovery,2,961020,961027,34.672675,target,False,bar,2023-10-30 09:00:00+00:00,2023-10-30 09:07:00+00:00,33.894654,34.60332965,0.0209081836327347,0.001111499500998,0.0,0.0197966841317367,8
SOLUSDT_60m_long_2.5pct_regime,both,discovery,2,1135980,1136020,115.25714999999998,target,False,bar,2024-02-28 21:00:00+00:00,2024-02-28 21:40:00+00:00,112.670892,115.0266357,0.0209081836327345,0.001111499500998,0.0,0.0197966841317364,41
SOLUSDT_60m_long_2.5pct_regime,both,discovery,2,1148700,1148718,147.04569,stop,False,bar,2024-03-08 17:00:00+00:00,2024-03-08 17:18:00+00:00,148.82806200000002,146.75159862,-0.0139520958083833,0.0010923263473053,0.0,-0.0150444221556886,19
SOLUSDT_60m_long_2.5pct_regime,both,discovery,2,1501560,1501758,197.307,stop,False,bar,2024-11-08 18:00:00+00:00,2024-11-08 21:18:00+00:00,199.6986,196.91238600000003,-0.013952095808383,0.0010923263473053,0.0,-0.0150444221556884,199
SOLUSDT_60m_long_2.5pct_regime,both,validation,1,1867860,1868036,189.0305,target,False,bar,2025-07-21 03:00:00+00:00,2025-07-21 05:56:00+00:00,184.60442,188.8414695,0.0229520479520479,0.0011126236263736,0.0,0.0218394243256743,177
SOLUSDT_60m_long_2.5pct_regime,both,validation,1,1869480,1869625,194.733,stop,False,bar,2025-07-22 06:00:00+00:00,2025-07-22 08:25:00+00:00,196.89669999999995,194.538267,-0.0119780219780218,0.001093412087912,0.0001006416054712,-0.0131720756714052,146
SOLUSDT_60m_long_2.5pct_regime,both,validation,1,1922520,1922687,210.9655,target,False,bar,2025-08-28 02:00:00+00:00,2025-08-28 04:47:00+00:00,206.02582,210.7545345,0.0229520479520479,0.0011126236263736,0.0,0.0218394243256743,168
SOLUSDT_60m_long_2.5pct_regime,both,validation,2,1867860,1868036,189.0305,target,False,bar,2025-07-21 03:00:00+00:00,2025-07-21 05:56:00+00:00,184.78884,188.652439,0.0209081836327342,0.001111499500998,0.0,0.0197966841317362,177
SOLUSDT_60m_long_2.5pct_regime,both,validation,2,1869480,1869625,194.733,stop,False,bar,2025-07-22 06:00:00+00:00,2025-07-22 08:25:00+00:00,197.0934,194.343534,-0.0139520958083834,0.0010923263473053,0.0001005411647472,-0.015144963320436,146
SOLUSDT_60m_long_2.5pct_regime,both,validation,2,1922520,1922687,210.9655,target,False,bar,2025-08-28 02:00:00+00:00,2025-08-28 04:47:00+00:00,206.23164,210.543569,0.0209081836327342,0.001111499500998,0.0,0.0197966841317362,168
SOLUSDT_60m_long_3pct_orders,both,discovery,1,121260,121938,102.76825,target,False,bar,2022-03-26 05:00:00+00:00,2022-03-26 16:18:00+00:00,99.874775,102.66548175,0.0279420579420581,0.0011153681318681,0.0002026137230346,0.0266240760871553,679
SOLUSDT_60m_long_3pct_orders,both,discovery,1,129300,129316,123.6411,stop,False,bar,2022-03-31 19:00:00+00:00,2022-03-31 19:16:00+00:00,125.01488999999998,123.5174589,-0.0119780219780218,0.001093412087912,0.0,-0.0130714340659339,17
SOLUSDT_60m_long_3pct_orders,both,discovery,1,548280,548534,24.0093,target,False,bar,2023-01-16 18:00:00+00:00,2023-01-16 22:14:00+00:00,23.33331,23.9852907,0.0279420579420581,0.0011153681318681,0.0,0.02682668981019,255
SOLUSDT_60m_long_3pct_orders,both,discovery,1,574020,574230,24.49755,stop,False,bar,2023-02-03 15:00:00+00:00,2023-02-03 18:30:00+00:00,24.769745,24.47305245,-0.0119780219780217,0.001093412087912,0.0001003441900593,-0.0131717782559931,211
SOLUSDT_60m_long_3pct_orders,both,discovery,1,961020,961027,34.84181,target,False,bar,2023-10-30 09:00:00+00:00,2023-10-30 09:07:00+00:00,33.86082699999999,34.80696819,0.0279420579420581,0.0011153681318681,0.0,0.02682668981019,8
SOLUSDT_60m_long_3pct_orders,both,discovery,1,1135980,1136024,115.81938,target,False,bar,2024-02-28 21:00:00+00:00,2024-02-28 21:44:00+00:00,112.558446,115.70356062,0.0279420579420579,0.0011153681318681,0.0,0.0268266898101898,45
SOLUSDT_60m_long_3pct_orders,both,discovery,2,121260,121938,102.76825,target,False,bar,2022-03-26 05:00:00+00:00,2022-03-26 16:18:00+00:00,99.97455,102.56271350000002,0.0258882235528943,0.001114238522954,0.0002024115137302,0.0245715735162099,679
SOLUSDT_60m_long_3pct_orders,both,discovery,2,129300,129316,123.6411,stop,False,bar,2022-03-31 19:00:00+00:00,2022-03-31 19:16:00+00:00,125.13978,123.3938178,-0.0139520958083833,0.0010923263473053,0.0,-0.0150444221556886,17
SOLUSDT_60m_long_3pct_orders,both,discovery,2,548280,548534,24.0093,target,False,bar,2023-01-16 18:00:00+00:00,2023-01-16 22:14:00+00:00,23.35662,23.9612814,0.0258882235528943,0.001114238522954,0.0,0.0247739850299402,255
SOLUSDT_60m_long_3pct_orders,both,discovery,2,574020,574230,24.49755,stop,False,bar,2023-02-03 15:00:00+00:00,2023-02-03 18:30:00+00:00,24.79449,24.4485549,-0.0139520958083831,0.0010923263473053,0.000100244046157,-0.0151446662018456,211
SOLUSDT_60m_long_3pct_orders,both,discovery,2,961020,961027,34.84181,target,False,bar,2023-10-30 09:00:00+00:00,2023-10-30 09:07:00+00:00,33.894654,34.77212638,0.0258882235528943,0.001114238522954,0.0,0.0247739850299402,8
SOLUSDT_60m_long_3pct_orders,both,discovery,2,1135980,1136024,115.81938,target,False,bar,2024-02-28 21:00:00+00:00,2024-02-28 21:44:00+00:00,112.670892,115.58774124,0.0258882235528943,0.001114238522954,0.0,0.0247739850299402,45
SOLUSDT_60m_long_3pct_orders,both,validation,1,1867860,1868120,189.9526,target,False,bar,2025-07-21 03:00:00+00:00,2025-07-21 07:20:00+00:00,184.60442,189.7626474,0.0279420579420579,0.0011153681318681,0.0,0.0268266898101898,261
SOLUSDT_60m_long_3pct_orders,both,validation,1,1869480,1869625,194.733,stop,False,bar,2025-07-22 06:00:00+00:00,2025-07-22 08:25:00+00:00,196.89669999999995,194.538267,-0.0119780219780218,0.001093412087912,0.0001006416054712,-0.0131720756714052,146
SOLUSDT_60m_long_3pct_orders,both,validation,2,1867860,1868120,189.9526,target,False,bar,2025-07-21 03:00:00+00:00,2025-07-21 07:20:00+00:00,184.78884,189.5726948,0.0258882235528941,0.001114238522954,0.0,0.02477398502994,261
SOLUSDT_60m_long_3pct_orders,both,validation,2,1869480,1869625,194.733,stop,False,bar,2025-07-22 06:00:00+00:00,2025-07-22 08:25:00+00:00,197.0934,194.343534,-0.0139520958083834,0.0010923263473053,0.0001005411647472,-0.015144963320436,146
SOLUSDT_60m_long_3pct_orders,zones,discovery,1,121260,121938,102.76825,target,False,bar,2022-03-26 05:00:00+00:00,2022-03-26 16:18:00+00:00,99.874775,102.66548175,0.0279420579420581,0.0011153681318681,0.0002026137230346,0.0266240760871553,679
SOLUSDT_60m_long_3pct_orders,zones,discovery,1,129300,129316,123.6411,stop,False,bar,2022-03-31 19:00:00+00:00,2022-03-31 19:16:00+00:00,125.01488999999998,123.5174589,-0.0119780219780218,0.001093412087912,0.0,-0.0130714340659339,17
SOLUSDT_60m_long_3pct_orders,zones,discovery,1,542280,542296,16.1766,stop,False,bar,2023-01-12 14:00:00+00:00,2023-01-12 14:16:00+00:00,16.35634,16.1604234,-0.011978021978022,0.001093412087912,0.0,-0.013071434065934,17
SOLUSDT_60m_long_3pct_orders,zones,discovery,1,548280,548534,24.0093,target,False,bar,2023-01-16 18:00:00+00:00,2023-01-16 22:14:00+00:00,23.33331,23.9852907,0.0279420579420581,0.0011153681318681,0.0,0.02682668981019,255
SOLUSDT_60m_long_3pct_orders,zones,discovery,1,548940,549518,23.21055,stop,False,bar,2023-01-17 05:00:00+00:00,2023-01-17 14:38:00+00:00,23.468445,23.18733945,-0.011978021978022,0.001093412087912,9.98361842891492e-05,-0.0131712702502232,579
SOLUSDT_60m_long_3pct_orders,zones,discovery,1,574020,574230,24.49755,stop,False,bar,2023-02-03 15:00:00+00:00,2023-02-03 18:30:00+00:00,24.769745,24.47305245,-0.0119780219780217,0.001093412087912,0.0001003441900593,-0.0131717782559931,211
SOLUSDT_60m_long_3pct_orders,zones,discovery,1,812220,812688,25.89246,stop,False,bar,2023-07-19 01:00:00+00:00,2023-07-19 08:48:00+00:00,26.180154,25.86656754,-0.011978021978022,0.001093412087912,0.0001001140023851,-0.0131715480683192,469
SOLUSDT_60m_long_3pct_orders,zones,discovery,1,953340,953352,31.72915,target,False,bar,2023-10-25 01:00:00+00:00,2023-10-25 01:12:00+00:00,30.835805,31.69742085,0.0279420579420579,0.0011153681318681,0.0,0.0268266898101898,13
SOLUSDT_60m_long_3pct_orders,zones,discovery,1,961020,961027,34.84181,target,False,bar,2023-10-30 09:00:00+00:00,2023-10-30 09:07:00+00:00,33.86082699999999,34.80696819,0.0279420579420581,0.0011153681318681,0.0,0.02682668981019,8
SOLUSDT_60m_long_3pct_orders,zones,discovery,1,972240,972799,42.0652,target,False,bar,2023-11-07 04:00:00+00:00,2023-11-07 13:19:00+00:00,40.88084,42.0231348,0.0279420579420579,0.0011153681318681,0.0001040947822989,0.0267225950278908,560
SOLUSDT_60m_long_3pct_orders,zones,discovery,1,1014540,1014641,62.73333,stop,False,bar,2023-12-06 13:00:00+00:00,2023-12-06 14:41:00+00:00,63.43036699999999,62.67059667,-0.0119780219780218,0.001093412087912,0.0,-0.0130714340659339,102
SOLUSDT_60m_long_3pct_orders,zones,discovery,1,1014780,1015127,62.78085,stop,False,bar,2023-12-06 17:00:00+00:00,2023-12-06 22:47:00+00:00,63.47841499999999,62.71806915,-0.0119780219780218,0.001093412087912,0.0,-0.0130714340659339,348
SOLUSDT_60m_long_3pct_orders,zones,discovery,1,1092480,1093054,102.89391,target,False,bar,2024-01-29 16:00:00+00:00,2024-01-30 01:34:00+00:00,99.996897,102.79101609,0.0279420579420579,0.0011153681318681,0.0001016321536457,0.0267250576565441,575
SOLUSDT_60m_long_3pct_orders,zones,discovery,1,1135980,1136024,115.81938,target,False,bar,2024-02-28 21:00:00+00:00,2024-02-28 21:44:00+00:00,112.558446,115.70356062,0.0279420579420579,0.0011153681318681,0.0,0.0268266898101898,45
SOLUSDT_60m_long_3pct_orders,zones,discovery,2,121260,121938,102.76825,target,False,bar,2022-03-26 05:00:00+00:00,2022-03-26 16:18:00+00:00,99.97455,102.56271350000002,0.0258882235528943,0.001114238522954,0.0002024115137302,0.0245715735162099,679
SOLUSDT_60m_long_3pct_orders,zones,discovery,2,129300,129316,123.6411,stop,False,bar,2022-03-31 19:00:00+00:00,2022-03-31 19:16:00+00:00,125.13978,123.3938178,-0.0139520958083833,0.0010923263473053,0.0,-0.0150444221556886,17
SOLUSDT_60m_long_3pct_orders,zones,discovery,2,542280,542296,16.1766,stop,False,bar,2023-01-12 14:00:00+00:00,2023-01-12 14:16:00+00:00,16.37268,16.1442468,-0.013952095808383,0.0010923263473053,0.0,-0.0150444221556884,17
SOLUSDT_60m_long_3pct_orders,zones,discovery,2,548280,548534,24.0093,target,False,bar,2023-01-16 18:00:00+00:00,2023-01-16 22:14:00+00:00,23.35662,23.9612814,0.0258882235528943,0.001114238522954,0.0,0.0247739850299402,255
SOLUSDT_60m_long_3pct_orders,zones,discovery,2,548940,549518,23.21055,stop,False,bar,2023-01-17 05:00:00+00:00,2023-01-17 14:38:00+00:00,23.49189,23.1641289,-0.0139520958083831,0.0010923263473053,9.973654737868098e-05,-0.0151441587030672,579
SOLUSDT_60m_long_3pct_orders,zones,discovery,2,574020,574230,24.49755,stop,False,bar,2023-02-03 15:00:00+00:00,2023-02-03 18:30:00+00:00,24.79449,24.4485549,-0.0139520958083831,0.0010923263473053,0.000100244046157,-0.0151446662018456,211
SOLUSDT_60m_long_3pct_orders,zones,discovery,2,812220,812688,25.89246,stop,False,bar,2023-07-19 01:00:00+00:00,2023-07-19 08:48:00+00:00,26.206308,25.84067508,-0.0139520958083831,0.0010923263473053,0.0001000140882111,-0.0151444362438996,469
SOLUSDT_60m_long_3pct_orders,zones,discovery,2,953340,953352,31.72915,target,False,bar,2023-10-25 01:00:00+00:00,2023-10-25 01:12:00+00:00,30.86661,31.6656917,0.0258882235528941,0.001114238522954,0.0,0.02477398502994,13
SOLUSDT_60m_long_3pct_orders,zones,discovery,2,961020,961027,34.84181,target,False,bar,2023-10-30 09:00:00+00:00,2023-10-30 09:07:00+00:00,33.894654,34.77212638,0.0258882235528943,0.001114238522954,0.0,0.0247739850299402,8
SOLUSDT_60m_long_3pct_orders,zones,discovery,2,972240,972799,42.0652,target,False,bar,2023-11-07 04:00:00+00:00,2023-11-07 13:19:00+00:00,40.92168,41.981069600000005,0.0258882235528943,0.001114238522954,0.0001039908952907,0.0246699941346495,560
SOLUSDT_60m_long_3pct_orders,zones,discovery,2,1014540,1014641,62.73333,stop,False,bar,2023-12-06 13:00:00+00:00,2023-12-06 14:41:00+00:00,63.493734,62.60786334,-0.0139520958083833,0.0010923263473053,0.0,-0.0150444221556886,102
SOLUSDT_60m_long_3pct_orders,zones,discovery,2,1014780,1015127,62.78085,stop,False,bar,2023-12-06 17:00:00+00:00,2023-12-06 22:47:00+00:00,63.54183,62.6552883,-0.0139520958083831,0.0010923263473053,0.0,-0.0150444221556885,348
SOLUSDT_60m_long_3pct_orders,zones,discovery,2,1092480,1093054,102.89391,target,False,bar,2024-01-29 16:00:00+00:00,2024-01-30 01:34:00+00:00,100.096794,102.68812218,0.0258882235528943,0.001114238522954,0.0001015307243506,0.0246724543055895,575
SOLUSDT_60m_long_3pct_orders,zones,discovery,2,1135980,1136024,115.81938,target,False,bar,2024-02-28 21:00:00+00:00,2024-02-28 21:44:00+00:00,112.670892,115.58774124,0.0258882235528943,0.001114238522954,0.0,0.0247739850299402,45
SOLUSDT_60m_long_3pct_orders,zones,validation,1,1766040,1766250,172.6164,stop,False,bar,2025-05-11 10:00:00+00:00,2025-05-11 13:30:00+00:00,174.53436,172.4437836,-0.011978021978022,0.001093412087912,0.0,-0.013071434065934,211
SOLUSDT_60m_long_3pct_orders,zones,validation,1,1867860,1868120,189.9526,target,False,bar,2025-07-21 03:00:00+00:00,2025-07-21 07:20:00+00:00,184.60442,189.7626474,0.0279420579420579,0.0011153681318681,0.0,0.0268266898101898,261
SOLUSDT_60m_long_3pct_orders,zones,validation,1,1869480,1869625,194.733,stop,False,bar,2025-07-22 06:00:00+00:00,2025-07-22 08:25:00+00:00,196.89669999999995,194.538267,-0.0119780219780218,0.001093412087912,0.0001006416054712,-0.0131720756714052,146
SOLUSDT_60m_long_3pct_orders,zones,validation,2,1766040,1766250,172.6164,stop,False,bar,2025-05-11 10:00:00+00:00,2025-05-11 13:30:00+00:00,174.70872000000003,172.2711672,-0.0139520958083833,0.0010923263473053,0.0,-0.0150444221556886,211
SOLUSDT_60m_long_3pct_orders,zones,validation,2,1867860,1868120,189.9526,target,False,bar,2025-07-21 03:00:00+00:00,2025-07-21 07:20:00+00:00,184.78884,189.5726948,0.0258882235528941,0.001114238522954,0.0,0.02477398502994,261
SOLUSDT_60m_long_3pct_orders,zones,validation,2,1869480,1869625,194.733,stop,False,bar,2025-07-22 06:00:00+00:00,2025-07-22 08:25:00+00:00,197.0934,194.343534,-0.0139520958083834,0.0010923263473053,0.0001005411647472,-0.015144963320436,146
SOLUSDT_60m_long_3pct_regime,both,discovery,1,121260,121938,102.76825,target,False,bar,2022-03-26 05:00:00+00:00,2022-03-26 16:18:00+00:00,99.874775,102.66548175,0.0279420579420581,0.0011153681318681,0.0002026137230346,0.0266240760871553,679
SOLUSDT_60m_long_3pct_regime,both,discovery,1,129300,129316,123.6411,stop,False,bar,2022-03-31 19:00:00+00:00,2022-03-31 19:16:00+00:00,125.01488999999998,123.5174589,-0.0119780219780218,0.001093412087912,0.0,-0.0130714340659339,17
SOLUSDT_60m_long_3pct_regime,both,discovery,1,548280,548534,24.0093,target,False,bar,2023-01-16 18:00:00+00:00,2023-01-16 22:14:00+00:00,23.33331,23.9852907,0.0279420579420581,0.0011153681318681,0.0,0.02682668981019,255
SOLUSDT_60m_long_3pct_regime,both,discovery,1,574020,574230,24.49755,stop,False,bar,2023-02-03 15:00:00+00:00,2023-02-03 18:30:00+00:00,24.769745,24.47305245,-0.0119780219780217,0.001093412087912,0.0001003441900593,-0.0131717782559931,211
SOLUSDT_60m_long_3pct_regime,both,discovery,1,961020,961027,34.84181,target,False,bar,2023-10-30 09:00:00+00:00,2023-10-30 09:07:00+00:00,33.86082699999999,34.80696819,0.0279420579420581,0.0011153681318681,0.0,0.02682668981019,8
SOLUSDT_60m_long_3pct_regime,both,discovery,1,1135980,1136024,115.81938,target,False,bar,2024-02-28 21:00:00+00:00,2024-02-28 21:44:00+00:00,112.558446,115.70356062,0.0279420579420579,0.0011153681318681,0.0,0.0268266898101898,45
SOLUSDT_60m_long_3pct_regime,both,discovery,2,121260,121938,102.76825,target,False,bar,2022-03-26 05:00:00+00:00,2022-03-26 16:18:00+00:00,99.97455,102.56271350000002,0.0258882235528943,0.001114238522954,0.0002024115137302,0.0245715735162099,679
SOLUSDT_60m_long_3pct_regime,both,discovery,2,129300,129316,123.6411,stop,False,bar,2022-03-31 19:00:00+00:00,2022-03-31 19:16:00+00:00,125.13978,123.3938178,-0.0139520958083833,0.0010923263473053,0.0,-0.0150444221556886,17
SOLUSDT_60m_long_3pct_regime,both,discovery,2,548280,548534,24.0093,target,False,bar,2023-01-16 18:00:00+00:00,2023-01-16 22:14:00+00:00,23.35662,23.9612814,0.0258882235528943,0.001114238522954,0.0,0.0247739850299402,255
SOLUSDT_60m_long_3pct_regime,both,discovery,2,574020,574230,24.49755,stop,False,bar,2023-02-03 15:00:00+00:00,2023-02-03 18:30:00+00:00,24.79449,24.4485549,-0.0139520958083831,0.0010923263473053,0.000100244046157,-0.0151446662018456,211
SOLUSDT_60m_long_3pct_regime,both,discovery,2,961020,961027,34.84181,target,False,bar,2023-10-30 09:00:00+00:00,2023-10-30 09:07:00+00:00,33.894654,34.77212638,0.0258882235528943,0.001114238522954,0.0,0.0247739850299402,8
SOLUSDT_60m_long_3pct_regime,both,discovery,2,1135980,1136024,115.81938,target,False,bar,2024-02-28 21:00:00+00:00,2024-02-28 21:44:00+00:00,112.670892,115.58774124,0.0258882235528943,0.001114238522954,0.0,0.0247739850299402,45
SOLUSDT_60m_long_3pct_regime,both,validation,1,1867860,1868120,189.9526,target,False,bar,2025-07-21 03:00:00+00:00,2025-07-21 07:20:00+00:00,184.60442,189.7626474,0.0279420579420579,0.0011153681318681,0.0,0.0268266898101898,261
SOLUSDT_60m_long_3pct_regime,both,validation,1,1869480,1869625,194.733,stop,False,bar,2025-07-22 06:00:00+00:00,2025-07-22 08:25:00+00:00,196.89669999999995,194.538267,-0.0119780219780218,0.001093412087912,0.0001006416054712,-0.0131720756714052,146
SOLUSDT_60m_long_3pct_regime,both,validation,2,1867860,1868120,189.9526,target,False,bar,2025-07-21 03:00:00+00:00,2025-07-21 07:20:00+00:00,184.78884,189.5726948,0.0258882235528941,0.001114238522954,0.0,0.02477398502994,261
SOLUSDT_60m_long_3pct_regime,both,validation,2,1869480,1869625,194.733,stop,False,bar,2025-07-22 06:00:00+00:00,2025-07-22 08:25:00+00:00,197.0934,194.343534,-0.0139520958083834,0.0010923263473053,0.0001005411647472,-0.015144963320436,146
SOLUSDT_60m_long_3pct_regime,zones,discovery,1,121260,121938,102.76825,target,False,bar,2022-03-26 05:00:00+00:00,2022-03-26 16:18:00+00:00,99.874775,102.66548175,0.0279420579420581,0.0011153681318681,0.0002026137230346,0.0266240760871553,679
SOLUSDT_60m_long_3pct_regime,zones,discovery,1,129300,129316,123.6411,stop,False,bar,2022-03-31 19:00:00+00:00,2022-03-31 19:16:00+00:00,125.01488999999998,123.5174589,-0.0119780219780218,0.001093412087912,0.0,-0.0130714340659339,17
SOLUSDT_60m_long_3pct_regime,zones,discovery,1,542280,542296,16.1766,stop,False,bar,2023-01-12 14:00:00+00:00,2023-01-12 14:16:00+00:00,16.35634,16.1604234,-0.011978021978022,0.001093412087912,0.0,-0.013071434065934,17
SOLUSDT_60m_long_3pct_regime,zones,discovery,1,548280,548534,24.0093,target,False,bar,2023-01-16 18:00:00+00:00,2023-01-16 22:14:00+00:00,23.33331,23.9852907,0.0279420579420581,0.0011153681318681,0.0,0.02682668981019,255
SOLUSDT_60m_long_3pct_regime,zones,discovery,1,548940,549518,23.21055,stop,False,bar,2023-01-17 05:00:00+00:00,2023-01-17 14:38:00+00:00,23.468445,23.18733945,-0.011978021978022,0.001093412087912,9.98361842891492e-05,-0.0131712702502232,579
SOLUSDT_60m_long_3pct_regime,zones,discovery,1,574020,574230,24.49755,stop,False,bar,2023-02-03 15:00:00+00:00,2023-02-03 18:30:00+00:00,24.769745,24.47305245,-0.0119780219780217,0.001093412087912,0.0001003441900593,-0.0131717782559931,211
SOLUSDT_60m_long_3pct_regime,zones,discovery,1,812220,812688,25.89246,stop,False,bar,2023-07-19 01:00:00+00:00,2023-07-19 08:48:00+00:00,26.180154,25.86656754,-0.011978021978022,0.001093412087912,0.0001001140023851,-0.0131715480683192,469
SOLUSDT_60m_long_3pct_regime,zones,discovery,1,953340,953352,31.72915,target,False,bar,2023-10-25 01:00:00+00:00,2023-10-25 01:12:00+00:00,30.835805,31.69742085,0.0279420579420579,0.0011153681318681,0.0,0.0268266898101898,13
SOLUSDT_60m_long_3pct_regime,zones,discovery,1,961020,961027,34.84181,target,False,bar,2023-10-30 09:00:00+00:00,2023-10-30 09:07:00+00:00,33.86082699999999,34.80696819,0.0279420579420581,0.0011153681318681,0.0,0.02682668981019,8
SOLUSDT_60m_long_3pct_regime,zones,discovery,1,972240,972799,42.0652,target,False,bar,2023-11-07 04:00:00+00:00,2023-11-07 13:19:00+00:00,40.88084,42.0231348,0.0279420579420579,0.0011153681318681,0.0001040947822989,0.0267225950278908,560
SOLUSDT_60m_long_3pct_regime,zones,discovery,1,1014540,1014641,62.73333,stop,False,bar,2023-12-06 13:00:00+00:00,2023-12-06 14:41:00+00:00,63.43036699999999,62.67059667,-0.0119780219780218,0.001093412087912,0.0,-0.0130714340659339,102
SOLUSDT_60m_long_3pct_regime,zones,discovery,1,1014780,1015127,62.78085,stop,False,bar,2023-12-06 17:00:00+00:00,2023-12-06 22:47:00+00:00,63.47841499999999,62.71806915,-0.0119780219780218,0.001093412087912,0.0,-0.0130714340659339,348
SOLUSDT_60m_long_3pct_regime,zones,discovery,1,1092480,1093054,102.89391,target,False,bar,2024-01-29 16:00:00+00:00,2024-01-30 01:34:00+00:00,99.996897,102.79101609,0.0279420579420579,0.0011153681318681,0.0001016321536457,0.0267250576565441,575
SOLUSDT_60m_long_3pct_regime,zones,discovery,1,1135980,1136024,115.81938,target,False,bar,2024-02-28 21:00:00+00:00,2024-02-28 21:44:00+00:00,112.558446,115.70356062,0.0279420579420579,0.0011153681318681,0.0,0.0268266898101898,45
SOLUSDT_60m_long_3pct_regime,zones,discovery,2,121260,121938,102.76825,target,False,bar,2022-03-26 05:00:00+00:00,2022-03-26 16:18:00+00:00,99.97455,102.56271350000002,0.0258882235528943,0.001114238522954,0.0002024115137302,0.0245715735162099,679
SOLUSDT_60m_long_3pct_regime,zones,discovery,2,129300,129316,123.6411,stop,False,bar,2022-03-31 19:00:00+00:00,2022-03-31 19:16:00+00:00,125.13978,123.3938178,-0.0139520958083833,0.0010923263473053,0.0,-0.0150444221556886,17
SOLUSDT_60m_long_3pct_regime,zones,discovery,2,542280,542296,16.1766,stop,False,bar,2023-01-12 14:00:00+00:00,2023-01-12 14:16:00+00:00,16.37268,16.1442468,-0.013952095808383,0.0010923263473053,0.0,-0.0150444221556884,17
SOLUSDT_60m_long_3pct_regime,zones,discovery,2,548280,548534,24.0093,target,False,bar,2023-01-16 18:00:00+00:00,2023-01-16 22:14:00+00:00,23.35662,23.9612814,0.0258882235528943,0.001114238522954,0.0,0.0247739850299402,255
SOLUSDT_60m_long_3pct_regime,zones,discovery,2,548940,549518,23.21055,stop,False,bar,2023-01-17 05:00:00+00:00,2023-01-17 14:38:00+00:00,23.49189,23.1641289,-0.0139520958083831,0.0010923263473053,9.973654737868098e-05,-0.0151441587030672,579
SOLUSDT_60m_long_3pct_regime,zones,discovery,2,574020,574230,24.49755,stop,False,bar,2023-02-03 15:00:00+00:00,2023-02-03 18:30:00+00:00,24.79449,24.4485549,-0.0139520958083831,0.0010923263473053,0.000100244046157,-0.0151446662018456,211
SOLUSDT_60m_long_3pct_regime,zones,discovery,2,812220,812688,25.89246,stop,False,bar,2023-07-19 01:00:00+00:00,2023-07-19 08:48:00+00:00,26.206308,25.84067508,-0.0139520958083831,0.0010923263473053,0.0001000140882111,-0.0151444362438996,469
SOLUSDT_60m_long_3pct_regime,zones,discovery,2,953340,953352,31.72915,target,False,bar,2023-10-25 01:00:00+00:00,2023-10-25 01:12:00+00:00,30.86661,31.6656917,0.0258882235528941,0.001114238522954,0.0,0.02477398502994,13
SOLUSDT_60m_long_3pct_regime,zones,discovery,2,961020,961027,34.84181,target,False,bar,2023-10-30 09:00:00+00:00,2023-10-30 09:07:00+00:00,33.894654,34.77212638,0.0258882235528943,0.001114238522954,0.0,0.0247739850299402,8
SOLUSDT_60m_long_3pct_regime,zones,discovery,2,972240,972799,42.0652,target,False,bar,2023-11-07 04:00:00+00:00,2023-11-07 13:19:00+00:00,40.92168,41.981069600000005,0.0258882235528943,0.001114238522954,0.0001039908952907,0.0246699941346495,560
SOLUSDT_60m_long_3pct_regime,zones,discovery,2,1014540,1014641,62.73333,stop,False,bar,2023-12-06 13:00:00+00:00,2023-12-06 14:41:00+00:00,63.493734,62.60786334,-0.0139520958083833,0.0010923263473053,0.0,-0.0150444221556886,102
SOLUSDT_60m_long_3pct_regime,zones,discovery,2,1014780,1015127,62.78085,stop,False,bar,2023-12-06 17:00:00+00:00,2023-12-06 22:47:00+00:00,63.54183,62.6552883,-0.0139520958083831,0.0010923263473053,0.0,-0.0150444221556885,348
SOLUSDT_60m_long_3pct_regime,zones,discovery,2,1092480,1093054,102.89391,target,False,bar,2024-01-29 16:00:00+00:00,2024-01-30 01:34:00+00:00,100.096794,102.68812218,0.0258882235528943,0.001114238522954,0.0001015307243506,0.0246724543055895,575
SOLUSDT_60m_long_3pct_regime,zones,discovery,2,1135980,1136024,115.81938,target,False,bar,2024-02-28 21:00:00+00:00,2024-02-28 21:44:00+00:00,112.670892,115.58774124,0.0258882235528943,0.001114238522954,0.0,0.0247739850299402,45
SOLUSDT_60m_long_3pct_regime,zones,validation,1,1766040,1766250,172.6164,stop,False,bar,2025-05-11 10:00:00+00:00,2025-05-11 13:30:00+00:00,174.53436,172.4437836,-0.011978021978022,0.001093412087912,0.0,-0.013071434065934,211
SOLUSDT_60m_long_3pct_regime,zones,validation,1,1867860,1868120,189.9526,target,False,bar,2025-07-21 03:00:00+00:00,2025-07-21 07:20:00+00:00,184.60442,189.7626474,0.0279420579420579,0.0011153681318681,0.0,0.0268266898101898,261
SOLUSDT_60m_long_3pct_regime,zones,validation,1,1869480,1869625,194.733,stop,False,bar,2025-07-22 06:00:00+00:00,2025-07-22 08:25:00+00:00,196.89669999999995,194.538267,-0.0119780219780218,0.001093412087912,0.0001006416054712,-0.0131720756714052,146
SOLUSDT_60m_long_3pct_regime,zones,validation,2,1766040,1766250,172.6164,stop,False,bar,2025-05-11 10:00:00+00:00,2025-05-11 13:30:00+00:00,174.70872000000003,172.2711672,-0.0139520958083833,0.0010923263473053,0.0,-0.0150444221556886,211
SOLUSDT_60m_long_3pct_regime,zones,validation,2,1867860,1868120,189.9526,target,False,bar,2025-07-21 03:00:00+00:00,2025-07-21 07:20:00+00:00,184.78884,189.5726948,0.0258882235528941,0.001114238522954,0.0,0.02477398502994,261
SOLUSDT_60m_long_3pct_regime,zones,validation,2,1869480,1869625,194.733,stop,False,bar,2025-07-22 06:00:00+00:00,2025-07-22 08:25:00+00:00,197.0934,194.343534,-0.0139520958083834,0.0010923263473053,0.0001005411647472,-0.015144963320436,146
