cost_model,poll_minutes,partition,stress,n,stops,targets,mean_stopped_net,worst_stopped_net,worst_trade_net
research_all_exit_slip,0,evaluation,1,15,3,12,-0.02186233219249245,-0.022216042160025665,-0.022216042160025665
research_all_exit_slip,0,evaluation,2,15,4,11,-0.02238556390776405,-0.023195355873438798,-0.023195355873438798
research_all_exit_slip,0,historical,1,41,18,23,-0.021552404835670107,-0.022781630571917674,-0.022781630571917674
research_all_exit_slip,0,historical,2,41,20,21,-0.0222186375282796,-0.023270760222731113,-0.023270760222731113
research_all_exit_slip,0,reserved_replication,1,9,1,8,-0.022196296289547876,-0.022196296289547876,-0.022196296289547876
research_all_exit_slip,0,reserved_replication,2,9,1,8,-0.02268571831512751,-0.02268571831512751,-0.02268571831512751
research_all_exit_slip,1,evaluation,1,15,3,12,-0.022131223480184564,-0.022264752468179033,-0.022264752468179033
research_all_exit_slip,1,evaluation,2,15,5,10,-0.023037907149348343,-0.024059744962933807,-0.024059744962933807
research_all_exit_slip,1,historical,1,41,19,22,-0.02248873816924601,-0.02689082522267983,-0.02689082522267983
research_all_exit_slip,1,historical,2,41,21,20,-0.023070433551530153,-0.02786435522173704,-0.02786435522173704
research_all_exit_slip,1,reserved_replication,1,9,1,8,-0.02238863553188467,-0.02238863553188467,-0.02238863553188467
research_all_exit_slip,1,reserved_replication,2,9,2,7,-0.023002088844044012,-0.023235474445115673,-0.023235474445115673
research_all_exit_slip,5,evaluation,1,15,3,12,-0.023250995357610882,-0.025326594839141573,-0.025326594839141573
research_all_exit_slip,5,evaluation,2,15,4,11,-0.024756883487853036,-0.02650027862626208,-0.02650027862626208
research_all_exit_slip,5,historical,1,41,18,23,-0.02346146651657567,-0.028696677217161536,-0.028696677217161536
research_all_exit_slip,5,historical,2,41,19,22,-0.024085162869187455,-0.02966840226579707,-0.02966840226579707
research_all_exit_slip,5,reserved_replication,1,9,1,8,-0.022755250592348068,-0.022755250592348068,-0.022755250592348068
research_all_exit_slip,5,reserved_replication,2,9,2,7,-0.023571477764196186,-0.02412382587281439,-0.02412382587281439
research_all_exit_slip,15,evaluation,1,15,3,12,-0.02612899432336945,-0.029214483996972757,-0.029214483996972757
research_all_exit_slip,15,evaluation,2,15,4,11,-0.027105318271212004,-0.0316717242107845,-0.0316717242107845
research_all_exit_slip,15,historical,1,41,18,23,-0.024769911249681927,-0.03797031695110802,-0.03797031695110802
research_all_exit_slip,15,historical,2,41,18,23,-0.024746042254297485,-0.03301440719497413,-0.03301440719497413
research_all_exit_slip,15,reserved_replication,1,9,2,7,-0.025315992971342287,-0.02562847632570069,-0.02562847632570069
research_all_exit_slip,15,reserved_replication,2,9,2,7,-0.02481113180193917,-0.02660313394830036,-0.02660313394830036
runtime_stop_fill,0,evaluation,1,15,3,12,-0.021202508192492572,-0.02125994341745201,-0.02125994341745201
runtime_stop_fill,0,evaluation,2,15,4,11,-0.02115096265776409,-0.021236433873438834,-0.021236433873438834
runtime_stop_fill,0,historical,1,41,18,23,-0.020968494252336836,-0.022291900071917684,-0.022291900071917684
runtime_stop_fill,0,historical,2,41,20,21,-0.021016569328279666,-0.022291299222731133,-0.022291299222731133
runtime_stop_fill,0,reserved_replication,1,9,1,8,-0.021706565789547886,-0.021706565789547886,-0.021706565789547886
runtime_stop_fill,0,reserved_replication,2,9,1,8,-0.02170625731512753,-0.02170625731512753,-0.02170625731512753
runtime_stop_fill,1,evaluation,1,15,3,12,-0.0214714592635422,-0.02177527963628846,-0.02177527963628846
runtime_stop_fill,1,evaluation,2,15,5,10,-0.02165896737462318,-0.02226417809800847,-0.02226417809800847
runtime_stop_fill,1,historical,1,41,19,22,-0.02191101931561329,-0.0264033949961256,-0.0264033949961256
runtime_stop_fill,1,historical,2,41,21,20,-0.021879240578559153,-0.02688998171191162,-0.02688998171191162
runtime_stop_fill,1,reserved_replication,1,9,1,8,-0.02189902228878591,-0.02189902228878591,-0.02189902228878591
runtime_stop_fill,1,reserved_replication,2,9,2,7,-0.022023051567411252,-0.022256735745480552,-0.022256735745480552
runtime_stop_fill,5,evaluation,1,15,3,12,-0.02259169214921174,-0.02483865369428007,-0.02483865369428007
runtime_stop_fill,5,evaluation,2,15,4,11,-0.02328026772024291,-0.025326021999127955,-0.025326021999127955
runtime_stop_fill,5,historical,1,41,18,23,-0.02290574013717578,-0.02821015036829348,-0.02821015036829348
runtime_stop_fill,5,historical,2,41,19,22,-0.022978500538317494,-0.02869583460886861,-0.02869583460886861
runtime_stop_fill,5,reserved_replication,1,9,1,8,-0.022265820748479073,-0.022265820748479073,-0.022265820748479073
runtime_stop_fill,5,reserved_replication,2,9,2,7,-0.022593010446442456,-0.023145976413847642,-0.023145976413847642
runtime_stop_fill,15,evaluation,1,15,3,12,-0.025470365825618537,-0.02872848776914872,-0.02872848776914872
runtime_stop_fill,15,evaluation,2,15,4,11,-0.02563218089288184,-0.02972880485014653,-0.02972880485014653
runtime_stop_fill,15,historical,1,41,18,23,-0.02421515569674304,-0.03700677372483289,-0.03700677372483289
runtime_stop_fill,15,historical,2,41,18,23,-0.023635061088392095,-0.03204518889232896,-0.03204518889232896
runtime_stop_fill,15,reserved_replication,1,9,2,7,-0.024827876618032946,-0.02514054877109282,-0.02514054877109282
runtime_stop_fill,15,reserved_replication,2,9,2,7,-0.023833905379118163,-0.02562776627919906,-0.02562776627919906
