symbol,tf,side,partition,original_signals,matched,coverage,unmatched,control_draws,unique_control_times,max_control_reuse,mean_control_reuse,entry_weight_effective_controls,weeks
BTCUSDT,5,1,discovery,4553,4546,0.9984625521634087,7,90563,51057,11,1.7737626574220968,36712.628914673674,86
BTCUSDT,5,1,validation,1368,1367,0.9992690058479532,1,27265,15879,11,1.7170476730272688,11589.746108199017,26
BTCUSDT,5,-1,discovery,4267,4259,0.9981251464729318,8,84863,47209,13,1.7976021521320087,33034.96124450836,79
BTCUSDT,5,-1,validation,1448,1441,0.9951657458563536,7,28673,16022,10,1.7896017975283984,11482.491018212713,32
BTCUSDT,15,1,discovery,2466,2445,0.9914841849148418,21,47571,21207,13,2.2431744235393976,14188.847928649708,86
BTCUSDT,15,1,validation,692,687,0.9927745664739884,5,13266,6563,9,2.0213317080603384,4272.401396321125,27
BTCUSDT,15,-1,discovery,2293,2272,0.9908416921064108,21,44001,19794,11,2.2229463473779933,13379.67793308883,79
BTCUSDT,15,-1,validation,764,757,0.9908376963350786,7,14678,6262,10,2.343979559246247,4334.6551172401805,31
BTCUSDT,60,1,discovery,1044,930,0.8908045977011494,114,13242,5705,8,2.3211218229623136,3914.9458260672877,82
BTCUSDT,60,1,validation,274,259,0.9452554744525548,15,4374,1890,8,2.3142857142857145,1277.5186117585088,25
BTCUSDT,60,-1,discovery,969,872,0.8998968008255934,97,13097,5057,10,2.5898754202096104,3495.019789714105,77
BTCUSDT,60,-1,validation,308,265,0.8603896103896104,43,3557,1607,7,2.2134411947728685,1071.9203365304304,30
ETHUSDT,5,1,discovery,4310,4299,0.9974477958236659,11,85600,47448,12,1.8040802562805598,33226.85394760159,83
ETHUSDT,5,1,validation,1225,1224,0.9991836734693877,1,24453,13004,14,1.8804214087972932,8897.156462070861,21
ETHUSDT,5,-1,discovery,4763,4755,0.9983203863111484,8,94692,52097,12,1.8176094592778855,36566.728371598445,88
ETHUSDT,5,-1,validation,1740,1738,0.9988505747126437,2,34627,18891,12,1.8329892541421842,13149.211114710317,35
ETHUSDT,15,1,discovery,2295,2265,0.9869281045751634,30,44141,19296,10,2.287572553897181,13081.788292222469,83
ETHUSDT,15,1,validation,663,652,0.9834087481146304,11,12608,5234,12,2.4088651127244938,3355.890694133806,21
ETHUSDT,15,-1,discovery,2598,2566,0.9876828329484219,32,50019,21773,13,2.2972948146787306,14708.709943112182,88
ETHUSDT,15,-1,validation,891,887,0.9955106621773289,4,17102,7898,11,2.1653583185616614,5163.861034229871,35
ETHUSDT,60,1,discovery,950,880,0.9263157894736842,70,12839,5181,9,2.4780930322331596,3560.3191090936884,82
ETHUSDT,60,1,validation,242,213,0.8801652892561983,29,2988,1331,7,2.244928625093914,905.6476461869462,21
ETHUSDT,60,-1,discovery,1072,988,0.9216417910447762,84,14869,5947,10,2.5002522280141246,3995.4366738548633,84
ETHUSDT,60,-1,validation,343,296,0.8629737609329446,47,4228,1982,7,2.1331987891019173,1239.148961389878,30
SOLUSDT,5,1,discovery,3618,3612,0.9983416252072969,6,71820,42212,10,1.7014119207808207,30279.940172596987,75
SOLUSDT,5,1,validation,1110,1110,1.0,0,22154,12936,12,1.7125850340136055,9294.937699298893,24
SOLUSDT,5,-1,discovery,4065,4060,0.998769987699877,5,80558,46712,14,1.7245675629388595,32149.60726259046,84
SOLUSDT,5,-1,validation,1552,1551,0.9993556701030928,1,30906,18767,9,1.6468268769648853,13847.824929084882,35
SOLUSDT,15,1,discovery,1903,1885,0.9905412506568576,18,36554,17810,11,2.052442448062886,11908.027255950874,75
SOLUSDT,15,1,validation,581,576,0.9913941480206541,5,11238,5409,10,2.0776483638380476,3881.9298908650517,24
SOLUSDT,15,-1,discovery,2177,2168,0.9958658704639411,9,42323,19702,15,2.148157547457111,13182.69048093758,83
SOLUSDT,15,-1,validation,818,813,0.9938875305623472,5,15917,7928,11,2.007694248234107,5555.224599108877,35
SOLUSDT,60,1,discovery,806,715,0.8870967741935484,91,10897,5019,11,2.1711496314006773,3431.4691818404262,70
SOLUSDT,60,1,validation,226,202,0.8938053097345132,24,3106,1418,7,2.1904090267983074,1026.4939510481324,24
SOLUSDT,60,-1,discovery,898,828,0.9220489977728286,70,12883,5494,9,2.3449217327994174,3845.865761706631,80
SOLUSDT,60,-1,validation,325,307,0.9446153846153846,18,4557,2161,7,2.108745950948635,1545.7134178497593,34
