path,rows,first,last,entries_2026
entry_discovery_20261006/results_v1/ledgers/BTCUSDT_development.parquet,41834,2022-02-03 08:00:00+00:00,2023-12-31 13:10:00+00:00,0
entry_discovery_20261006/results_v1/ledgers/BTCUSDT_evaluation.parquet,16166,2025-01-01 00:00:00+00:00,2025-12-31 20:45:00+00:00,0
entry_discovery_20261006/results_v1/ledgers/BTCUSDT_selection.parquet,20504,2024-01-01 00:00:00+00:00,2024-12-31 18:00:00+00:00,0
entry_discovery_20261006/results_v1/ledgers/ETHUSDT_development.parquet,56672,2022-02-03 08:00:00+00:00,2023-12-31 22:55:00+00:00,0
entry_discovery_20261006/results_v1/ledgers/ETHUSDT_evaluation.parquet,32488,2025-01-01 00:00:00+00:00,2025-12-31 15:00:00+00:00,0
entry_discovery_20261006/results_v1/ledgers/ETHUSDT_selection.parquet,26050,2024-01-01 00:00:00+00:00,2024-12-31 18:00:00+00:00,0
entry_discovery_20261006/results_v1/ledgers/SOLUSDT_development.parquet,108760,2022-02-03 08:00:00+00:00,2023-12-31 23:45:00+00:00,0
entry_discovery_20261006/results_v1/ledgers/SOLUSDT_evaluation.parquet,41698,2025-01-01 00:00:00+00:00,2025-12-31 21:00:00+00:00,0
entry_discovery_20261006/results_v1/ledgers/SOLUSDT_selection.parquet,46524,2024-01-01 00:00:00+00:00,2024-12-31 23:40:00+00:00,0
entry_discovery_20261006/results_v1/training_labels/15_leaf_membership.parquet,397238,2022-02-03 08:00:00+00:00,2023-12-24 23:45:00+00:00,0
entry_discovery_20261006/results_v1/training_labels/5_leaf_membership.parquet,1191698,2022-02-03 08:00:00+00:00,2023-12-24 23:55:00+00:00,0
entry_discovery_20261006/results_v1/training_labels/60_leaf_membership.parquet,99312,2022-02-03 08:00:00+00:00,2023-12-24 23:00:00+00:00,0
entry_discovery_20261006/results_v1/training_labels/BTCUSDT_15_-1.parquet,66206,2022-02-03 08:00:00+00:00,2023-12-24 23:45:00+00:00,0
entry_discovery_20261006/results_v1/training_labels/BTCUSDT_15_1.parquet,66206,2022-02-03 08:00:00+00:00,2023-12-24 23:45:00+00:00,0
entry_discovery_20261006/results_v1/training_labels/BTCUSDT_5_-1.parquet,198617,2022-02-03 08:00:00+00:00,2023-12-24 23:55:00+00:00,0
entry_discovery_20261006/results_v1/training_labels/BTCUSDT_5_1.parquet,198617,2022-02-03 08:00:00+00:00,2023-12-24 23:55:00+00:00,0
entry_discovery_20261006/results_v1/training_labels/BTCUSDT_60_-1.parquet,16552,2022-02-03 08:00:00+00:00,2023-12-24 23:00:00+00:00,0
entry_discovery_20261006/results_v1/training_labels/BTCUSDT_60_1.parquet,16552,2022-02-03 08:00:00+00:00,2023-12-24 23:00:00+00:00,0
entry_discovery_20261006/results_v1/training_labels/ETHUSDT_15_-1.parquet,66206,2022-02-03 08:00:00+00:00,2023-12-24 23:45:00+00:00,0
entry_discovery_20261006/results_v1/training_labels/ETHUSDT_15_1.parquet,66206,2022-02-03 08:00:00+00:00,2023-12-24 23:45:00+00:00,0
entry_discovery_20261006/results_v1/training_labels/ETHUSDT_5_-1.parquet,198617,2022-02-03 08:00:00+00:00,2023-12-24 23:55:00+00:00,0
entry_discovery_20261006/results_v1/training_labels/ETHUSDT_5_1.parquet,198617,2022-02-03 08:00:00+00:00,2023-12-24 23:55:00+00:00,0
entry_discovery_20261006/results_v1/training_labels/ETHUSDT_60_-1.parquet,16552,2022-02-03 08:00:00+00:00,2023-12-24 23:00:00+00:00,0
entry_discovery_20261006/results_v1/training_labels/ETHUSDT_60_1.parquet,16552,2022-02-03 08:00:00+00:00,2023-12-24 23:00:00+00:00,0
entry_discovery_20261006/results_v1/training_labels/SOLUSDT_15_-1.parquet,66207,2022-02-03 08:00:00+00:00,2023-12-24 23:45:00+00:00,0
entry_discovery_20261006/results_v1/training_labels/SOLUSDT_15_1.parquet,66207,2022-02-03 08:00:00+00:00,2023-12-24 23:45:00+00:00,0
entry_discovery_20261006/results_v1/training_labels/SOLUSDT_5_-1.parquet,198615,2022-02-03 08:00:00+00:00,2023-12-24 23:55:00+00:00,0
entry_discovery_20261006/results_v1/training_labels/SOLUSDT_5_1.parquet,198615,2022-02-03 08:00:00+00:00,2023-12-24 23:55:00+00:00,0
entry_discovery_20261006/results_v1/training_labels/SOLUSDT_60_-1.parquet,16552,2022-02-03 08:00:00+00:00,2023-12-24 23:00:00+00:00,0
entry_discovery_20261006/results_v1/training_labels/SOLUSDT_60_1.parquet,16552,2022-02-03 08:00:00+00:00,2023-12-24 23:00:00+00:00,0
family_followups_20261007/results_v1/all_opportunities.parquet,172692,2022-04-01 01:55:00+00:00,2025-12-31 20:15:00+00:00,0
family_followups_20261007/results_v1/pooled_ledger.parquet,36488,2022-04-01 01:55:00+00:00,2025-12-31 17:00:00+00:00,0
hourly_adx_filter_20261007/results_v1/all_opportunities.parquet,384,2022-04-16 16:00:00+00:00,2025-12-25 16:00:00+00:00,0
hourly_adx_filter_20261007/results_v1/pooled_ledger.parquet,360,2022-04-16 16:00:00+00:00,2025-12-25 16:00:00+00:00,0
hourly_btc_confirmation_20261007/results_v1/all_opportunities.parquet,554,2022-04-16 16:00:00+00:00,2025-12-25 16:00:00+00:00,0
hourly_btc_confirmation_20261007/results_v1/pooled_ledger.parquet,514,2022-04-16 16:00:00+00:00,2025-12-25 16:00:00+00:00,0
hourly_btc_connors_interaction_20261008/results_v1/all_opportunities.parquet,882,2022-04-16 16:00:00+00:00,2025-12-25 16:00:00+00:00,0
hourly_btc_connors_interaction_20261008/results_v1/pooled_ledger.parquet,822,2022-04-16 16:00:00+00:00,2025-12-25 16:00:00+00:00,0
hourly_connors_filter_20261008/results_v1/all_opportunities.parquet,454,2022-04-16 16:00:00+00:00,2025-12-25 16:00:00+00:00,0
hourly_connors_filter_20261008/results_v1/pooled_ledger.parquet,424,2022-04-16 16:00:00+00:00,2025-12-25 16:00:00+00:00,0
hourly_extension_filter_20261007/results_v1/all_opportunities.parquet,460,2022-04-16 16:00:00+00:00,2025-12-25 16:00:00+00:00,0
hourly_extension_filter_20261007/results_v1/pooled_ledger.parquet,430,2022-04-16 16:00:00+00:00,2025-12-25 16:00:00+00:00,0
hourly_extension_regime_20261008/results_v1/all_opportunities.parquet,1464,2022-04-16 16:00:00+00:00,2025-12-25 16:00:00+00:00,0
hourly_extension_regime_20261008/results_v1/pooled_ledger.parquet,1372,2022-04-16 16:00:00+00:00,2025-12-25 16:00:00+00:00,0
hourly_failed_breakout_20261007/results_v1/all_opportunities.parquet,572,2022-04-16 16:00:00+00:00,2025-12-25 16:00:00+00:00,0
hourly_failed_breakout_20261007/results_v1/pooled_ledger.parquet,550,2022-04-16 16:00:00+00:00,2025-12-25 16:00:00+00:00,0
hourly_profit_protection_20261007/results_v1/all_opportunities.parquet,572,2022-04-16 16:00:00+00:00,2025-12-25 16:00:00+00:00,0
hourly_profit_protection_20261007/results_v1/pooled_ledger.parquet,532,2022-04-16 16:00:00+00:00,2025-12-25 16:00:00+00:00,0
hourly_rsi_filter_20261008/results_v1/all_opportunities.parquet,506,2022-04-16 16:00:00+00:00,2025-12-25 16:00:00+00:00,0
hourly_rsi_filter_20261008/results_v1/pooled_ledger.parquet,474,2022-04-16 16:00:00+00:00,2025-12-25 16:00:00+00:00,0
hourly_rsi_regime_20261008/results_v1/all_opportunities.parquet,464,2022-05-22 10:00:00+00:00,2025-11-23 02:00:00+00:00,0
hourly_rsi_regime_20261008/results_v1/pooled_ledger.parquet,436,2022-05-22 10:00:00+00:00,2025-11-23 02:00:00+00:00,0
hourly_stop_width_20261007/results_v1/all_opportunities.parquet,1430,2022-04-16 16:00:00+00:00,2025-12-25 16:00:00+00:00,0
hourly_stop_width_20261007/results_v1/pooled_ledger.parquet,1330,2022-04-16 16:00:00+00:00,2025-12-25 16:00:00+00:00,0
sweep_confirmation_20261007/results_v2/all_opportunities.parquet,8302,2022-04-01 01:45:00+00:00,2025-12-31 14:45:00+00:00,0
sweep_confirmation_20261007/results_v2/pooled_ledger.parquet,6602,2022-04-01 01:45:00+00:00,2025-12-31 14:45:00+00:00,0
three_token_compression_20261007/results_v1/all_opportunities.parquet,5984,2022-04-01 21:30:00+00:00,2025-12-29 22:10:00+00:00,0
three_token_compression_20261007/results_v1/pooled_ledger.parquet,3736,2022-04-01 21:30:00+00:00,2025-12-29 22:10:00+00:00,0
