poll_minutes,stress,cost_model,partition,feature,direction,threshold,baseline_n,baseline_wins,baseline_losses,baseline_stops,baseline_targets,baseline_mean_net,baseline_win_rate,retained_n,retained_wins,retained_losses,retained_stops,retained_targets,retained_mean_net,retained_win_rate,excluded_n,excluded_wins,excluded_losses,excluded_stops,excluded_targets,excluded_mean_net,excluded_win_rate,difference_vs_baseline,difference_vs_excluded,baseline_treatment_n,baseline_comparator_n,baseline_difference_mean_R,baseline_difference_block_1_low_R,baseline_difference_block_1_high_R,baseline_difference_block_1_draws,baseline_difference_block_4_low_R,baseline_difference_block_4_high_R,baseline_difference_block_4_draws,excluded_treatment_n,excluded_comparator_n,excluded_difference_mean_R,excluded_difference_block_1_low_R,excluded_difference_block_1_high_R,excluded_difference_block_1_draws,excluded_difference_block_4_low_R,excluded_difference_block_4_high_R,excluded_difference_block_4_draws
0,1,research_all_exit_slip,evaluation,extension_atr,lower,0.5337759022674707,15,12,3,3,12,0.014097423476160569,0.8,7,5,2,2,5,0.010260819903384828,0.7142857142857143,8,7,1,1,7,0.01745445160233934,0.875,-0.003836603572775741,-0.007193631698954513,7,15,-0.19183017863878682,-0.7805398227551318,0.34097328366901875,9994,-0.9463730458080779,0.3752081213461031,9988,7,8,-0.3596815849477256,-1.3418122125652214,0.5981470244165712,9991,-1.4878725883679031,0.6790216621561846,9984
0,1,research_all_exit_slip,historical,extension_atr,lower,0.5337759022674707,41,23,18,18,23,0.0035293657518964115,0.5609756097560976,21,15,6,6,15,0.010491271873600352,0.7142857142857143,20,8,12,12,8,-0.0037806356758927255,0.4,0.006961906121703941,0.014271907549493076,21,41,0.3480953060851969,-0.02114085033416889,0.7256773214471534,10000,-0.013670618130651556,0.7455188623142025,10000,21,20,0.7135953774746537,-0.041626561672640616,1.4047984113263317,10000,-0.02573962818089104,1.4716689672066159,10000
0,1,research_all_exit_slip,reserved_replication,extension_atr,lower,0.5337759022674707,9,8,1,1,8,0.01801505095909456,0.8888888888888888,5,5,0,0,5,0.023062227292296417,1.0,4,3,1,1,3,0.011706080542592229,0.75,0.005047176333201859,0.011356146749704189,5,9,0.25235881666009297,-0.001946392284060905,0.9068712520940191,9851,-0.0008837457388692904,0.9725024015169086,9875,5,4,0.5678073374852094,-0.004267619984444693,2.2648667344062945,9408,-0.0020568167271608484,2.26494295231402,9616
0,1,runtime_stop_fill,evaluation,extension_atr,lower,0.5337759022674707,15,12,3,3,12,0.014229388276160545,0.8,7,5,2,2,5,0.010403678617670494,0.7142857142857143,8,7,1,1,7,0.01757688422733934,0.875,-0.0038257096584900507,-0.007173205609668845,7,15,-0.19128548292450243,-0.7725745728889493,0.33214405902008587,9994,-0.9380420884589853,0.3663615576756684,9988,7,8,-0.35866028048344223,-1.3268120475652263,0.5822939017849311,9991,-1.4718797196509896,0.6640231217366359,9984
0,1,runtime_stop_fill,historical,extension_atr,lower,0.5337759022674707,41,23,18,18,23,0.003785716739701263,0.5609756097560976,21,15,6,6,15,0.01063608773074318,0.7142857142857143,20,8,12,12,8,-0.0034071728008927492,0.4,0.006850370991041917,0.01404326053163593,21,41,0.3425185495520959,-0.02195026137819635,0.7143585755998458,10000,-0.014780888349839894,0.7344611135003883,10000,21,20,0.7021630265817964,-0.043485260337497014,1.3839636139678948,10000,-0.028360288074781033,1.4501614218917862,10000
0,1,runtime_stop_fill,reserved_replication,extension_atr,lower,0.5337759022674707,9,8,1,1,8,0.018069465459094557,0.8888888888888888,5,5,0,0,5,0.023062227292296417,1.0,4,3,1,1,3,0.011828513167592227,0.75,0.00499276183320186,0.01123371412470419,5,9,0.2496380916600931,-0.001946392284060905,0.8970766420940193,9851,-0.0008837457388692904,0.9620081765169088,9875,5,4,0.5616857062352095,-0.004267619984444693,2.240380209406295,9408,-0.0020568167271608484,2.2404564273140206,9616
0,2,research_all_exit_slip,evaluation,extension_atr,lower,0.5337759022674707,15,11,4,4,11,0.010412343139168322,0.7333333333333333,7,4,3,3,4,0.0032252929885706783,0.5714285714285714,8,7,1,1,7,0.016701012020941257,0.875,-0.007187050150597644,-0.013475719032370579,7,15,-0.3593525075298821,-1.0169464832846857,0.2150688961600108,9994,-0.9886173703746189,0.22821315402094253,9988,7,8,-0.6737859516185288,-1.6797848291479789,0.3803929371495002,9991,-1.5065968614105443,0.3837844516176551,9984
0,2,research_all_exit_slip,historical,extension_atr,lower,0.5337759022674707,41,21,20,20,21,0.0007023046598274567,0.5121951219512195,21,14,7,7,14,0.007714946886823481,0.6666666666666666,20,7,13,13,7,-0.006660969678518369,0.35,0.007012642226996025,0.01437591656534185,21,41,0.3506321113498012,-0.027156125256689024,0.727134397942027,10000,-0.02098402456036993,0.7597478180628328,10000,21,20,0.7187958282670925,-0.0540236798786505,1.4060020543884277,10000,-0.042076759300440914,1.4756027617957634,10000
0,2,research_all_exit_slip,reserved_replication,extension_atr,lower,0.5337759022674707,9,8,1,1,8,0.017239783781195558,0.8888888888888888,5,5,0,0,5,0.022276849573869075,1.0,4,3,1,1,3,0.01094345154035366,0.75,0.005037065792673517,0.011333398033515416,5,9,0.25185328963367615,-0.004043725678538612,0.903905649550382,9851,-0.002018383573515258,0.96739630568178,9875,5,4,0.566669901675771,-0.008529108698870379,2.2524661893002125,9408,-0.005556425834473272,2.251967787012578,9616
0,2,runtime_stop_fill,evaluation,extension_atr,lower,0.5337759022674707,15,11,4,4,11,0.01074157013916831,0.7333333333333333,7,4,3,3,4,0.003650933417142088,0.5714285714285714,8,7,1,1,7,0.01694587727094125,0.875,-0.007090636722026221,-0.013294943853799162,7,15,-0.354531836101311,-0.9967131480612664,0.20335948675246973,9994,-0.9708080627741986,0.21151231550422764,9988,7,8,-0.6647471926899581,-1.6430428064659561,0.35836961427436653,9991,-1.47591259201648,0.35848009686786747,9984
0,2,runtime_stop_fill,historical,extension_atr,lower,0.5337759022674707,41,21,20,20,21,0.0012886793915347428,0.5121951219512195,21,14,7,7,14,0.008051219601109173,0.6666666666666666,20,7,13,13,7,-0.005811987828518407,0.35,0.00676254020957443,0.013863207429627579,21,41,0.3381270104787214,-0.029953768033778708,0.7038134810839369,10000,-0.02395525331963906,0.7361160417469869,10000,21,20,0.693160371481379,-0.060142561902438704,1.3628820145804155,10000,-0.047985705111155394,1.4299632993663491,10000
0,2,runtime_stop_fill,reserved_replication,extension_atr,lower,0.5337759022674707,9,8,1,1,8,0.017348612781195552,0.8888888888888888,5,5,0,0,5,0.022276849573869075,1.0,4,3,1,1,3,0.011188316790353654,0.75,0.004928236792673523,0.01108853278351542,5,9,0.2464118396336763,-0.004043725678538612,0.8843164295503825,9851,-0.002018383573515258,0.9464078556817805,9875,5,4,0.5544266391757713,-0.008529108698870379,2.2034931393002135,9408,-0.005556425834473272,2.202994737012579,9616
1,1,research_all_exit_slip,evaluation,extension_atr,lower,0.5337759022674707,15,12,3,3,12,0.01494168968219322,0.8,7,5,2,2,5,0.010738189580233962,0.7142857142857143,8,7,1,1,7,0.018619752271407566,0.875,-0.004203500101959258,-0.007881562691173604,7,15,-0.2101750050979626,-0.8272773657063797,0.3336026666588374,9994,-1.0089995774933573,0.37554842592191756,9988,7,8,-0.3940781345586801,-1.3915984533812795,0.5993734662816168,9991,-1.5530572025217904,0.6980496156295001,9984
1,1,research_all_exit_slip,historical,extension_atr,lower,0.5337759022674707,41,22,19,19,22,0.003818728519908223,0.5365853658536586,21,14,7,7,14,0.011170014525452198,0.6666666666666666,20,8,12,12,8,-0.003900121785912953,0.4,0.007351286005543975,0.01507013631136515,21,41,0.3675643002771988,-0.03586713252519129,0.7918152657246871,10000,-0.02570217860000874,0.804720720162962,10000,21,20,0.7535068155682576,-0.07646488700942747,1.519527680801845,10000,-0.047459270419915434,1.5950911794433513,10000
1,1,research_all_exit_slip,reserved_replication,extension_atr,lower,0.5337759022674707,9,8,1,1,8,0.01822702002480077,0.8888888888888888,5,5,0,0,5,0.02342342657564456,1.0,4,3,1,1,3,0.011731511836246027,0.75,0.005196406550843791,0.011691914739398533,5,9,0.25982032754218964,-0.0008729036528098977,0.9189083484587459,9851,-0.0004999459806707129,0.9890296656497786,9875,5,4,0.5845957369699265,-0.0017872815555040056,2.2959187754843233,9408,-0.001693604997613729,2.283958440560968,9616
1,1,runtime_stop_fill,evaluation,extension_atr,lower,0.5337759022674707,15,12,3,3,12,0.01507364252552169,0.8,7,5,2,2,5,0.010881029095981697,0.7142857142857143,8,7,1,1,7,0.01874217927636919,0.875,-0.004192613429539993,-0.007861150180387492,7,15,-0.20963067147699965,-0.819305411580248,0.3261714929226699,9994,-1.000079411592915,0.3667166619430351,9988,7,8,-0.3930575090193743,-1.3773518784966006,0.5836953421327626,9991,-1.5366411473403507,0.679551865049098,9984
1,1,runtime_stop_fill,historical,extension_atr,lower,0.5337759022674707,41,22,19,19,22,0.004086451891103873,0.5365853658536586,21,14,7,7,14,0.01133815265750163,0.6666666666666666,20,8,12,12,8,-0.0035278339136137734,0.4,0.007251700766397758,0.014865986571115403,21,41,0.3625850383198881,-0.03747211976145965,0.7812029794316857,10000,-0.025766695490283858,0.7948889765126632,10000,21,20,0.7432993285557704,-0.07816464635988239,1.501492645172218,10000,-0.04783506394262853,1.574277021650497,10000
1,1,runtime_stop_fill,reserved_replication,extension_atr,lower,0.5337759022674707,9,8,1,1,8,0.018281421496256185,0.8888888888888888,5,5,0,0,5,0.02342342657564456,1.0,4,3,1,1,3,0.011853915147020718,0.75,0.005142005079388376,0.011569511428623842,5,9,0.2571002539694186,-0.0008729036528098977,0.9091160835967707,9851,-0.0004999459806707129,0.9785379532976621,9875,5,4,0.578475571431192,-0.0017872815555040056,2.2714381133293857,9408,-0.001693604997613729,2.2594777784060294,9616
1,2,research_all_exit_slip,evaluation,extension_atr,lower,0.5337759022674707,15,10,5,5,10,0.008269449667563706,0.6666666666666666,7,3,4,4,3,-0.002993496020758242,0.42857142857142855,8,7,1,1,7,0.018124527144845408,0.875,-0.011262945688321948,-0.02111802316560365,7,15,-0.5631472844160974,-1.271699301015765,0.036611296751926606,9994,-1.3242299818095198,0.06774465182829974,9988,7,8,-1.0559011582801825,-2.058007229982599,0.06825127761076118,9991,-2.066061509037559,0.1290319414740918,9984
1,2,research_all_exit_slip,historical,extension_atr,lower,0.5337759022674707,41,20,21,21,20,0.0006809482141941278,0.4878048780487805,21,14,7,7,14,0.010409061500213444,0.6666666666666666,20,6,14,14,6,-0.009533570736126155,0.3,0.009728113286019316,0.0199426322363396,21,41,0.48640566430096593,0.09380729549025171,0.9088805774064823,10000,0.11280802424622435,0.9203271627274872,10000,21,20,0.9971316118169802,0.18720231024480485,1.7273844233820868,10000,0.23257555948694383,1.7569376434932404,10000
1,2,research_all_exit_slip,reserved_replication,extension_atr,lower,0.5337759022674707,9,7,2,2,7,0.01319315080018473,0.7777777777777778,5,5,0,0,5,0.023685171492894206,1.0,4,2,2,2,2,7.812493429788792e-05,0.5,0.010492020692709476,0.023607046558596318,5,9,0.5246010346354737,-0.0029980735410102266,1.2084543522238205,9851,-0.005132698251938061,1.256828210498857,9875,5,4,1.1803523279298158,-0.01816316527528663,2.347168874553409,9408,-0.026660539195549227,2.367916602218741,9616
1,2,runtime_stop_fill,evaluation,extension_atr,lower,0.5337759022674707,15,10,5,5,10,0.008729096259138758,0.6666666666666666,7,3,4,4,3,-0.0022881375755739457,0.42857142857142855,8,7,1,1,7,0.018369175864512373,0.875,-0.011017233834712703,-0.020657313440086318,7,15,-0.5508616917356353,-1.2371496675396134,0.032032172232607424,9994,-1.2919118450439817,0.059362600514998115,9988,7,8,-1.0328656720043161,-2.007770193986657,0.06037738898461999,9991,-2.010975885314678,0.11302155908783904,9984
1,2,runtime_stop_fill,historical,extension_atr,lower,0.5337759022674707,41,20,21,21,20,0.0012910714442524451,0.4878048780487805,21,14,7,7,14,0.010745358437735714,0.6666666666666666,20,6,14,14,6,-0.008635929898904987,0.3,0.009454286993483269,0.0193812883366407,21,41,0.4727143496741635,0.08812071770618952,0.8839050786478228,10000,0.11113703770452135,0.8974711035283517,10000,21,20,0.969064416832035,0.1763374486284626,1.6835718745854196,10000,0.2238777881147981,1.7099128032185495,10000
1,2,runtime_stop_fill,reserved_replication,extension_atr,lower,0.5337759022674707,9,7,2,2,7,0.013410714639436456,0.7777777777777778,5,5,0,0,5,0.023685171492894206,1.0,4,2,2,2,2,0.000567643572614269,0.5,0.01027445685345775,0.023117527920279938,5,9,0.5137228426728875,-0.0029980735410102266,1.1839709558830604,9851,-0.005132698251938061,1.2310785594803373,9875,5,4,1.1558763960139968,-0.01816316527528663,2.2982020818718887,9408,-0.026660539195549227,2.3189498095372203,9616
