arm,partition,stress,sum_net_R,opportunities,rejected,n,n_closed,mean,closed_mean,pf,win_rate,sum_return_units,average_win,average_loss,mean_gross,mean_fees,mean_funding,median_hours,p95_hours,max_hours,boundary_count,boundary_net,target_count,stop_count,regime_count,ambiguous_count,mean_R,stop_rate,closed_win_rate,mean_quoted,mean_slippage_drag,entry_dates,entry_weeks,tokens,profitable_tokens,min_leave_one_token_out_mean_R,largest_token_share_positive_R,block_1_low_R,block_1_high_R,block_1_draws,block_4_low_R,block_4_high_R,block_4_draws,entry_order_additive_trade_drawdown,entry_order_max_loss_streak,exit_order_closed_max_loss_streak
baseline,historical,1,10.999302452551769,104,7,97,97,0.0022678974128972716,0.0022678974128972716,1.224946388934653,0.5463917525773195,0.21998604905103533,0.022602544147928505,-0.022226108881572167,0.0033565973652757188,0.0011014597501739479,-1.2759797795500948e-05,14.283333333333333,77.9366666666666,137.71666666666667,0,0.0,53,44,0,0,0.11339487064486357,0.4536082474226804,0.5463917525773195,0.004587628865979345,0.0012310315007036268,81,65,3,2,0.04035368587490682,0.5905514857611793,-0.1257207414072062,0.3543598726427419,10000,-0.1280609904137249,0.3527628772678199,10000,0.1775172189399382,5,5
baseline,historical,2,5.031359833127215,104,7,97,97,0.001037393780026229,0.001037393780026229,1.0977014788539865,0.5463917525773195,0.10062719666254423,0.021331559961664404,-0.02340785184785611,0.0021258713974951315,0.0011013611498733994,-1.2883532404497596e-05,14.283333333333333,77.9366666666666,137.71666666666667,0,0.0,53,44,0,0,0.051869689001311454,0.4536082474226804,0.5463917525773195,0.004587628865979345,0.002461757468484214,81,65,3,2,-0.0289831387338585,0.6390870979627336,-0.1874052759126003,0.29253972280188845,10000,-0.18860800887680318,0.2908254236817418,10000,0.1885427568830064,5,5
baseline,evaluation,1,8.986148873932706,39,3,36,36,0.004992304929962617,0.004992304929962617,1.572223428502617,0.6111111111111112,0.1797229774786542,0.022445513870469502,-0.02243416626226249,0.0061916041421268215,0.0011003157859075785,9.898342625662686e-05,20.358333333333334,147.80416666666667,202.51666666666668,0,0.0,22,14,0,0,0.24961524649813083,0.3888888888888889,0.6111111111111112,0.007499999999999957,0.001308395857873136,30,26,3,3,0.23660022607389095,0.40162181902449917,-0.1361670920631223,0.614033500044942,10000,-0.07013883822418218,0.5656698115229104,10000,0.06767580159887027,2,3
baseline,evaluation,2,6.633000496017708,39,3,36,36,0.0036850002755653946,0.0036850002755653946,1.3996960400518916,0.6111111111111112,0.1326600099203542,0.02111646578128556,-0.023707302661994865,0.004883913416517588,0.001100021518055382,9.889162289681089e-05,20.358333333333334,147.80416666666667,202.51666666666668,0,0.0,22,14,0,0,0.18425001377826972,0.3888888888888889,0.6111111111111112,0.007499999999999957,0.0026160865834823693,30,26,3,3,0.16676663397457014,0.4161116518630192,-0.2007325804901976,0.5485104788383415,10000,-0.13624020017616992,0.5018787947662406,10000,0.07358502541452702,2,3
btc24_confirm,historical,1,17.877275687846076,96,7,89,89,0.004017365323111478,0.004017365323111478,1.4366422664115661,0.5842696629213483,0.3575455137569215,0.022623034423159445,-0.022131142601280265,0.005098692082351085,0.0011007864702504036,-1.9459711010796444e-05,16.066666666666666,80.27666666666663,137.71666666666667,0,0.0,52,37,0,0,0.20086826615557388,0.4157303370786517,0.5842696629213483,0.006292134831460638,0.0011934427491095518,75,64,3,2,0.11528693164504117,0.5251660964876297,-0.04119656551702533,0.4325098570403524,10000,-0.04221664495528182,0.44605806380076274,10000,0.11042330691138039,4,4
btc24_confirm,historical,2,12.569475282761472,96,7,89,89,0.0028246011871374075,0.0028246011871374075,1.2924192749430519,0.5842696629213483,0.2513895056552293,0.02136688589529392,-0.023234825970271742,0.0039056648624408814,0.0011006468412694068,-1.9583165965933588e-05,16.066666666666666,80.27666666666663,137.71666666666667,0,0.0,52,37,0,0,0.14123005935687039,0.4157303370786517,0.5842696629213483,0.006292134831460638,0.002386469969019756,75,64,3,2,0.06526035735355573,0.5397153816912319,-0.10020256966372458,0.3714637580082063,10000,-0.10062091014460108,0.385795692676724,10000,0.11735756027158407,4,4
btc24_confirm,evaluation,1,10.133900314347507,38,3,35,35,0.005790800179627147,0.005790800179627147,1.6961930119583621,0.6285714285714286,0.20267800628695015,0.022445513870469502,-0.02239409991256761,0.006998279747388787,0.001099978433415706,0.00010750113434593345,20.016666666666666,147.93166666666667,202.51666666666668,0,0.0,22,13,0,0,0.28954000898135734,0.37142857142857144,0.6285714285714286,0.008285714285714242,0.0012874345383254557,29,26,3,3,0.23881504002550272,0.41085112193330436,-0.10920967334634663,0.6628110287053289,10000,-0.05471081092148605,0.6409194613839226,10000,0.06767580159887027,2,3
btc24_confirm,evaluation,2,7.8831049438878384,38,3,35,35,0.004504631396507337,0.004504631396507337,1.513724414099117,0.6285714285714286,0.15766209887775678,0.02111646578128556,-0.023607703716194268,0.00571168740992396,0.0010996436043714218,0.00010741240904520056,20.016666666666666,147.93166666666667,202.51666666666668,0,0.0,22,13,0,0,0.22523156982536682,0.37142857142857144,0.6285714285714286,0.008285714285714242,0.0025740268757902824,29,26,3,3,0.18894414151743613,0.4007940308344689,-0.17399807460660383,0.6014603390053671,10000,-0.11832759223833379,0.5749044666901789,10000,0.07358502541452702,2,3
crsi_not_exhausted,historical,1,9.579954129338233,65,5,60,60,0.0031933180431127444,0.0031933180431127444,1.3318554591845733,0.5666666666666667,0.19159908258676467,0.02261635627760474,-0.022206039648146013,0.004258121876474961,0.0011029113007479685,-3.810746738575219e-05,16.175,83.21249999999996,137.71666666666667,0,0.0,34,26,0,0,0.15966590215563722,0.43333333333333335,0.5666666666666667,0.005499999999999959,0.0012418781235249976,56,48,3,2,0.06561923919469877,0.6466523669729026,-0.13767775644485644,0.4581074303271059,10000,-0.1270212606477754,0.4476814278276087,10000,0.13052864190950636,5,5
crsi_not_exhausted,historical,2,5.856330785994329,65,5,60,60,0.00195211026199811,0.00195211026199811,1.1924943446979286,0.5666666666666667,0.1171266157198866,0.021341013035191727,-0.023402608749101234,0.003016651513423544,0.0011027985442112478,-3.825729278581281e-05,16.175,83.21249999999996,137.71666666666667,0,0.0,34,26,0,0,0.0976055130999055,0.43333333333333335,0.5666666666666667,0.005499999999999959,0.0024833484865764144,56,48,3,2,-0.005672365872991992,0.6995284653029062,-0.19931404285125306,0.3957420352598767,10000,-0.1900037205600158,0.386323762076241,10000,0.14857032234017498,5,5
crsi_not_exhausted,evaluation,1,10.051416812459133,19,0,19,19,0.010580438749956983,0.010580438749956983,2.77985050226964,0.7368421052631579,0.20102833624918268,0.022426792137080785,-0.022589350733989655,0.011781591338246154,0.0011035224633864408,9.763012490272998e-05,16.15,152.70166666666654,202.51666666666668,0,0.0,14,5,0,0,0.5290219374978491,0.2631578947368421,0.7368421052631579,0.013157894736842058,0.0013763033985959045,18,17,3,3,0.4162816093815438,0.3505552994260436,-0.0025309756597950497,0.956270486877877,10000,0.11676127013497205,0.9123106756718878,10000,0.04537077949113272,2,2
crsi_not_exhausted,evaluation,2,8.744743359298722,19,0,19,19,0.00920499300978813,0.00920499300978813,2.458369720978146,0.7368421052631579,0.17489486718597447,0.021058555985971453,-0.023984983323525177,0.010405835444030351,0.0011032829320688112,9.755950217341019e-05,16.15,152.70166666666654,202.51666666666668,0,0.0,14,5,0,0,0.4602496504894065,0.2631578947368421,0.7368421052631579,0.013157894736842058,0.0027520592928117074,18,17,3,3,0.3442030190760751,0.37022184883664205,-0.07029640685933304,0.8877139853635879,10000,0.04681926583459147,0.843464771838683,10000,0.04830163006608432,2,2
both,historical,1,14.14168911162367,61,5,56,56,0.005050603254151311,0.005050603254151311,1.5818160657848246,0.6071428571428571,0.2828337822324734,0.02261635627760474,-0.02209646960027671,0.006118463374459841,0.0011022633463369357,-3.4403226028406206e-05,16.983333333333334,85.59583333333333,137.71666666666667,0,0.0,34,22,0,0,0.25253016270756556,0.39285714285714285,0.6071428571428571,0.007321428571428528,0.0012029651969686877,52,46,3,2,0.1478824054214546,0.5046536121515808,-0.04214969125929833,0.5420999754525353,10000,-0.03794217578482604,0.5457352652097671,10000,0.10800398020506616,3,3
both,historical,2,10.776249507293464,61,5,56,56,0.003848660538319095,0.003848660538319095,1.422540477295487,0.6071428571428571,0.21552499014586932,0.021341013035191727,-0.023184975138665877,0.004916172534028056,0.0011020722149744603,-3.456021926549846e-05,16.983333333333334,85.59583333333333,137.71666666666667,0,0.0,34,22,0,0,0.19243302691595474,0.39285714285714285,0.6071428571428571,0.007321428571428528,0.002405256037400472,52,46,3,2,0.09776612077435551,0.5131813842591723,-0.10121016949976833,0.4799343151121053,10000,-0.09737953228464907,0.4849716879997665,10000,0.12497533744946837,3,3
both,evaluation,1,10.051416812459133,19,0,19,19,0.010580438749956983,0.010580438749956983,2.77985050226964,0.7368421052631579,0.20102833624918268,0.022426792137080785,-0.022589350733989655,0.011781591338246154,0.0011035224633864408,9.763012490272998e-05,16.15,152.70166666666654,202.51666666666668,0,0.0,14,5,0,0,0.5290219374978491,0.2631578947368421,0.7368421052631579,0.013157894736842058,0.0013763033985959045,18,17,3,3,0.4162816093815438,0.3505552994260436,-0.0025309756597950497,0.956270486877877,10000,0.11676127013497205,0.9123106756718878,10000,0.04537077949113272,2,2
both,evaluation,2,8.744743359298722,19,0,19,19,0.00920499300978813,0.00920499300978813,2.458369720978146,0.7368421052631579,0.17489486718597447,0.021058555985971453,-0.023984983323525177,0.010405835444030351,0.0011032829320688112,9.755950217341019e-05,16.15,152.70166666666654,202.51666666666668,0,0.0,14,5,0,0,0.4602496504894065,0.2631578947368421,0.7368421052631579,0.013157894736842058,0.0027520592928117074,18,17,3,3,0.3442030190760751,0.37022184883664205,-0.07029640685933304,0.8877139853635879,10000,0.04681926583459147,0.843464771838683,10000,0.04830163006608432,2,2
