symbol,tf,side,partition,horizon_minutes,metric,eligible,matched,coverage,signal_mean,control_mean,delta,block1_ci_low,block1_ci_high,block4_ci_low,block4_ci_high
BTCUSDT,5,1,discovery,60,ret,4553,4546,0.9984625521634087,-0.00016996469178923556,-7.08429379138894e-05,-9.912175387534618e-05,-0.0003320849998329945,0.00011742568394427942,-0.0003509138617748382,0.0001344735253419887
BTCUSDT,5,1,discovery,60,mfe,4553,4546,0.9984625521634087,0.003237086097976664,0.003549327608290123,-0.0003122415103134592,-0.0005080099599001135,-0.00010755370236980083,-0.0005021503609377967,-0.000112399845316904
BTCUSDT,5,1,discovery,60,mae,4553,4546,0.9984625521634087,0.004103276969210567,0.003913789752013745,0.00018948721719682222,-2.187329257081199e-05,0.0004399118218877445,-5.1093403955726935e-05,0.00045298146546637283
BTCUSDT,5,1,validation,60,ret,1368,1367,0.9992690058479532,-0.00037221255689795713,-6.204926895756073e-05,-0.0003101632879403964,-0.000579767102882966,-7.156886407071238e-05,-0.0006236271797725414,-0.00010757086243280025
BTCUSDT,5,1,validation,60,mfe,1368,1367,0.9992690058479532,0.0024472237764696894,0.0026585469069629435,-0.00021132313049325373,-0.0004138100486146895,-1.547188138018636e-05,-0.00034892089171855887,-7.592142432102372e-05
BTCUSDT,5,1,validation,60,mae,1368,1367,0.9992690058479532,0.003204795625900449,0.002842462173788325,0.0003623334521121237,0.00014516116934720817,0.0006449084410470367,0.00013438599311555992,0.0007412198817980092
BTCUSDT,5,-1,discovery,60,ret,4267,4259,0.9981251464729318,-0.00043907261609269535,-0.00024402179716952662,-0.0001950508189231688,-0.0004950749796289308,9.067415423190242e-05,-0.00046535281880189406,9.042350489336376e-05
BTCUSDT,5,-1,discovery,60,mfe,4267,4259,0.9981251464729318,0.0034186655509453653,0.003913498726085139,-0.0004948331751397724,-0.0007693391617008525,-0.0002719724631242968,-0.0007485412132847468,-0.0002852632144288593
BTCUSDT,5,-1,discovery,60,mae,4267,4259,0.9981251464729318,0.004379626353984266,0.00428364071506096,9.598563892330613e-05,-0.00016747743367449936,0.0003610907547340598,-0.00018690838960980872,0.000364097128527389
BTCUSDT,5,-1,validation,60,ret,1448,1441,0.9951657458563536,-7.784951298740614e-05,-0.00020929931629966872,0.0001314498033122625,-0.00028870594010222577,0.0005489558216350893,-0.0002705519662011234,0.0005941870411900749
BTCUSDT,5,-1,validation,60,mfe,1448,1441,0.9951657458563536,0.003450718886499001,0.003309417032096391,0.00014130185440261057,-9.640141283260256e-05,0.00039044323165163746,-3.861424850642674e-05,0.0003350752352037104
BTCUSDT,5,-1,validation,60,mae,1448,1441,0.9951657458563536,0.003662987106502208,0.0035873378057689857,7.564930073322305e-05,-0.0003118557685429317,0.0004781956142434325,-0.00039043715857101427,0.0004754358896825976
BTCUSDT,15,1,discovery,60,ret,2466,2445,0.9914841849148418,-7.352061583806314e-05,3.741828831859578e-05,-0.00011093890415665887,-0.0003336285580307215,9.78428002464545e-05,-0.00035009643014539873,0.00010577519181316992
BTCUSDT,15,1,discovery,60,mfe,2466,2445,0.9914841849148418,0.003135411840628735,0.003527417871180914,-0.00039200603055217985,-0.0005733132593074813,-0.0002059091623319686,-0.0005728466884054745,-0.00020684709250797954
BTCUSDT,15,1,discovery,60,mae,2466,2445,0.9914841849148418,0.003646917417949173,0.003797784240736871,-0.00015086682278769807,-0.0003087261417949723,3.0786832426068817e-05,-0.0003203838187073031,4.9878621483500316e-05
BTCUSDT,15,1,validation,60,ret,692,687,0.9927745664739884,-0.0003480426313676024,-3.500087431457502e-05,-0.00031304175705302743,-0.0006877321714825266,2.4874050862431315e-05,-0.0008051853723348326,-4.989879834177795e-05
BTCUSDT,15,1,validation,60,mfe,692,687,0.9927745664739884,0.002325541725300519,0.0025700275866521664,-0.0002444858613516473,-0.00044412909590172393,-2.815959156366026e-05,-0.0004137526748007745,-9.15707562705777e-05
BTCUSDT,15,1,validation,60,mae,692,687,0.9927745664739884,0.003057416180299873,0.0026799736038335296,0.0003774425764663435,0.00011115371419849373,0.0007332647314797254,8.220387518709022e-05,0.0009607012358272409
BTCUSDT,15,-1,discovery,60,ret,2293,2272,0.9908416921064108,-0.00040577420849701096,-0.00016513485963228343,-0.00024063934886472754,-0.0004899979837280869,-1.1034172866879236e-05,-0.00044731901520202833,-5.655639326417064e-05
BTCUSDT,15,-1,discovery,60,mfe,2293,2272,0.9908416921064108,0.0033142639712487967,0.003859200092833734,-0.0005449361215849369,-0.0008013255840872293,-0.0003362368675268565,-0.0007957357579316625,-0.0003487242159856669
BTCUSDT,15,-1,discovery,60,mae,2293,2272,0.9908416921064108,0.003976626876247328,0.004115588776322264,-0.0001389619000749357,-0.00033585599019077885,6.041188908955512e-05,-0.00036646446110671167,8.136536831355675e-05
BTCUSDT,15,-1,validation,60,ret,764,757,0.9908376963350786,-6.473462646064964e-05,-0.00017424234799174403,0.00010950772153109435,-0.00037594550828512995,0.0006080676713385733,-0.0003402796582510479,0.0004788324396339146
BTCUSDT,15,-1,validation,60,mfe,764,757,0.9908376963350786,0.0033602872236111313,0.003317369154403686,4.291806920744561e-05,-0.00021741389456361444,0.0002958963432903521,-0.0002233097059741708,0.00023942428676089627
BTCUSDT,15,-1,validation,60,mae,764,757,0.9908376963350786,0.003682067200449887,0.0036065193976585067,7.554780279138071e-05,-0.00025744079124366575,0.0004534924999756485,-0.000214661280090027,0.00041238137186372354
BTCUSDT,60,1,discovery,60,ret,1044,930,0.8908045977011494,2.2588911804207138e-05,0.00020964402191927953,-0.00018705511011507238,-0.0005121132494639099,0.00013547899846590947,-0.0004812350395399388,9.507388906476749e-05
BTCUSDT,60,1,discovery,60,mfe,1044,930,0.8908045977011494,0.003342269975663764,0.0037234952027098635,-0.000381225227046099,-0.0006778696787615848,-7.588449527863356e-05,-0.000643710461872284,-0.00011236121538858973
BTCUSDT,60,1,discovery,60,mae,1044,930,0.8908045977011494,0.0034144627696007786,0.003755849961176192,-0.00034138719157541305,-0.0006096111635746493,-6.20773025875594e-05,-0.0006267930027397508,-2.4620491635932372e-05
BTCUSDT,60,1,validation,60,ret,274,259,0.9452554744525548,0.00021039769118186172,-4.3277058907353346e-05,0.0002536747500892151,-0.0002335151213015609,0.0007109822125688219,-9.477128251296e-05,0.0005843325176830762
BTCUSDT,60,1,validation,60,mfe,274,259,0.9452554744525548,0.002505930877675856,0.002567415230677838,-6.14843530019818e-05,-0.0003748844037790718,0.0002553896069309042,-0.00032759778176878914,0.00017202305006361823
BTCUSDT,60,1,validation,60,mae,274,259,0.9452554744525548,0.0023214329978778446,0.0026663792915037512,-0.00034494629362590674,-0.000605770699186955,-6.573681883989316e-05,-0.0005849590685945555,-8.985240381789921e-05
BTCUSDT,60,-1,discovery,60,ret,969,872,0.8998968008255934,-0.0002336692502314475,-4.894349166576127e-05,-0.00018472575856568626,-0.000654876683039209,0.0002816143165806106,-0.0006750360092236902,0.00030689636493557305
BTCUSDT,60,-1,discovery,60,mfe,969,872,0.8998968008255934,0.003757132737345561,0.004040661738069535,-0.00028352900072397343,-0.0006767158861311262,0.00010399388797069244,-0.0007044083128529529,0.00011775231561184937
BTCUSDT,60,-1,discovery,60,mae,969,872,0.8998968008255934,0.003935786862853844,0.0042394670926954,-0.0003036802298415562,-0.0006555004988979809,5.824491419058916e-05,-0.0005880360043663956,-7.306219856739503e-06
BTCUSDT,60,-1,validation,60,ret,308,265,0.8603896103896104,-0.0001321189420759721,5.1885049807138654e-05,-0.0001840039918831107,-0.0008842668139886867,0.0006813907925529917,-0.0008143990434645488,0.0005551539215852522
BTCUSDT,60,-1,validation,60,mfe,308,265,0.8603896103896104,0.003314332421771063,0.0037022864191616585,-0.00038795399739059515,-0.0007932701012698864,9.948755869899639e-05,-0.000751384490341303,-2.5205558348117483e-05
BTCUSDT,60,-1,validation,60,mae,308,265,0.8603896103896104,0.003580336626299363,0.003458729118512938,0.00012160750778642535,-0.0005169549022224557,0.0007132771521693947,-0.00048050351645998455,0.0006270747101434241
BTCUSDT,5,1,discovery,1440,ret,4553,4546,0.9984625521634087,0.0017381580685342777,0.0009999466389018598,0.0007382114296324175,-0.0008511661923024646,0.002262468079199116,-0.0005797616876816458,0.0020239705559878694
BTCUSDT,5,1,discovery,1440,mfe,4553,4546,0.9984625521634087,0.019497821140187152,0.02037252369463909,-0.0008747025544519366,-0.0025153142076058304,0.000577022091919527,-0.0022397755844360046,0.0003585944682107247
BTCUSDT,5,1,discovery,1440,mae,4553,4546,0.9984625521634087,0.019037611316208528,0.018981896010844834,5.5715305363698355e-05,-0.0010832741796279607,0.0013350445720228693,-0.0012623285188345643,0.0014731047139110547
BTCUSDT,5,1,validation,1440,ret,1368,1367,0.9992690058479532,0.0005280633044744448,-0.0005645442426366404,0.0010926075471110858,-0.0018205924016493579,0.003820509220290998,-0.0021264200280905377,0.0038502309425698564
BTCUSDT,5,1,validation,1440,mfe,1368,1367,0.9992690058479532,0.014021619401712692,0.014274744865194847,-0.0002531254634821569,-0.0017250172585406033,0.00124415234271327,-0.0016983191099760114,0.0008632359109379146
BTCUSDT,5,1,validation,1440,mae,1368,1367,0.9992690058479532,0.014987072576904284,0.015121566076787342,-0.00013449349988305584,-0.002461101888928185,0.0021528818201687057,-0.002628265942010657,0.0024877154286622595
BTCUSDT,5,-1,discovery,1440,ret,4267,4248,0.9955472228732131,-0.0024767183930297677,-0.004451128379786378,0.001974409986756611,-0.0003165370167843446,0.004030023402705224,-0.000227736108748931,0.003990941139559493
BTCUSDT,5,-1,discovery,1440,mfe,4267,4248,0.9955472228732131,0.01966049690391447,0.019603153912083938,5.73429918305343e-05,-0.0010662339004338052,0.0012239106132118152,-0.0010498921184387397,0.0011668748531318952
BTCUSDT,5,-1,discovery,1440,mae,4267,4248,0.9955472228732131,0.02217245801480579,0.022773082937289156,-0.0006006249224833661,-0.00224666500691928,0.0012259409873601537,-0.0022619448957344425,0.0011935071630189325
BTCUSDT,5,-1,validation,1440,ret,1448,1441,0.9951657458563536,-0.0033627422169887526,-0.0027790161238570917,-0.0005837260931316607,-0.003407740889142626,0.0023407437603191546,-0.003832878180168991,0.0026044655457494533
BTCUSDT,5,-1,validation,1440,mfe,1448,1441,0.9951657458563536,0.01675898010340503,0.018188803577137123,-0.0014298234737320909,-0.0037708561935308363,0.0008119231460298155,-0.004123494771346076,0.0009262248008357002
BTCUSDT,5,-1,validation,1440,mae,1448,1441,0.9951657458563536,0.018897924177507235,0.018775107122921908,0.00012281705458532603,-0.0021397145494812357,0.002348758061567121,-0.0020941205524008027,0.002221085315373629
BTCUSDT,15,1,discovery,1440,ret,2466,2445,0.9914841849148418,0.0018636133104276572,0.0018918635763482737,-2.825026592061646e-05,-0.0015353545348101333,0.001443345996216655,-0.0013853268529113105,0.0013375643503998932
BTCUSDT,15,1,discovery,1440,mfe,2466,2445,0.9914841849148418,0.019234244919730546,0.020918136598494057,-0.0016838916787635082,-0.0033727209543937577,-0.00011144633799509847,-0.003425354449414834,-0.00013918527296636054
BTCUSDT,15,1,discovery,1440,mae,2466,2445,0.9914841849148418,0.01838711873494602,0.0185496327951307,-0.00016251406018468105,-0.0011851825573904254,0.0010058039582560392,-0.001289954471848525,0.001111032500201435
BTCUSDT,15,1,validation,1440,ret,692,687,0.9927745664739884,0.0014737060637006881,7.931846261665966e-05,0.0013943876010840287,-0.0012472337216483096,0.0038443415456750557,-0.0017108291665397007,0.0039400812006620605
BTCUSDT,15,1,validation,1440,mfe,692,687,0.9927745664739884,0.014472233380582298,0.014508332262044475,-3.609888146217352e-05,-0.001538251078274192,0.001402630853390327,-0.001737197794507537,0.0011581485479803383
BTCUSDT,15,1,validation,1440,mae,692,687,0.9927745664739884,0.014321313564048881,0.014203122515611791,0.00011819104843709024,-0.0021002597548056673,0.0023624077395219298,-0.0023625971563359088,0.0026987989082711463
BTCUSDT,15,-1,discovery,1440,ret,2293,2267,0.9886611426079372,-0.002435316144662062,-0.004014372693848108,0.0015790565491860462,-0.0006257948038093619,0.0035800059720320545,-0.000608769804072731,0.003601022519014694
BTCUSDT,15,-1,discovery,1440,mfe,2293,2267,0.9886611426079372,0.019434457165126064,0.019721359384997708,-0.00028690221987164456,-0.0014613464711792181,0.000916654680917109,-0.001435685148475653,0.0007840935917141011
BTCUSDT,15,-1,discovery,1440,mae,2293,2267,0.9886611426079372,0.02164993400458013,0.022302231743363675,-0.0006522977387835459,-0.00199045930974541,0.000920481957876314,-0.0019529540795866279,0.0008201100101761429
BTCUSDT,15,-1,validation,1440,ret,764,757,0.9908376963350786,-0.0033087868951421585,-0.0032635099763039716,-4.52769188381866e-05,-0.0024980900294762323,0.0026786705345944926,-0.0027815047597035724,0.0030361263683658076
BTCUSDT,15,-1,validation,1440,mfe,764,757,0.9908376963350786,0.017102493766983112,0.01851229654355759,-0.001409802776574476,-0.00373101993427106,0.0012281423570725941,-0.003905085160302281,0.001258190878219853
BTCUSDT,15,-1,validation,1440,mae,764,757,0.9908376963350786,0.0193267866671864,0.019293844513807716,3.294215337868359e-05,-0.001995571268790503,0.0019599483088746975,-0.002219541030139597,0.0019242502651463048
BTCUSDT,60,1,discovery,1440,ret,1044,930,0.8908045977011494,0.0021827014239780207,0.0026727522444154133,-0.0004900508204373934,-0.0024416324677243658,0.0014127829702809424,-0.0020586353532671686,0.0010467545867242746
BTCUSDT,60,1,discovery,1440,mfe,1044,930,0.8908045977011494,0.01960603647121156,0.02171233067309422,-0.002106294201882662,-0.00420646155679549,-0.00019810079404913945,-0.0037426077769827618,-0.00047742865489880355
BTCUSDT,60,1,discovery,1440,mae,1044,930,0.8908045977011494,0.017854818823794482,0.018170556583569843,-0.0003157377597753605,-0.0014941642483150875,0.0009254725761983074,-0.0014454939669413264,0.0009965804257578235
BTCUSDT,60,1,validation,1440,ret,274,259,0.9452554744525548,0.0021080773498557714,0.0007607859310748814,0.0013472914187808904,-0.0020409922938806474,0.0046193736114742805,-0.0024647317030379585,0.004274520813384579
BTCUSDT,60,1,validation,1440,mfe,274,259,0.9452554744525548,0.015205098448341212,0.014983942002375936,0.00022115644596527593,-0.0014013409362936518,0.0018052097631250745,-0.0015669265140243168,0.0016186783135903448
BTCUSDT,60,1,validation,1440,mae,274,259,0.9452554744525548,0.014056824757914768,0.014261545813959733,-0.0002047210560449644,-0.0028340997137222333,0.0025354730023994295,-0.0027836592101354407,0.0025905441290831636
BTCUSDT,60,-1,discovery,1440,ret,969,870,0.8978328173374613,-0.0025219839773030664,-0.0023469032045358483,-0.00017508077276721842,-0.003189213905361518,0.0024652991139959665,-0.0032229236500604984,0.002278688411934434
BTCUSDT,60,-1,discovery,1440,mfe,969,870,0.8978328173374613,0.019896212773618412,0.020726303589632584,-0.0008300908160141711,-0.0023401610703121267,0.0006757737427531523,-0.0022165363428636683,0.0005022557777900116
BTCUSDT,60,-1,discovery,1440,mae,969,870,0.8978328173374613,0.02156521665881444,0.02124955136455535,0.00031566529425908544,-0.0015507454264182732,0.0026783683131364326,-0.0014858745467529666,0.0029229107755311128
BTCUSDT,60,-1,validation,1440,ret,308,265,0.8603896103896104,-0.0014942450549951082,-9.388199096791156e-06,-0.0014848568558983165,-0.004627926037133418,0.0019990684144845063,-0.004697749576560151,0.002640888283804618
BTCUSDT,60,-1,validation,1440,mfe,308,265,0.8603896103896104,0.01755138620538835,0.020455960725131603,-0.002904574519743252,-0.006012139212198399,0.00039706724217330026,-0.005949416675627985,0.0004597111137367451
BTCUSDT,60,-1,validation,1440,mae,308,265,0.8603896103896104,0.017731204002763824,0.017946904584658325,-0.00021570058189450048,-0.0028150112795472582,0.0019326399814628685,-0.0031603173251260968,0.002021514877059417
ETHUSDT,5,1,discovery,60,ret,4310,4299,0.9974477958236659,-0.00010714223142775725,-0.0001962549494623926,8.911271803463529e-05,-0.0001808389028467495,0.00036118519927931373,-0.00018201339466771777,0.0003898532581740224
ETHUSDT,5,1,discovery,60,mfe,4310,4299,0.9974477958236659,0.004434576633678874,0.004520859414799482,-8.628278112060828e-05,-0.0002748898736579866,0.00012451091568141889,-0.00026873447583758593,0.00011971883822273739
ETHUSDT,5,1,discovery,60,mae,4310,4299,0.9974477958236659,0.0053959423546187,0.005316930375643155,7.90119789755453e-05,-0.0001288639010378174,0.0003000455790336501,-0.00012890042615554216,0.00028448578948801653
ETHUSDT,5,1,validation,60,ret,1225,1224,0.9991836734693877,-5.643496015554539e-05,-0.00032114324366682334,0.00026470828351127793,-0.0002027980048654857,0.0007276409806262173,-0.00034672888201024287,0.0008402631594773572
ETHUSDT,5,1,validation,60,mfe,1225,1224,0.9991836734693877,0.004735139863420821,0.004848829451893051,-0.00011368958847222947,-0.0006759543548843662,0.0004359049522154386,-0.000891664168216333,0.0005931933314716982
ETHUSDT,5,1,validation,60,mae,1225,1224,0.9991836734693877,0.0058847772066819804,0.00565174467154008,0.00023303253514190086,-0.0002135066659919493,0.0007245420863072589,-0.00014676290107152988,0.000590427868776411
ETHUSDT,5,-1,discovery,60,ret,4763,4755,0.9983203863111484,-7.500775405885493e-05,-0.00020805088677735263,0.00013304313271849774,-0.00012516659855978855,0.00038947565909492064,-0.000117438329005665,0.0003829721457076237
ETHUSDT,5,-1,discovery,60,mfe,4763,4755,0.9983203863111484,0.004217139359835342,0.004731770498649309,-0.0005146311388139675,-0.0007615507110137484,-0.0002766472989194104,-0.0007539388110078782,-0.00026649504623509404
ETHUSDT,5,-1,discovery,60,mae,4763,4755,0.9983203863111484,0.004751425682038794,0.005000173943710804,-0.0002487482616720102,-0.000501417104046443,1.5996131919347507e-05,-0.0005048078401797028,3.197898847283815e-05
ETHUSDT,5,-1,validation,60,ret,1740,1738,0.9988505747126437,-0.0007059989252104433,-0.00014485428667510616,-0.0005611446385353372,-0.0014035809231753976,0.00010449972028474095,-0.0014092840664180221,9.138914684551081e-05
ETHUSDT,5,-1,validation,60,mfe,1740,1738,0.9988505747126437,0.004857236548846398,0.005534234322575022,-0.0006769977737286242,-0.0010853356957566795,-0.00025590376398048855,-0.000959411562541709,-0.00038897486981146455
ETHUSDT,5,-1,validation,60,mae,1740,1738,0.9988505747126437,0.005997107410802911,0.005632345611262202,0.0003647617995407085,-0.00023478310632504514,0.0012548114263113018,-0.0002237315467669882,0.001303251032914132
ETHUSDT,15,1,discovery,60,ret,2295,2265,0.9869281045751634,-0.0002176323050645436,-4.9308119445308146e-05,-0.00016832418561923547,-0.0004648562348392001,0.00013625071132684192,-0.0004811742463350426,0.00018125504793770528
ETHUSDT,15,1,discovery,60,mfe,2295,2265,0.9869281045751634,0.0041764664353469766,0.004511731433080098,-0.0003352649977331227,-0.0005788840403984864,-6.595396028044592e-05,-0.0005823411604249381,-4.377279140843232e-05
ETHUSDT,15,1,discovery,60,mae,2295,2265,0.9869281045751634,0.0050041799418411425,0.005101998996658752,-9.781905481760933e-05,-0.0003385964728430846,0.00017079661570769535,-0.00033858788428651576,0.00015872277773563143
ETHUSDT,15,1,validation,60,ret,663,652,0.9834087481146304,-0.00022911276253137388,-2.8430568480668078e-05,-0.00020068219405070586,-0.0007319352668089762,0.00043628305116226907,-0.0007844974692972862,0.000488506275306007
ETHUSDT,15,1,validation,60,mfe,663,652,0.9834087481146304,0.004547701840385526,0.004892803691002652,-0.00034510185061712573,-0.0008645872923576387,0.0002800619498232603,-0.0009493911117130605,0.0004025217248331986
ETHUSDT,15,1,validation,60,mae,663,652,0.9834087481146304,0.005649681547734365,0.005360511887348701,0.0002891696603856643,-0.00019757007321694577,0.0007453180567105971,-0.00026394236407347187,0.0006328100067738198
ETHUSDT,15,-1,discovery,60,ret,2598,2566,0.9876828329484219,-0.00010097950869976586,-7.006015469946305e-05,-3.0919354000302806e-05,-0.00027121580018400206,0.00021906623840331415,-0.0002481654634974715,0.00021211206551988886
ETHUSDT,15,-1,discovery,60,mfe,2598,2566,0.9876828329484219,0.004283701864483921,0.004832834160981162,-0.0005491322964972411,-0.0008523281938470201,-0.00026734532058447715,-0.0008462220356193383,-0.00026963991070256925
ETHUSDT,15,-1,discovery,60,mae,2598,2566,0.9876828329484219,0.004606367067830682,0.004892290180731169,-0.0002859231129004875,-0.0005148974781799502,-5.9380373313945705e-05,-0.0005260553292079686,-5.8663997237115636e-05
ETHUSDT,15,-1,validation,60,ret,891,887,0.9955106621773289,-0.00041575087479293465,-0.0001354196543045389,-0.0002803312204883958,-0.0008872591731245472,0.0002927029457223663,-0.000896364145017812,0.0002774748564963393
ETHUSDT,15,-1,validation,60,mfe,891,887,0.9955106621773289,0.0050569103664864345,0.005406720148612428,-0.00034980978212599437,-0.0007637201686917469,7.816539273049883e-05,-0.0007072012147846502,-1.1275796461081552e-06
ETHUSDT,15,-1,validation,60,mae,891,887,0.9955106621773289,0.005604524293238075,0.005532210998092695,7.231329514537962e-05,-0.0004158815873917497,0.0006022403324490792,-0.00045135153625177867,0.0007073482870965586
ETHUSDT,60,1,discovery,60,ret,950,880,0.9263157894736842,-0.0001966241933315874,3.2625917166135425e-05,-0.00022925011049772275,-0.0007080938615473106,0.0002522599728393851,-0.0007526423949997233,0.000265316821818966
ETHUSDT,60,1,discovery,60,mfe,950,880,0.9263157894736842,0.004176554146507263,0.004636006892586163,-0.0004594527460789,-0.0008708168087991232,-4.0224273384818066e-05,-0.0009425989738502115,-1.1796185441429269e-05
ETHUSDT,60,1,discovery,60,mae,950,880,0.9263157894736842,0.004980381244254488,0.004988626313770504,-8.245069516016626e-06,-0.00041071247629987046,0.0004341916988463802,-0.00042303773242839557,0.00043481807144776373
ETHUSDT,60,1,validation,60,ret,242,213,0.8801652892561983,0.00015603363131830268,8.690931374684044e-05,6.912431757146226e-05,-0.0007617842824431597,0.0010108152753851463,-0.0008298549877759897,0.0014351908458892578
ETHUSDT,60,1,validation,60,mfe,242,213,0.8801652892561983,0.004679430407253561,0.0051427343931561035,-0.0004633039859025422,-0.0010868743856031337,0.0001897677293186907,-0.0010615161458063021,0.0003052653958543175
ETHUSDT,60,1,validation,60,mae,242,213,0.8801652892561983,0.004680873935593786,0.005619808868590266,-0.0009389349329964797,-0.0015232114208253787,-0.0003597870671854439,-0.001693480614075942,-0.00028088326243289296
ETHUSDT,60,-1,discovery,60,ret,1072,988,0.9216417910447762,-8.701479092122861e-05,5.8683502103693726e-05,-0.00014569829302492232,-0.0006121643461053948,0.000339326962429845,-0.0006197920199773087,0.0003435023798778928
ETHUSDT,60,-1,discovery,60,mfe,1072,988,0.9216417910447762,0.004700346111477148,0.005062899795977005,-0.00036255368449985756,-0.0008580450353210587,0.00015650546597444502,-0.0008568221053278254,0.0001327451022762832
ETHUSDT,60,-1,discovery,60,mae,1072,988,0.9216417910447762,0.0046378772799269465,0.005015225428902239,-0.0003773481489752937,-0.0007695005045664306,6.798138991827072e-05,-0.0007671596050409159,3.5201547906382974e-05
ETHUSDT,60,-1,validation,60,ret,343,296,0.8629737609329446,-0.0009450907658086081,0.0002413674860890663,-0.0011864582518976744,-0.0019397587064883604,-0.0005227555485293422,-0.0017676744420311282,-0.0005948586733445854
ETHUSDT,60,-1,validation,60,mfe,343,296,0.8629737609329446,0.005193584124155835,0.006013196573021232,-0.0008196124488653974,-0.0013894404932498596,-0.0002411743250880894,-0.001427568174498783,-0.00019937073887666182
ETHUSDT,60,-1,validation,60,mae,343,296,0.8629737609329446,0.006145794502874424,0.005692272538549245,0.0004535219643251787,-0.0002838209533049315,0.0013186802912688418,-0.00011129226286267301,0.0011152200964532919
ETHUSDT,5,1,discovery,1440,ret,4310,4299,0.9974477958236659,0.0006251540954989282,-0.0023430257690526188,0.0029681798645515463,0.0005726408492740374,0.005468316572477227,0.0005606492006165718,0.005597846912395619
ETHUSDT,5,1,discovery,1440,mfe,4310,4299,0.9974477958236659,0.023797697653663543,0.022650243376891345,0.0011474542767721965,-0.0003343667887740444,0.0026727153628772066,-0.00023859736316172658,0.0025969126732722034
ETHUSDT,5,1,discovery,1440,mae,4310,4299,0.9974477958236659,0.026322745953219345,0.026355594201865798,-3.284824864644986e-05,-0.0015077466430201071,0.0015643961993366817,-0.0014855693743540117,0.001509202720544941
ETHUSDT,5,1,validation,1440,ret,1225,1224,0.9991836734693877,-0.00219147170317064,-0.000865709378197612,-0.001325762324973028,-0.007664439475924595,0.003715389443772171,-0.008135749332200808,0.00283606810627003
ETHUSDT,5,1,validation,1440,mfe,1225,1224,0.9991836734693877,0.02634828203849402,0.026688188626419418,-0.0003399065879253928,-0.004081227157589906,0.002736909941904608,-0.0037838446270363167,0.002341060404347463
ETHUSDT,5,1,validation,1440,mae,1225,1224,0.9991836734693877,0.02994641199336159,0.027528246550933926,0.0024181654424276612,-0.0011762763318740402,0.0075360708840782956,-0.001073146244519091,0.008998698379747991
ETHUSDT,5,-1,discovery,1440,ret,4763,4735,0.9941213520890195,0.0012769369987045264,-0.0026294289189728644,0.003906365917677391,0.00117342106798943,0.006742818132944944,0.001203232212432285,0.0070345381833429674
ETHUSDT,5,-1,discovery,1440,mfe,4763,4735,0.9941213520890195,0.025200800095096728,0.024678095797059593,0.000522704298037136,-0.0015782047109552007,0.0029206668509400673,-0.0016162659918536485,0.003343875595437135
ETHUSDT,5,-1,discovery,1440,mae,4763,4735,0.9941213520890195,0.023110053595209363,0.025082930997277972,-0.001972877402068612,-0.003709543663156743,-0.0002547193881448517,-0.0035726800491931343,-0.0003441264753017303
ETHUSDT,5,-1,validation,1440,ret,1740,1738,0.9988505747126437,-0.0016934551166401194,-0.0014108156456470867,-0.0002826394709930327,-0.0060035510320838766,0.005000440325018279,-0.005731197120284654,0.0046051767488358465
ETHUSDT,5,-1,validation,1440,mfe,1740,1738,0.9988505747126437,0.026498970216320094,0.030739814586913564,-0.004240844370593465,-0.009521673127191332,6.881287851503294e-05,-0.008468230017665305,-0.00018328658146131676
ETHUSDT,5,-1,validation,1440,mae,1740,1738,0.9988505747126437,0.03031026121771597,0.02954662486435149,0.0007636363533644798,-0.002549263786259991,0.0053161188507946785,-0.0021617804607834473,0.004137963353398744
ETHUSDT,15,1,discovery,1440,ret,2295,2265,0.9869281045751634,0.00027555376398430534,-0.0018211842168226714,0.002096737980806977,-0.00013332670441390897,0.004477265782759298,-0.00019334385176587808,0.004594882281256617
ETHUSDT,15,1,discovery,1440,mfe,2295,2265,0.9869281045751634,0.023126900217362748,0.02279123491278825,0.00033566530457449444,-0.0010684260058626907,0.0018276236803114558,-0.0009310874281703982,0.0017044604710412974
ETHUSDT,15,1,discovery,1440,mae,2295,2265,0.9869281045751634,0.025690861433441424,0.025598416729612772,9.244470382865226e-05,-0.001271450268555039,0.001514249111322329,-0.0012794240650569632,0.0015202475470548554
ETHUSDT,15,1,validation,1440,ret,663,652,0.9834087481146304,-0.0019052168525516594,-8.53882160461811e-05,-0.0018198286365054784,-0.009526248576775878,0.004176048800991992,-0.010773758249906309,0.0035803528587654257
ETHUSDT,15,1,validation,1440,mfe,663,652,0.9834087481146304,0.027199977995139638,0.02687178108875652,0.00032819690638311694,-0.0032345554686391827,0.0035962427348983227,-0.0030688048483243943,0.003211290326610153
ETHUSDT,15,1,validation,1440,mae,663,652,0.9834087481146304,0.02963702166855145,0.0270712365541215,0.002565785114429948,-0.0019163422161283337,0.008843847671298023,-0.0017712950763556258,0.010666433956971472
ETHUSDT,15,-1,discovery,1440,ret,2598,2552,0.9822940723633564,0.001477992154191876,-0.002023746603640306,0.003501738757832182,0.0007988374750539052,0.006304484340596287,0.0009180510589761075,0.0067627213963148535
ETHUSDT,15,-1,discovery,1440,mfe,2598,2552,0.9822940723633564,0.025649051102357538,0.025665777028332767,-1.672592597522555e-05,-0.0021817733133548127,0.002556547956489966,-0.0023234607086940495,0.003126132479206683
ETHUSDT,15,-1,discovery,1440,mae,2598,2552,0.9822940723633564,0.023039780819222724,0.02491283413963993,-0.001873053320417209,-0.0035697782964027322,-0.000277602000892461,-0.0034158434803454206,-0.0003783419945738039
ETHUSDT,15,-1,validation,1440,ret,891,887,0.9955106621773289,-0.0025458631529519105,-0.0013884278138339926,-0.001157435339117918,-0.005996895254222162,0.0032016287647046006,-0.005925081383340174,0.0031514387555410493
ETHUSDT,15,-1,validation,1440,mfe,891,887,0.9955106621773289,0.026571733704047924,0.030775636980483863,-0.004203903276435943,-0.008669085528008921,-0.0005714074329608315,-0.007920651221792186,-0.00036623867639050026
ETHUSDT,15,-1,validation,1440,mae,891,887,0.9955106621773289,0.02988807162947491,0.029261655003320435,0.0006264166261544722,-0.0025016111794300172,0.0048038175393476995,-0.002091613693067998,0.0038060641254111234
ETHUSDT,60,1,discovery,1440,ret,950,880,0.9263157894736842,0.00017470093397242603,-7.857715516119614e-05,0.00025327808913362253,-0.0019858993770701574,0.0024687145413484447,-0.001992633918063499,0.0025496137503509307
ETHUSDT,60,1,discovery,1440,mfe,950,880,0.9263157894736842,0.023652412356628464,0.023812578591487627,-0.00016016623485915483,-0.0016820886968999188,0.0013869970838497837,-0.0016342802292567155,0.001464833433312198
ETHUSDT,60,1,discovery,1440,mae,950,880,0.9263157894736842,0.0255913188093685,0.02441605363431081,0.0011752651750576966,-0.0006730633883980372,0.003091469904624303,-0.0010202236495505759,0.0034820814754992434
ETHUSDT,60,1,validation,1440,ret,242,213,0.8801652892561983,-0.0003272404045858134,0.002844916161086712,-0.003172156565672524,-0.011120696232690073,0.0031111164331352695,-0.012644544004086836,0.0030353850743830802
ETHUSDT,60,1,validation,1440,mfe,242,213,0.8801652892561983,0.027438715547367522,0.028927427801178025,-0.001488712253810502,-0.0055886712570960085,0.0025215532036648603,-0.005935249895200721,0.002088631052818399
ETHUSDT,60,1,validation,1440,mae,242,213,0.8801652892561983,0.028621935178936023,0.024628747724654614,0.00399318745428141,-0.0006372160378335917,0.01073201898198901,-0.0008774911932725649,0.013008944995945178
ETHUSDT,60,-1,discovery,1440,ret,1072,976,0.9104477611940298,0.002010427479428911,-0.0014245283536748676,0.003434955833103778,0.0002979010243300538,0.006823539293666904,0.00040859030350281204,0.007154997086029209
ETHUSDT,60,-1,discovery,1440,mfe,1072,976,0.9104477611940298,0.02634941427167892,0.026510615300137704,-0.0001612010284587833,-0.0025975395978826547,0.0025093330396358626,-0.0025744167645342817,0.003021539820913723
ETHUSDT,60,-1,discovery,1440,mae,1072,976,0.9104477611940298,0.022887068706562524,0.02444925205740792,-0.001562183350845394,-0.0037746068226696757,0.0005129520635885819,-0.003845280647031147,0.000600569434310687
ETHUSDT,60,-1,validation,1440,ret,343,296,0.8629737609329446,-0.003226884007057871,0.0020855659851893938,-0.005312449992247266,-0.010995051803994613,-2.70063707577714e-05,-0.011183655680275382,0.0005597464805169345
ETHUSDT,60,-1,validation,1440,mfe,343,296,0.8629737609329446,0.027465095837698985,0.03455030379028137,-0.007085207952582382,-0.012670956912885709,-0.0025766300623001562,-0.011526794366967453,-0.0026235104622371547
ETHUSDT,60,-1,validation,1440,mae,343,296,0.8629737609329446,0.03054082860534903,0.028063273048513263,0.0024775555568357704,-0.0007673130297175987,0.00643172709571751,-0.0006364624338937502,0.006143536523231854
SOLUSDT,5,1,discovery,60,ret,3618,3612,0.9983416252072969,-8.805614643420195e-05,-6.118920605815714e-05,-2.6866940376044788e-05,-0.0005542360944107531,0.0004933225879749165,-0.0005291021355192916,0.00043071133334858145
SOLUSDT,5,1,discovery,60,mfe,3618,3612,0.9983416252072969,0.007610927362542997,0.007925907171292587,-0.00031497980874959074,-0.0007423087159893525,0.0001328918960469157,-0.0007466009380272454,9.68948698393157e-05
SOLUSDT,5,1,discovery,60,mae,3618,3612,0.9983416252072969,0.008702436920652977,0.008597560804006883,0.00010487611664609613,-0.000366253810894968,0.0006096513326982133,-0.0002474159602656432,0.0005234469485203108
SOLUSDT,5,1,validation,60,ret,1110,1110,1.0,-0.0009755618123405829,-0.00020979843648892644,-0.0007657633758516566,-0.0015295857202736849,-9.290165929445078e-05,-0.0018039246192539547,-3.769334843738752e-05
SOLUSDT,5,1,validation,60,mfe,1110,1110,1.0,0.005756679356712539,0.006285154964772267,-0.0005284756080597284,-0.0010406453451911552,-4.619440037608741e-05,-0.001030620598298933,-9.59580107318799e-05
SOLUSDT,5,1,validation,60,mae,1110,1110,1.0,0.007895046248894755,0.006894526316028947,0.0010005199328658074,0.00045665221593031426,0.0017115815358176188,0.00048801179063317113,0.0018896170441046391
SOLUSDT,5,-1,discovery,60,ret,4065,4060,0.998769987699877,-0.00013868312279290967,-0.0003623892240338915,0.00022370610124098188,-0.00016733538875225674,0.0006053006460759952,-0.00014369128887007415,0.0005864402478626325
SOLUSDT,5,-1,discovery,60,mfe,4065,4060,0.998769987699877,0.007246131387034387,0.007755594463222355,-0.000509463076187969,-0.0008882380933319667,-0.0001382231327096822,-0.0008456317883278427,-0.00018069227316462605
SOLUSDT,5,-1,discovery,60,mae,4065,4060,0.998769987699877,0.008302599734043726,0.008384036223090358,-8.143648904663141e-05,-0.00047032015838045164,0.00030854771850833947,-0.000489940911720917,0.0003001492157066908
SOLUSDT,5,-1,validation,60,ret,1552,1551,0.9993556701030928,-0.0003098856519262276,-0.00029623948738256444,-1.3646164543663164e-05,-0.0006572249434369223,0.0005678937374292196,-0.0006557609340357731,0.000577008726475275
SOLUSDT,5,-1,validation,60,mfe,1552,1551,0.9993556701030928,0.006399294260264892,0.006430322834528182,-3.1028574263290805e-05,-0.0005450365399096627,0.0004724059901568169,-0.0005146626946161519,0.0005363441811542295
SOLUSDT,5,-1,validation,60,mae,1552,1551,0.9993556701030928,0.007129853836294615,0.006781103357372032,0.0003487504789225836,-0.00011968579417977213,0.0009046028206475248,-0.00014868619667592224,0.0008240080407638301
SOLUSDT,15,1,discovery,60,ret,1903,1885,0.9905412506568576,-0.00010295743613669562,-8.391895482379573e-06,-9.456554065431602e-05,-0.0006690822792629648,0.0004818442539235339,-0.0006601532155890611,0.0004223111278610759
SOLUSDT,15,1,discovery,60,mfe,1903,1885,0.9905412506568576,0.007511487259817509,0.007969880191485347,-0.00045839293166783827,-0.0009706756502361193,7.27451422234648e-05,-0.0010208626941223466,9.323170791568285e-05
SOLUSDT,15,1,discovery,60,mae,1903,1885,0.9905412506568576,0.008397575325889877,0.008546209933416066,-0.0001486346075261878,-0.0006523640069444168,0.0003734514471050661,-0.0005587250316069797,0.00028036516880113174
SOLUSDT,15,1,validation,60,ret,581,576,0.9913941480206541,-0.0006872849867833015,-0.00036084213016943274,-0.0003264428566138689,-0.0015927357706858945,0.0006873473206867372,-0.0019436677960729576,0.0007716970573697433
SOLUSDT,15,1,validation,60,mfe,581,576,0.9913941480206541,0.005825186148868446,0.00591907665005084,-9.389050118239379e-05,-0.0008925171690791702,0.000555394475167612,-0.001070236527168054,0.0006314053617768709
SOLUSDT,15,1,validation,60,mae,581,576,0.9913941480206541,0.007275029281951286,0.006740798152118182,0.0005342311298331035,-0.0002070736364872923,0.0015147964879375485,-0.0002024353163050133,0.001910836297439351
SOLUSDT,15,-1,discovery,60,ret,2177,2168,0.9958658704639411,0.00013266772855726562,-0.00023152606895218271,0.0003641937975094483,-7.840551695993676e-05,0.0008243596476148422,-9.121478796589488e-05,0.0008104096781226529
SOLUSDT,15,-1,discovery,60,mfe,2177,2168,0.9958658704639411,0.007361523866856123,0.007726705804508722,-0.00036518193765259734,-0.0008071818843144416,0.00016078664900659968,-0.0007623877902178746,7.886396966565672e-05
SOLUSDT,15,-1,discovery,60,mae,2177,2168,0.9958658704639411,0.00769609095625652,0.008093330940788514,-0.0003972399845319936,-0.0008648783591777726,3.5049022096561976e-05,-0.0008980067965684491,7.1750235514445e-05
SOLUSDT,15,-1,validation,60,ret,818,813,0.9938875305623472,0.00018450585352231813,-0.000138180228166871,0.0003226860816891891,-0.00032431187186499625,0.0010194909805326866,-0.000423785983875837,0.001050835517877328
SOLUSDT,15,-1,validation,60,mfe,818,813,0.9938875305623472,0.0064816695668507875,0.006443039586060078,3.862998079070787e-05,-0.0005554050789629303,0.0006668947104166894,-0.0005749490843301383,0.0007665128636134628
SOLUSDT,15,-1,validation,60,mae,818,813,0.9938875305623472,0.00648055171146167,0.006578399797977652,-9.784808651598268e-05,-0.0005116326723590453,0.00028566188815889494,-0.0005426087061679777,0.00029192788191074163
SOLUSDT,60,1,discovery,60,ret,806,715,0.8870967741935484,0.00018776091062679517,0.0003255527383777047,-0.00013779182775090955,-0.0011346229286799286,0.0008390888795738577,-0.0010878207538511416,0.0006959453377896238
SOLUSDT,60,1,discovery,60,mfe,806,715,0.8870967741935484,0.007986314354343799,0.008296147897693656,-0.0003098335433498592,-0.0009283498031407846,0.000321776624552223,-0.0008356769930679245,0.00019491648850904068
SOLUSDT,60,1,discovery,60,mae,806,715,0.8870967741935484,0.007976703964397038,0.008470744075307884,-0.0004940401109108464,-0.001388701200235352,0.0003969125333347055,-0.0013436141347333618,0.0003605609999130063
SOLUSDT,60,1,validation,60,ret,226,202,0.8938053097345132,6.632751328685496e-05,2.0860323730853065e-05,4.546718955600175e-05,-0.0017821275364573478,0.0015699105805681741,-0.002245654739650137,0.0013445307603603446
SOLUSDT,60,1,validation,60,mfe,226,202,0.8938053097345132,0.006230431417845382,0.0062532482537150475,-2.2816835869665014e-05,-0.0013650442623307807,0.001176890879001976,-0.0015835321346969607,0.001049228893886148
SOLUSDT,60,1,validation,60,mae,226,202,0.8938053097345132,0.006491376740141814,0.00655784353211895,-6.646679197713452e-05,-0.0011502207603416635,0.0013562458141753,-0.0010599054597143045,0.0016043538787639735
SOLUSDT,60,-1,discovery,60,ret,898,828,0.9220489977728286,-0.0004233233441847902,0.0003795309241517881,-0.0008028542683365782,-0.0017705471056953374,2.786703300533183e-05,-0.0016184496323593397,-8.900703135138398e-05
SOLUSDT,60,-1,discovery,60,mfe,898,828,0.9220489977728286,0.007491930198379438,0.008590075360373798,-0.0010981451619943596,-0.0018585544834650428,-0.0003784490817414697,-0.0017404583373494798,-0.0004441415290442676
SOLUSDT,60,-1,discovery,60,mae,898,828,0.9220489977728286,0.007715224641798612,0.008444137345165529,-0.0007289127033669145,-0.0013913022699798068,-3.6339350848749344e-05,-0.0014845332161422162,-6.669602374531928e-05
SOLUSDT,60,-1,validation,60,ret,325,307,0.9446153846153846,-7.47631446254623e-05,0.00010955537673794423,-0.00018431852136340657,-0.001478508281455008,0.0011474196047653736,-0.0016272614352230283,0.0013804343918997106
SOLUSDT,60,-1,validation,60,mfe,325,307,0.9446153846153846,0.006685972984117822,0.006772252078133482,-8.62790940156599e-05,-0.0009747712369135885,0.0008946820667184508,-0.0010386483661457202,0.0008319911448820503
SOLUSDT,60,-1,validation,60,mae,325,307,0.9446153846153846,0.00692632580916475,0.006710294738295201,0.00021603107086954818,-0.000725195965331559,0.0011884017548079828,-0.0008648879808666658,0.001111488079318238
SOLUSDT,5,1,discovery,1440,ret,3618,3612,0.9983416252072969,0.0019849486767125656,0.0010043962766700318,0.0009805524000425338,-0.002458040707471312,0.00428425381272521,-0.002599230258649066,0.004379666486279742
SOLUSDT,5,1,discovery,1440,mfe,3618,3612,0.9983416252072969,0.040106949171837304,0.04201061204242516,-0.0019036628705878537,-0.004654484084886085,0.0006857180447016895,-0.004728935559611335,0.0007383310664468239
SOLUSDT,5,1,discovery,1440,mae,3618,3612,0.9983416252072969,0.04177182665220765,0.04131763829624318,0.00045418835596448484,-0.0017578222031408837,0.0028598647411433266,-0.0018208788136299093,0.0031209006634447256
SOLUSDT,5,1,validation,1440,ret,1110,1110,1.0,-0.00223692978202096,-0.0036029076678740276,0.0013659778858530675,-0.006538794855810155,0.010422107610768047,-0.0052513123527621955,0.009439127905642691
SOLUSDT,5,1,validation,1440,mfe,1110,1110,1.0,0.02912685276541756,0.03134299902432234,-0.0022161462589047796,-0.006998829066275129,0.0014787853951655349,-0.005739287545527358,0.0004948977711766554
SOLUSDT,5,1,validation,1440,mae,1110,1110,1.0,0.03459146319628588,0.03368842863149299,0.0009030345647928859,-0.004297871509305848,0.006625706335782185,-0.003618351257929388,0.006265826855248467
SOLUSDT,5,-1,discovery,1440,ret,4065,4055,0.997539975399754,-0.00040377494398023597,-0.0033600106565126347,0.002956235712532399,-0.000508212625979421,0.006497264241195956,-0.0005518819316919842,0.0065684582607691
SOLUSDT,5,-1,discovery,1440,mfe,4065,4055,0.997539975399754,0.03829515305069019,0.03973062673986169,-0.0014354736891715092,-0.004379287240591511,0.0012464810970971303,-0.004223387509853657,0.0012436460242757383
SOLUSDT,5,-1,discovery,1440,mae,4065,4055,0.997539975399754,0.039299961514138414,0.04055510115843439,-0.0012551396442959664,-0.004132295403567659,0.001371914974610289,-0.004227652956647756,0.0013666578997508605
SOLUSDT,5,-1,validation,1440,ret,1552,1551,0.9993556701030928,0.002377398453105906,-0.0005081714976312124,0.002885569950737119,-0.0013050816800137376,0.006998185328264436,-0.000687492062731843,0.006187354604032334
SOLUSDT,5,-1,validation,1440,mfe,1552,1551,0.9993556701030928,0.03528753303358604,0.036424208299096816,-0.0011366752655107802,-0.0055073778146032485,0.0029333192428384765,-0.005121793273299882,0.0025766521080375607
SOLUSDT,5,-1,validation,1440,mae,1552,1551,0.9993556701030928,0.03379388865386705,0.034916901788696636,-0.001123013134829581,-0.004479950120653732,0.0027419728036761864,-0.0046298049812743955,0.00240889280756407
SOLUSDT,15,1,discovery,1440,ret,1903,1885,0.9905412506568576,0.0014340256455707778,0.001740643904529604,-0.00030661825895882664,-0.0035809482501265822,0.002935651024401405,-0.003999479321824576,0.0034019141855382044
SOLUSDT,15,1,discovery,1440,mfe,1903,1885,0.9905412506568576,0.0398722576292837,0.04284901611746837,-0.002976758488184668,-0.005959180043865683,-0.0002077842875156985,-0.005866671185195496,-0.0001963884681756863
SOLUSDT,15,1,discovery,1440,mae,1903,1885,0.9905412506568576,0.04221175946476082,0.04142788999524984,0.0007838694695109723,-0.0017406513178429186,0.0033304707031866876,-0.001797169613624943,0.003518254430954136
SOLUSDT,15,1,validation,1440,ret,581,576,0.9913941480206541,-0.0036491140833833143,-0.004264824123119658,0.0006157100397363453,-0.007055180800600997,0.008733056147211643,-0.005536890308751021,0.0070881485569247085
SOLUSDT,15,1,validation,1440,mfe,581,576,0.9913941480206541,0.02847728686666708,0.030274235357791477,-0.0017969484911243953,-0.007303176559004694,0.0023810685440482826,-0.006205347656629759,0.0013458353747711222
SOLUSDT,15,1,validation,1440,mae,581,576,0.9913941480206541,0.03524849149569804,0.03335342340697287,0.0018950680887251624,-0.002695512028887101,0.007145963435466464,-0.002013222349331282,0.006658066782621325
SOLUSDT,15,-1,discovery,1440,ret,2177,2167,0.9954065227377125,0.0004970575621048757,-0.002842451933222661,0.003339509495327537,0.00018188917988142594,0.006685899400946265,0.0004278946035976752,0.006417870407517124
SOLUSDT,15,-1,discovery,1440,mfe,2177,2167,0.9954065227377125,0.03835212796428973,0.0401745034067753,-0.0018223754424855842,-0.004834952667800302,0.0008925055342146512,-0.004595944789538546,0.0007763966168045105
SOLUSDT,15,-1,discovery,1440,mae,2177,2167,0.9954065227377125,0.038412249494781794,0.03981868016425009,-0.0014064306694682852,-0.0038361730486475543,0.0008621505325830279,-0.0036159918813263425,0.0006015133215718189
SOLUSDT,15,-1,validation,1440,ret,818,813,0.9938875305623472,0.0028901759131854253,-0.00026271853534137697,0.0031528944485268023,-0.0010622008218243106,0.007241586979663119,-0.0003010667581079006,0.006390774605492363
SOLUSDT,15,-1,validation,1440,mfe,818,813,0.9938875305623472,0.03586736812858028,0.036705193147644574,-0.0008378250190643013,-0.00542903883502721,0.003453327868947283,-0.004896390048339947,0.002875200428622039
SOLUSDT,15,-1,validation,1440,mae,818,813,0.9938875305623472,0.03281734364101136,0.034730562858901456,-0.0019132192178900984,-0.004958277416705204,0.001469249253266158,-0.005258418708874699,0.0014816778316848022
SOLUSDT,60,1,discovery,1440,ret,806,715,0.8870967741935484,0.003101375647349772,0.005058860980042135,-0.0019574853326923642,-0.006168765713939968,0.0023931033937907935,-0.005898445640222417,0.002070638993770945
SOLUSDT,60,1,discovery,1440,mfe,806,715,0.8870967741935484,0.04086692825159287,0.045176243406485975,-0.004309315154893106,-0.007909929525246424,-0.0007455587356157809,-0.007803991623190501,-0.0010112086563931956
SOLUSDT,60,1,discovery,1440,mae,806,715,0.8870967741935484,0.03999295285446525,0.037824936354479435,0.0021680164999858115,-0.0009271718581027114,0.005277592905026189,-0.000732782777896554,0.0048719184484526355
SOLUSDT,60,1,validation,1440,ret,226,202,0.8938053097345132,-0.001933897230573168,-0.00047121861308234767,-0.00146267861749082,-0.010786463439971465,0.008033037651123419,-0.00899939770296452,0.007264052820563629
SOLUSDT,60,1,validation,1440,mfe,226,202,0.8938053097345132,0.029322796813139852,0.03306618174839282,-0.003743384935252972,-0.008742502416958862,0.0003009800554024306,-0.007986190456376685,-0.00022550333464571646
SOLUSDT,60,1,validation,1440,mae,226,202,0.8938053097345132,0.032156192237933846,0.031287828397699724,0.0008683638402341195,-0.003548121315589529,0.006251839647787564,-0.0026449327765607667,0.005525973968797289
SOLUSDT,60,-1,discovery,1440,ret,898,828,0.9220489977728286,0.0007019601573052918,0.0017083021930834976,-0.0010063420357782047,-0.005302579505972591,0.0035369214485774718,-0.005331230427052329,0.0035144580028412717
SOLUSDT,60,-1,discovery,1440,mfe,898,828,0.9220489977728286,0.04018767486383668,0.04573088356381882,-0.005543208699982134,-0.009982915285396564,-0.0014918651576379402,-0.009778111096691836,-0.0013734618148836817
SOLUSDT,60,-1,discovery,1440,mae,898,828,0.9220489977728286,0.038211659774310715,0.0387316932745189,-0.0005200335002081909,-0.003943320064369724,0.0028129893297806066,-0.00401119100126131,0.0027187011046627355
SOLUSDT,60,-1,validation,1440,ret,325,307,0.9446153846153846,0.00173518216280112,0.0036340059177552135,-0.0018988237549540925,-0.007753447972642619,0.0037287321157396234,-0.0068057737264300075,0.0023479123952389945
SOLUSDT,60,-1,validation,1440,mfe,325,307,0.9446153846153846,0.03628202121002721,0.040121510025577324,-0.0038394888155501177,-0.008698605911608719,0.0011148096205898831,-0.008382675078077273,0.00014437020550129285
SOLUSDT,60,-1,validation,1440,mae,325,307,0.9446153846153846,0.034060128680375355,0.03352845619181002,0.0005316724885653318,-0.0033496241881263897,0.00475503823208204,-0.002974316797612526,0.003567759107873757
