arm,partition,stress,exit_reason,n,net_wins,entry_rsi14_median,entry_volume_ratio_median,entry_adx14_median,entry_r24_median,entry_r168_median,pre_exit_mae_median,pre_exit_mfe_median
confirmed,evaluation,2,boundary_mtm,3,2,50.882877132518395,1.1373822577040669,28.46955611454598,0.003386424157162171,0.02243474877381968,0.00897050980589209,0.020651015763201386
confirmed,evaluation,2,stop,132,0,49.997243404649,1.8735721293713863,30.6143594666436,0.0042806188241910625,0.009607844981506686,0.01905842580497069,0.007739906847096689
confirmed,evaluation,2,target,95,95,49.616354160660265,1.6188814623708787,28.351725798923823,0.0008433072309665945,-0.016502373128879033,0.007615282413558355,0.024172213713305468
confirmed,historical,2,boundary_mtm,1,1,48.63547292839936,1.50389756266837,42.55302398633786,0.03592641384231254,-0.0292106677305628,0.0019927438818019283,0.017986358666485458
confirmed,historical,2,stop,293,0,47.34021224770203,1.7177312372771973,28.766287285225083,0.0014880646948953746,0.0034855034741869684,0.0189081640614841,0.007819103972950048
confirmed,historical,2,target,265,265,49.29702990225934,1.6967537652712354,31.620144009191122,0.005358835895955982,0.002232789806455804,0.005703688750354985,0.02389819987585351
immediate,evaluation,2,boundary_mtm,3,2,32.044145823808705,2.21402963507337,31.295458000083723,0.003386424157162171,-0.007739082365948002,0.006813200647786233,0.022872806139090818
immediate,evaluation,2,stop,380,0,47.57586566401294,2.787330044224138,30.73700234753278,0.002514423468524263,0.005389128166911172,0.018893663998431398,0.007220336178504927
immediate,evaluation,2,target,304,304,50.947377242335094,2.6312782256268497,28.73598536952847,0.0009441528943120447,-0.0037218349438338794,0.0072238889158294795,0.024164775898649737
immediate,historical,2,boundary_mtm,1,1,50.185403947200655,0.804320892900143,45.50487560318651,0.03592641384231254,-0.0292106677305628,0.0011061003011754167,0.018855323134035262
immediate,historical,2,stop,1004,0,48.12873705098844,3.3568145606304576,29.810007799787897,0.00023645709429687134,0.002659318551584078,0.018686343440671105,0.007936358446444247
immediate,historical,2,target,820,820,49.36246330466635,3.0653057188678927,30.545157997768342,0.004337551999349265,0.002185019783375375,0.006333845158370988,0.02383476285069963
