variant,partition,stop,stress,excluded_symbol,n,mean,mean_R
compression_all,evaluation,0.02,1,BTCUSDT,126,-0.0008426595967743446,-0.04213297983871725
compression_all,evaluation,0.02,1,ETHUSDT,158,-0.001217073355707745,-0.06085366778538727
compression_all,evaluation,0.02,1,SOLUSDT,160,0.00031349608320263285,0.015674804160131638
compression_all,evaluation,0.02,2,BTCUSDT,126,-0.002334461599060146,-0.11672307995300729
compression_all,evaluation,0.02,2,ETHUSDT,158,-0.0026104077222382904,-0.1305203861119145
compression_all,evaluation,0.02,2,SOLUSDT,160,-0.0006864766502300099,-0.034323832511500466
compression_all,evaluation,0.03,1,BTCUSDT,120,-0.0031425221610824655,-0.10475073870274881
compression_all,evaluation,0.03,1,ETHUSDT,137,-0.005304029137965392,-0.17680097126551303
compression_all,evaluation,0.03,1,SOLUSDT,135,-0.0031046776164451646,-0.10348925388150546
compression_all,evaluation,0.03,2,BTCUSDT,120,-0.004650833031641472,-0.15502776772138238
compression_all,evaluation,0.03,2,ETHUSDT,137,-0.006749762887176753,-0.22499209623922511
compression_all,evaluation,0.03,2,SOLUSDT,135,-0.004103888671704967,-0.13679628905683222
compression_all,historical,0.02,1,BTCUSDT,502,-0.0021513556562475235,-0.10756778281237617
compression_all,historical,0.02,1,ETHUSDT,508,-0.002558083028540317,-0.12790415142701586
compression_all,historical,0.02,1,SOLUSDT,550,-0.0028083186801627093,-0.14041593400813548
compression_all,historical,0.02,2,BTCUSDT,502,-0.003608206678449554,-0.18041033392247768
compression_all,historical,0.02,2,ETHUSDT,508,-0.00400950604748859,-0.20047530237442943
compression_all,historical,0.02,2,SOLUSDT,550,-0.0038079191951769834,-0.19039595975884918
compression_all,historical,0.03,1,BTCUSDT,451,-0.0020299145148733795,-0.06766381716244599
compression_all,historical,0.03,1,ETHUSDT,434,-0.0019408176592459472,-0.06469392197486493
compression_all,historical,0.03,1,SOLUSDT,455,-0.002327169259904688,-0.0775723086634896
compression_all,historical,0.03,2,BTCUSDT,451,-0.0035052826218663737,-0.11684275406221246
compression_all,historical,0.03,2,ETHUSDT,434,-0.0034350110549806563,-0.1145003684993552
compression_all,historical,0.03,2,SOLUSDT,455,-0.0033263092112938743,-0.11087697370979581
compression_hourly,evaluation,0.02,1,BTCUSDT,19,0.00566012149174621,0.2830060745873105
compression_hourly,evaluation,0.02,1,ETHUSDT,28,0.004732004521477822,0.23660022607389095
compression_hourly,evaluation,0.02,1,SOLUSDT,25,0.004776300800510055,0.23881504002550272
compression_hourly,evaluation,0.02,2,BTCUSDT,19,0.004076770213485848,0.20383851067429243
compression_hourly,evaluation,0.02,2,ETHUSDT,28,0.0033353326794914014,0.16676663397457014
compression_hourly,evaluation,0.02,2,SOLUSDT,25,0.003778882830348722,0.18894414151743613
compression_hourly,evaluation,0.03,1,BTCUSDT,19,0.001948775098808385,0.06495916996027949
compression_hourly,evaluation,0.03,1,ETHUSDT,27,0.0028978168696019834,0.09659389565339943
compression_hourly,evaluation,0.03,1,SOLUSDT,24,0.005228406109703047,0.17428020365676822
compression_hourly,evaluation,0.03,2,BTCUSDT,19,0.00037149409184394146,0.01238313639479805
compression_hourly,evaluation,0.03,2,ETHUSDT,27,0.0014897812352067624,0.049659374506892104
compression_hourly,evaluation,0.03,2,SOLUSDT,24,0.004232121793948217,0.14107072646494057
compression_hourly,historical,0.02,1,BTCUSDT,58,0.0008070737174981362,0.04035368587490682
compression_hourly,historical,0.02,1,ETHUSDT,61,0.004807281285307994,0.24036406426539972
compression_hourly,historical,0.02,1,SOLUSDT,75,0.0013322355211118817,0.06661177605559408
compression_hourly,historical,0.02,2,BTCUSDT,58,-0.0005796627746771713,-0.0289831387338585
compression_hourly,historical,0.02,2,ETHUSDT,61,0.003443632254784337,0.1721816127392169
compression_hourly,historical,0.02,2,SOLUSDT,75,0.00033084355619359865,0.016542177809679953
compression_hourly,historical,0.03,1,BTCUSDT,58,-0.00038817074607880927,-0.01293902486929366
compression_hourly,historical,0.03,1,ETHUSDT,60,0.008492979814234296,0.28309932714114316
compression_hourly,historical,0.03,1,SOLUSDT,74,0.0019730701540189776,0.06576900513396593
compression_hourly,historical,0.03,2,BTCUSDT,58,-0.0017727484155082153,-0.05909161385027381
compression_hourly,historical,0.03,2,ETHUSDT,60,0.007124501828880501,0.23748339429601673
compression_hourly,historical,0.03,2,SOLUSDT,74,0.0009726527166309691,0.03242175722103231
funding_breakout_control,evaluation,0.02,1,BTCUSDT,1198,-0.002327748001804735,-0.11638740009023672
funding_breakout_control,evaluation,0.02,1,ETHUSDT,929,-0.002700090408227943,-0.13500452041139713
funding_breakout_control,evaluation,0.02,1,SOLUSDT,803,-0.001466641457896356,-0.07333207289481779
funding_breakout_control,evaluation,0.02,2,BTCUSDT,1198,-0.0038816926509409625,-0.19408463254704814
funding_breakout_control,evaluation,0.02,2,ETHUSDT,929,-0.0044141389379845864,-0.22070694689922932
funding_breakout_control,evaluation,0.02,2,SOLUSDT,803,-0.00246669878979861,-0.12333493948993048
funding_breakout_control,evaluation,0.03,1,BTCUSDT,859,-0.00280190155056725,-0.09339671835224167
funding_breakout_control,evaluation,0.03,1,ETHUSDT,650,-0.003622191642166553,-0.12073972140555178
funding_breakout_control,evaluation,0.03,1,SOLUSDT,555,-0.0025118415761405067,-0.0837280525380169
funding_breakout_control,evaluation,0.03,2,BTCUSDT,859,-0.004357113916733653,-0.14523713055778842
funding_breakout_control,evaluation,0.03,2,ETHUSDT,650,-0.005355096670795279,-0.17850322235984262
funding_breakout_control,evaluation,0.03,2,SOLUSDT,555,-0.0035117184170687173,-0.11705728056895724
funding_breakout_control,historical,0.02,1,BTCUSDT,3334,-0.003515520083565736,-0.1757760041782868
funding_breakout_control,historical,0.02,1,ETHUSDT,2996,-0.0033854425017373637,-0.16927212508686817
funding_breakout_control,historical,0.02,1,SOLUSDT,2202,-0.0026482969189788913,-0.13241484594894457
funding_breakout_control,historical,0.02,2,BTCUSDT,3334,-0.005134207665194847,-0.2567103832597424
funding_breakout_control,historical,0.02,2,ETHUSDT,2996,-0.005074014415124929,-0.25370072075624645
funding_breakout_control,historical,0.02,2,SOLUSDT,2202,-0.0036481083518051906,-0.18240541759025955
funding_breakout_control,historical,0.03,1,BTCUSDT,2453,-0.003981153788116489,-0.13270512627054962
funding_breakout_control,historical,0.03,1,ETHUSDT,2164,-0.002896190655634512,-0.0965396885211504
funding_breakout_control,historical,0.03,1,SOLUSDT,1493,-0.002141236362235943,-0.07137454540786475
funding_breakout_control,historical,0.03,2,BTCUSDT,2453,-0.005617513393149827,-0.18725044643832756
funding_breakout_control,historical,0.03,2,ETHUSDT,2164,-0.004617955124033097,-0.1539318374677699
funding_breakout_control,historical,0.03,2,SOLUSDT,1493,-0.003140900284879816,-0.10469667616266055
funding_extreme,evaluation,0.02,1,BTCUSDT,176,-0.004415280120838915,-0.22076400604194568
funding_extreme,evaluation,0.02,1,ETHUSDT,150,-0.004468373696972311,-0.2234186848486155
funding_extreme,evaluation,0.02,1,SOLUSDT,100,-0.0023631582887864706,-0.11815791443932352
funding_extreme,evaluation,0.02,2,BTCUSDT,176,-0.006065688971797103,-0.30328444858985504
funding_extreme,evaluation,0.02,2,ETHUSDT,150,-0.006230834940422366,-0.3115417470211183
funding_extreme,evaluation,0.02,2,SOLUSDT,100,-0.00336647729202301,-0.1683238646011505
funding_extreme,evaluation,0.03,1,BTCUSDT,157,-0.0034083163841401483,-0.11361054613800495
funding_extreme,evaluation,0.03,1,ETHUSDT,133,-0.0033744608931351046,-0.11248202977117021
funding_extreme,evaluation,0.03,1,SOLUSDT,86,-0.002176410940746851,-0.07254703135822833
funding_extreme,evaluation,0.03,2,BTCUSDT,157,-0.005065043667416369,-0.16883478891387899
funding_extreme,evaluation,0.03,2,ETHUSDT,133,-0.00514907976076992,-0.171635992025664
funding_extreme,evaluation,0.03,2,SOLUSDT,86,-0.003179979198763132,-0.10599930662543776
funding_extreme,historical,0.02,1,BTCUSDT,662,-0.0025528232889940453,-0.12764116444970225
funding_extreme,historical,0.02,1,ETHUSDT,628,-0.003972713463149491,-0.19863567315747457
funding_extreme,historical,0.02,1,SOLUSDT,578,-0.0018884561290002423,-0.09442280645001212
funding_extreme,historical,0.02,2,BTCUSDT,662,-0.0040953495460099975,-0.20476747730049988
funding_extreme,historical,0.02,2,ETHUSDT,628,-0.005545492766129877,-0.27727463830649385
funding_extreme,historical,0.02,2,SOLUSDT,578,-0.002890178554051235,-0.14450892770256174
funding_extreme,historical,0.03,1,BTCUSDT,551,-0.002414435064550899,-0.08048116881836333
funding_extreme,historical,0.03,1,ETHUSDT,535,-0.0037363833537808998,-0.12454611179269663
funding_extreme,historical,0.03,1,SOLUSDT,474,-0.001123199389292058,-0.0374399796430686
funding_extreme,historical,0.03,2,BTCUSDT,551,-0.0039752732133082995,-0.13250910711027666
funding_extreme,historical,0.03,2,ETHUSDT,535,-0.00531467645743509,-0.17715588191450296
funding_extreme,historical,0.03,2,SOLUSDT,474,-0.0021242113979407164,-0.07080704659802389
trend_aligned,evaluation,0.02,1,BTCUSDT,156,-0.00046794020398624296,-0.02339701019931215
trend_aligned,evaluation,0.02,1,ETHUSDT,153,-0.0012267726721640441,-0.061338633608202214
trend_aligned,evaluation,0.02,1,SOLUSDT,131,-0.001490782302783039,-0.07453911513915196
trend_aligned,evaluation,0.02,2,BTCUSDT,156,-0.002036892760452721,-0.10184463802263603
trend_aligned,evaluation,0.02,2,ETHUSDT,153,-0.0028076214039611056,-0.1403810701980553
trend_aligned,evaluation,0.02,2,SOLUSDT,131,-0.0024904604160667877,-0.1245230208033394
trend_aligned,evaluation,0.03,1,BTCUSDT,132,-0.0017763127606452872,-0.05921042535484289
trend_aligned,evaluation,0.03,1,ETHUSDT,125,-0.0012058712615701688,-0.04019570871900561
trend_aligned,evaluation,0.03,1,SOLUSDT,109,-0.003699077878683072,-0.1233025959561024
trend_aligned,evaluation,0.03,2,BTCUSDT,132,-0.0033346907035881274,-0.11115635678627091
trend_aligned,evaluation,0.03,2,ETHUSDT,125,-0.002794773841801618,-0.09315912806005389
trend_aligned,evaluation,0.03,2,SOLUSDT,109,-0.004698834664705459,-0.15662782215684856
trend_aligned,historical,0.02,1,BTCUSDT,445,-0.003960626804385326,-0.19803134021926627
trend_aligned,historical,0.02,1,ETHUSDT,443,-0.0042940561098361325,-0.21470280549180665
trend_aligned,historical,0.02,1,SOLUSDT,426,-0.0031493440382608434,-0.15746720191304217
trend_aligned,historical,0.02,2,BTCUSDT,445,-0.0054806372039134365,-0.27403186019567183
trend_aligned,historical,0.02,2,ETHUSDT,443,-0.005815405141818884,-0.2907702570909442
trend_aligned,historical,0.02,2,SOLUSDT,426,-0.004149673452610673,-0.20748367263053363
trend_aligned,historical,0.03,1,BTCUSDT,380,-0.006165347112432609,-0.2055115704144203
trend_aligned,historical,0.03,1,ETHUSDT,375,-0.004897743749403393,-0.1632581249801131
trend_aligned,historical,0.03,1,SOLUSDT,355,-0.004803768583926717,-0.1601256194642239
trend_aligned,historical,0.03,2,BTCUSDT,380,-0.007691621883654259,-0.25638739612180866
trend_aligned,historical,0.03,2,ETHUSDT,375,-0.006429878755011803,-0.2143292918337268
trend_aligned,historical,0.03,2,SOLUSDT,355,-0.005804646397824856,-0.19348821326082852
trend_original,evaluation,0.02,1,BTCUSDT,261,-0.0018684187273987798,-0.09342093636993902
trend_original,evaluation,0.02,1,ETHUSDT,244,-0.0004602239916712539,-0.023011199583562677
trend_original,evaluation,0.02,1,SOLUSDT,221,-0.0023377551406850664,-0.11688775703425335
trend_original,evaluation,0.02,2,BTCUSDT,261,-0.003409887209898673,-0.17049436049493366
trend_original,evaluation,0.02,2,ETHUSDT,244,-0.0020413281981370274,-0.10206640990685138
trend_original,evaluation,0.02,2,SOLUSDT,221,-0.0033345344004266746,-0.16672672002133368
trend_original,evaluation,0.03,1,BTCUSDT,213,-0.0035019482712664723,-0.11673160904221574
trend_original,evaluation,0.03,1,ETHUSDT,192,-0.0016609822193324136,-0.05536607397774713
trend_original,evaluation,0.03,1,SOLUSDT,177,-0.005391364256442794,-0.17971214188142653
trend_original,evaluation,0.03,2,BTCUSDT,213,-0.005033486334131252,-0.16778287780437506
trend_original,evaluation,0.03,2,ETHUSDT,192,-0.003252593718566722,-0.10841979061889073
trend_original,evaluation,0.03,2,SOLUSDT,177,-0.006387383927209012,-0.21291279757363374
trend_original,historical,0.02,1,BTCUSDT,731,-0.003375433389345505,-0.1687716694672752
trend_original,historical,0.02,1,ETHUSDT,716,-0.00417687897701083,-0.2088439488505415
trend_original,historical,0.02,1,SOLUSDT,669,-0.002831939044578933,-0.14159695222894664
trend_original,historical,0.02,2,BTCUSDT,731,-0.004907048544932728,-0.2453524272466364
trend_original,historical,0.02,2,ETHUSDT,716,-0.005719341830041149,-0.2859670915020575
trend_original,historical,0.02,2,SOLUSDT,669,-0.003831263885719441,-0.19156319428597204
trend_original,historical,0.03,1,BTCUSDT,595,-0.004011101209490705,-0.13370337364969018
trend_original,historical,0.03,1,ETHUSDT,581,-0.004866279213587431,-0.162209307119581
trend_original,historical,0.03,1,SOLUSDT,528,-0.0033022377137874245,-0.11007459045958082
trend_original,historical,0.03,2,BTCUSDT,595,-0.005554442627979498,-0.18514808759931659
trend_original,historical,0.03,2,ETHUSDT,581,-0.006421829728041497,-0.21406099093471662
trend_original,historical,0.03,2,SOLUSDT,528,-0.004301573040591326,-0.14338576801971087
