poll_minutes,partition,stress,shared,newly_admitted,displaced,shared_delta_net_sum,new_net_sum,displaced_baseline_net_sum,actual_difference_additive_sum
1,evaluation,1,15,0,0,0.012663993090489739,0.0,0.0,0.012663993090489767
1,evaluation,2,15,0,0,-0.032143402074069204,0.0,0.0,-0.03214340207406924
1,historical,1,41,0,0,0.011863873488484257,0.0,0.0,0.011863873488484278
1,historical,2,41,0,0,-0.0008756142709665134,0.0,0.0,-0.0008756142709664821
1,reserved_replication,1,9,0,0,0.0019077215913559063,0.0,0.0,0.001907721591355882
1,reserved_replication,2,9,0,0,-0.03641969682909743,0.0,0.0,-0.03641969682909746
5,evaluation,1,15,0,0,0.02206934628013974,0.0,0.0,0.02206934628013979
5,evaluation,2,15,0,0,0.012144594975117922,0.0,0.0,0.012144594975117856
5,historical,1,41,0,0,0.03170641754194145,0.0,0.0,0.03170641754194145
5,historical,2,41,0,0,0.0772208959254416,0.0,0.0,0.0772208959254416
5,reserved_replication,1,9,0,0,0.01611211683948204,0.0,0.0,0.01611211683948202
5,reserved_replication,2,9,0,0,-0.02634673523811303,0.0,0.0,-0.02634673523811304
15,evaluation,1,15,0,0,0.01635067515393303,0.0,0.0,0.016350675153933014
15,evaluation,2,15,0,0,0.006550845044295758,0.0,0.0,0.006550845044295706
15,historical,1,41,0,0,0.03245913837533959,0.0,0.0,0.03245913837533959
15,historical,2,41,0,0,0.12389378695671571,0.0,0.0,0.12389378695671568
15,reserved_replication,1,9,0,0,-0.03129153732554429,0.0,0.0,-0.03129153732554432
15,reserved_replication,2,9,0,0,-0.033116206667292966,0.0,0.0,-0.03311620666729298
