id,symbol,side,partition,n,matched_fraction,control_draws,unique_controls,mean_mfe,mean_mae,mean_peak_hypothetical_net,mean_endpoint_net,mean_net_giveback,positive_peak_ended_loss_fraction,mean_endpoint_given_peak_and_loss,reach_0,reach_05,reach_1,reach_2,control_reach_1,paired_excess_reach_1,paired_ci95,paired_ci_bonf18
model_l2_BTCUSDT_long,BTCUSDT,1,discovery,280,0.9964285714285714,1384,1265,0.012979091065733231,0.016863439741199387,0.011330747448643846,-0.0007039128128642894,0.012034660261508135,0.42857142857142855,-0.01139140364373042,0.7857142857142857,0.5035714285714286,0.32142857142857145,0.15357142857142858,0.2982078853046595,0.024372759856630823,"[-0.041726931498279635, 0.08732834507042248]","[-0.08317267181393577, 0.1168560941559537]"
model_l2_BTCUSDT_short,BTCUSDT,-1,discovery,444,0.9954954954954955,2181,1951,0.012930214478898396,0.014975392240750113,0.01136512838412617,-0.003812907704799839,0.015178036088926011,0.46396396396396394,-0.012861942238111778,0.8085585585585585,0.5337837837837838,0.3310810810810811,0.14189189189189189,0.26176470588235295,0.06855203619909503,"[0.021010611019482525, 0.1168278482640601]","[-0.004276861162480104, 0.14272725421605145]"
rule_compression_BTCUSDT_long,BTCUSDT,1,discovery,311,1.0,1554,1539,0.01094774252746303,0.01046948975631238,0.009300646977427617,-0.0022001882199839916,0.011500835197411607,0.4405144694533762,-0.008558462671814347,0.7620578778135049,0.5080385852090032,0.2829581993569132,0.12540192926045016,0.1453376205787781,0.13762057877813505,"[0.08560744217230976, 0.1895107515435384]","[0.06031967984934086, 0.21959273109177732]"
rule_compression_BTCUSDT_short,BTCUSDT,-1,discovery,244,1.0,1220,1209,0.010808367846393732,0.012705348695375807,0.009223435323908123,-0.0041503519127977385,0.013373787236705863,0.5081967213114754,-0.010036071440969659,0.7581967213114754,0.4262295081967213,0.2459016393442623,0.11065573770491803,0.17704918032786887,0.06885245901639345,"[0.02016595759642769, 0.1180131362889983]","[-0.007142857142857142, 0.14309151084816502]"
rule_fade_BTCUSDT_long,BTCUSDT,1,discovery,67,1.0,335,333,0.022068322290112595,0.019662295789220272,0.020426988146942174,0.004602673960066979,0.0158243141868752,0.417910447761194,-0.0129617101257781,0.7910447761194029,0.5373134328358209,0.40298507462686567,0.23880597014925373,0.25373134328358204,0.14925373134328357,"[0.03157072368421054, 0.2721460506706406]","[-0.03316385906723692, 0.3671317974263179]"
rule_fade_BTCUSDT_short,BTCUSDT,-1,discovery,80,1.0,400,399,0.015433545308674763,0.01928692179445076,0.01383818279926188,-0.003141578070934828,0.01697976087019671,0.375,-0.013513239608253964,0.725,0.4375,0.275,0.175,0.2625,0.012500000000000002,"[-0.09629629629629631, 0.12413793103448277]","[-0.16456487309227033, 0.18317858923230326]"
model_l2_BTCUSDT_long,BTCUSDT,1,validation,154,0.9675324675324676,706,600,0.013426134994178539,0.016408701955815824,0.011800225554137624,-0.0023346546420156297,0.014134880196153252,0.4090909090909091,-0.013968059610614024,0.7792207792207793,0.5064935064935064,0.34415584415584416,0.12987012987012986,0.23791946308724835,0.0976510067114094,"[-0.0032851993726247127, 0.1853363636363636]","[-0.059768548553187105, 0.22340094836670227]"
model_l2_BTCUSDT_short,BTCUSDT,-1,validation,120,1.0,594,510,0.014457390220721712,0.012840076941976282,0.012877456585652631,-0.0012776892871495986,0.014155145872802229,0.4083333333333333,-0.011781195025930965,0.8416666666666667,0.5583333333333333,0.35833333333333334,0.2,0.26833333333333337,0.09,"[-0.0017869429882044644, 0.16291321396862962]","[-0.04595778470778471, 0.19662384892566395]"
rule_compression_BTCUSDT_long,BTCUSDT,1,validation,114,1.0,570,568,0.006702910592264686,0.0070448906682052895,0.005062117654007683,-0.0022942701730767233,0.007356387827084404,0.45614035087719296,-0.0065288379532354125,0.8070175438596491,0.38596491228070173,0.14912280701754385,0.02631578947368421,0.08771929824561402,0.061403508771929814,"[-0.0037753991291727173, 0.12477064220183486]","[-0.0339622641509434, 0.15461010487057406]"
rule_compression_BTCUSDT_short,BTCUSDT,-1,validation,91,1.0,454,446,0.007485060071678985,0.010659044917110479,0.005878872909488208,-0.005129242630673164,0.011008115540161371,0.42857142857142855,-0.009945821731407522,0.7142857142857143,0.3626373626373626,0.2087912087912088,0.06593406593406594,0.1302197802197802,0.07857142857142857,"[-0.002106395019807584, 0.16414281705948372]","[-0.04707029501298237, 0.2076552916191718]"
rule_fade_BTCUSDT_long,BTCUSDT,1,validation,11,1.0,55,55,0.009438769326163539,0.025512504011669875,0.007832018495424907,-0.005965783720508108,0.013797802215933018,0.45454545454545453,-0.013586960149336736,0.6363636363636364,0.36363636363636365,0.18181818181818182,0.0,0.23636363636363641,-0.05454545454545456,"[-0.2545454545454545, 0.2626041666666651]","[-0.32, 0.5606507936507945]"
rule_fade_BTCUSDT_short,BTCUSDT,-1,validation,11,1.0,55,54,0.008590186684933861,0.016222628434788267,0.006994413888729963,-0.006423076747151666,0.01341749063588163,0.5454545454545454,-0.014504023255256437,0.8181818181818182,0.36363636363636365,0.09090909090909091,0.09090909090909091,0.18181818181818182,-0.09090909090909091,"[-0.23636363636363636, 0.09233333333333295]","[-0.30000000000000004, 0.23371296296296348]"
model_l2_ETHUSDT_long,ETHUSDT,1,discovery,163,0.9570552147239264,779,705,0.018201530353254877,0.021621665928543546,0.01655533540203708,0.0017492303571092097,0.014806105044927869,0.44785276073619634,-0.013244775716971146,0.8711656441717791,0.5705521472392638,0.3803680981595092,0.17177914110429449,0.33846153846153854,0.05256410256410256,"[-0.03128767701701961, 0.15173103448275854]","[-0.07264893220067094, 0.2188444231859412]"
model_l2_ETHUSDT_short,ETHUSDT,-1,discovery,290,0.9758620689655172,1408,1329,0.012027985134815828,0.016532771616697875,0.010456882099269522,-0.005403610977733252,0.015860493077002772,0.4862068965517241,-0.013263742376957667,0.7551724137931034,0.4482758620689655,0.27241379310344827,0.10344827586206896,0.2530035335689046,0.015547703180212022,"[-0.03629960317460319, 0.06960050632911391]","[-0.05999860447109455, 0.10817600913822331]"
rule_compression_ETHUSDT_long,ETHUSDT,1,discovery,338,1.0,1690,1668,0.011628060972548324,0.011430230005568642,0.009985754883341295,-0.00215906888922912,0.012144823772570415,0.47337278106508873,-0.009645737366027906,0.8195266272189349,0.5266272189349113,0.33136094674556216,0.11538461538461539,0.23254437869822484,0.0988165680473373,"[0.04795156906350383, 0.15046038889436733]","[0.022028125090446004, 0.1810339788892234]"
rule_compression_ETHUSDT_short,ETHUSDT,-1,discovery,251,1.0,1255,1245,0.01568790586492587,0.01308809254587536,0.014103173921183147,-0.003040531664921264,0.017143705586104414,0.5099601593625498,-0.011754546771323529,0.8247011952191236,0.5219123505976095,0.36254980079681276,0.15139442231075698,0.24860557768924305,0.11394422310756973,"[0.05643001329723322, 0.17220247558482848]","[0.030248489332840054, 0.20090383504071455]"
rule_fade_ETHUSDT_long,ETHUSDT,1,discovery,115,1.0,574,566,0.01976227295247341,0.02606086165107058,0.01811624840159152,0.0007952520968492811,0.017320996304742237,0.3565217391304348,-0.016957219862239237,0.7652173913043478,0.5217391304347826,0.34782608695652173,0.19130434782608696,0.3130434782608696,0.034782608695652174,"[-0.05490441176470589, 0.1289829576690488]","[-0.09799349881796689, 0.179193029835391]"
rule_fade_ETHUSDT_short,ETHUSDT,-1,discovery,99,1.0,495,493,0.013764135404430382,0.018585891509388216,0.012170354243372363,-0.0020666515718601474,0.01423700581523251,0.45454545454545453,-0.010769262454545951,0.7676767676767676,0.43434343434343436,0.23232323232323232,0.10101010101010101,0.32929292929292936,-0.09696969696969694,"[-0.18876716604244695, -0.004118657772387381]","[-0.23156731169371622, 0.04050142233652883]"
model_l2_ETHUSDT_long,ETHUSDT,1,validation,217,1.0,1084,937,0.01742491173985422,0.024139927965049393,0.015798723169864064,-0.002582394998659734,0.0183811181685238,0.41935483870967744,-0.019981441234676937,0.7741935483870968,0.511520737327189,0.3686635944700461,0.19815668202764977,0.39193548387096777,-0.02327188940092167,"[-0.07433255851449763, 0.03907133653088983]","[-0.09761333234958204, 0.07822439854384311]"
model_l2_ETHUSDT_short,ETHUSDT,-1,validation,130,1.0,648,590,0.01806112003273526,0.021564354119799536,0.0164725833916911,-0.004735762948185987,0.021208346339877084,0.5076923076923077,-0.019035914924777086,0.823076923076923,0.5307692307692308,0.4153846153846154,0.16923076923076924,0.4288461538461538,-0.013461538461538474,"[-0.08571592398427262, 0.060610305642633165]","[-0.1258160632133706, 0.09583309373203003]"
rule_compression_ETHUSDT_long,ETHUSDT,1,validation,121,1.0,605,600,0.013043404610002833,0.01251259059027297,0.011396437065868095,-0.0019189961230062262,0.013315433188874324,0.512396694214876,-0.010311817755265861,0.8181818181818182,0.5454545454545454,0.32231404958677684,0.1487603305785124,0.21157024793388432,0.11074380165289253,"[-0.0016263494602159114, 0.2227019838987923]","[-0.06950973599118786, 0.27310700527169524]"
rule_compression_ETHUSDT_short,ETHUSDT,-1,validation,82,1.0,410,410,0.01883445312598938,0.01601837683502168,0.017246937752006766,-0.004228145222342702,0.02147508297434947,0.5609756097560976,-0.013140441611544498,0.7926829268292683,0.524390243902439,0.35365853658536583,0.14634146341463414,0.28292682926829266,0.07073170731707316,"[-0.03555555555555557, 0.1733367346938775]","[-0.10215611176164455, 0.2241691214977747]"
rule_fade_ETHUSDT_long,ETHUSDT,1,validation,43,1.0,215,213,0.016134374969760914,0.03627439518654784,0.014499932486844171,-0.010557119709162338,0.02505705219600651,0.46511627906976744,-0.02816877117281929,0.7674418604651163,0.5116279069767442,0.27906976744186046,0.13953488372093023,0.3674418604651163,-0.08837209302325583,"[-0.2372165697674419, 0.09999999999999998]","[-0.2986389666977902, 0.20835396537842193]"
rule_fade_ETHUSDT_short,ETHUSDT,-1,validation,32,1.0,160,160,0.011712545485522665,0.023759248682014518,0.010123860947094995,-0.010882364499616716,0.021006225446711713,0.5,-0.01984753242510742,0.6875,0.375,0.3125,0.15625,0.35625,-0.04375000000000001,"[-0.18095238095238095, 0.09090909090909091]","[-0.24733175986443956, 0.1638089225589228]"
model_l2_SOLUSDT_long,SOLUSDT,1,discovery,90,1.0,450,447,0.028928029880547473,0.03276710243486735,0.026793786671193462,0.0055323210434069835,0.021261465627786476,0.3333333333333333,-0.025452878473197608,0.7,0.5444444444444444,0.4222222222222222,0.26666666666666666,0.35333333333333333,0.06888888888888889,"[-0.03697320275505811, 0.19762043189368772]","[-0.08875374383368569, 0.2754716981132075]"
model_l2_SOLUSDT_short,SOLUSDT,-1,discovery,167,1.0,835,808,0.02368863241821827,0.031241268055238882,0.021629233976433664,-0.0055817996629922454,0.027211033639425914,0.5149700598802395,-0.02103053308451376,0.7604790419161677,0.5269461077844312,0.40119760479041916,0.18562874251497005,0.40598802395209577,-0.004790419161676659,"[-0.08639126305792973, 0.0781971232428898]","[-0.12744127319708715, 0.11956641123882507]"
rule_compression_SOLUSDT_long,SOLUSDT,1,discovery,370,1.0,1850,1842,0.017307869005751618,0.01884258242884983,0.015155091852646307,-0.004348802023347522,0.01950389387599383,0.5027027027027027,-0.014573624436576983,0.7432432432432432,0.4918918918918919,0.3567567567567568,0.1783783783783784,0.2897297297297297,0.06702702702702702,"[0.011827201884740846, 0.12477115330556335]","[-0.016034947567917377, 0.15393700550586925]"
rule_compression_SOLUSDT_short,SOLUSDT,-1,discovery,331,1.0,1655,1640,0.020654533780080808,0.023046716318983283,0.018547992892025425,-0.008001927405526832,0.02654992029755226,0.5226586102719033,-0.02160794581691006,0.6888217522658611,0.46827794561933533,0.3413897280966767,0.20241691842900303,0.32990936555891237,0.011480362537764346,"[-0.04125119837758112, 0.061622867824596916]","[-0.06340068697729989, 0.08985930735930744]"
rule_fade_SOLUSDT_long,SOLUSDT,1,discovery,183,1.0,915,908,0.03284065658352579,0.03295317918675676,0.030800731548572793,0.0039622935266509455,0.026838438021921845,0.3989071038251366,-0.024385356928266932,0.7486338797814208,0.5683060109289617,0.4207650273224044,0.26229508196721313,0.36393442622950817,0.056830601092896185,"[-0.018633540372670798, 0.13409722222222215]","[-0.05942145407335281, 0.1809760945474082]"
rule_fade_SOLUSDT_short,SOLUSDT,-1,discovery,191,1.0,955,947,0.022755580247853215,0.02753366463130085,0.020688428003106524,-0.00261301235791227,0.023301440361018794,0.41361256544502617,-0.02051428098522034,0.7643979057591623,0.5706806282722513,0.450261780104712,0.2356020942408377,0.38743455497382207,0.06282722513089005,"[-0.02584110507393289, 0.15252568053415508]","[-0.06316100051510469, 0.1882232357952877]"
model_l2_SOLUSDT_long,SOLUSDT,1,validation,60,1.0,300,294,0.0244906691492922,0.036173761986800126,0.022360478016373583,-0.0027326713929634082,0.025093149409336993,0.5,-0.023361330076339035,0.6833333333333333,0.45,0.35,0.18333333333333332,0.33666666666666667,0.013333333333333319,"[-0.11707737594617328, 0.14426684881602905]","[-0.18766710313006607, 0.211582264957265]"
model_l2_SOLUSDT_short,SOLUSDT,-1,validation,31,1.0,154,149,0.017633124785798395,0.03803696515787069,0.015489408117770158,-0.018283164951219916,0.03377257306899008,0.6451612903225806,-0.02235526895815671,0.7741935483870968,0.41935483870967744,0.3225806451612903,0.16129032258064516,0.41935483870967744,-0.09677419354838711,"[-0.26364545454545457, 0.07229166666666567]","[-0.38010353535353536, 0.16853205544726027]"
rule_compression_SOLUSDT_long,SOLUSDT,1,validation,113,0.9911504424778761,560,554,0.013044145489334467,0.016577737039415286,0.010885266518365412,-0.005159920714665013,0.016045187233030424,0.4336283185840708,-0.014786569227644285,0.6991150442477876,0.4690265486725664,0.3008849557522124,0.1504424778761062,0.22321428571428573,0.07142857142857141,"[-0.02921590468810538, 0.17475809741372275]","[-0.07368465470679011, 0.22857142857142854]"
rule_compression_SOLUSDT_short,SOLUSDT,-1,validation,114,1.0,570,564,0.01642327586865578,0.015870633569619028,0.01433544312759576,-0.0035249264535695216,0.01786036958116528,0.47368421052631576,-0.01402282996676639,0.7192982456140351,0.4824561403508772,0.3508771929824561,0.20175438596491227,0.31052631578947376,0.04035087719298244,"[-0.04425270403146509, 0.12295081967213113]","[-0.09623039444056217, 0.17631441807973908]"
rule_fade_SOLUSDT_long,SOLUSDT,1,validation,46,1.0,230,230,0.022753450641739652,0.032976273898389356,0.020622122036886535,-0.0010134189179124315,0.02163554095479897,0.41304347826086957,-0.026137391867686814,0.7608695652173914,0.43478260869565216,0.2608695652173913,0.1956521739130435,0.26086956521739124,-1.206764157201257e-18,"[-0.11852430555555556, 0.11273517786561255]","[-0.18677513227513226, 0.16193853427896016]"
rule_fade_SOLUSDT_short,SOLUSDT,-1,validation,49,1.0,245,243,0.019370385786174078,0.02222405588247876,0.017257945202086063,-0.0019005045663026418,0.019158449768388708,0.42857142857142855,-0.018775823772552443,0.7346938775510204,0.3877551020408163,0.2857142857142857,0.10204081632653061,0.3142857142857143,-0.028571428571428577,"[-0.1866739130434783, 0.13600425531914886]","[-0.2580035425101214, 0.22860532407407413]"
