arm,partition,stress,entry_year,n,n_closed,mean,closed_mean,pf,win_rate,sum_return_units,average_win,average_loss,max_losing_streak,closed_trade_drawdown,mean_gross,mean_fees,mean_funding,median_hours,p95_hours,max_hours,boundary_count,boundary_net,target_count,stop_count,regime_count,ambiguous_count,mean_R,stop_rate,closed_win_rate,mean_quoted,mean_slippage_drag
approved_none,historical,1,2022,10,10,0.009215945948521506,0.009215945948521506,2.393140446804811,0.7,0.09215945948521506,0.02261596714875102,-0.022050770185347356,2,0.04417582209631118,0.010296512641935462,0.0010993863685963862,-1.8819675182429918e-05,10.991666666666667,32.688333333333325,34.983333333333334,0,0.0,7,3,0,0,0.4607972974260753,0.3,0.7,0.011499999999999988,0.0012034873580645256
approved_none,historical,1,2023,9,9,0.007766563464101081,0.007766563464101081,2.053035947920454,0.6666666666666666,0.06989907117690973,0.022712948235661192,-0.022126206079019144,2,0.04419461890050451,0.008873119825395095,0.0011070822335794716,-5.258722854582401e-07,32.3,125.06333333333332,137.71666666666667,0,0.0,6,3,0,0,0.38832817320505403,0.3333333333333333,0.6666666666666666,0.009999999999999934,0.0011268801746048397
approved_none,historical,1,2024,22,22,0.004243178722997857,0.004243178722997857,1.470855162178637,0.5909090909090909,0.09334993190595285,0.022431237109679855,-0.022028461168876145,4,0.10803015721133838,0.005311143020562206,0.0011035703770843198,-3.560607951997035e-05,13.95,81.51166666666664,94.53333333333333,0,0.0,13,9,0,0,0.21215893614989284,0.4090909090909091,0.5909090909090909,0.006590909090909047,0.0012797660703468398
approved_none,historical,2,2022,10,10,0.008012278608474357,0.008012278608474357,2.1575347853518765,0.7,0.08012278608474357,0.02133446506498252,-0.023072823123378022,2,0.047059768749433545,0.009093048137958405,0.0010995986239233245,-1.8829094439277984e-05,10.991666666666667,32.688333333333325,34.983333333333334,0,0.0,7,3,0,0,0.40061393042371785,0.3,0.7,0.011499999999999988,0.002406951862041584
approved_none,historical,2,2023,9,9,0.006640831626518275,0.006640831626518275,1.861196435087125,0.6666666666666666,0.05976748463866447,0.02152800159008884,-0.023133508300622857,2,0.04619440594602813,0.00774692193853874,0.0011068318781372673,-7.41566116803121e-07,32.3,125.06333333333332,137.71666666666667,0,0.0,6,3,0,0,0.3320415813259137,0.3333333333333333,0.6666666666666666,0.009999999999999934,0.002253078061461195
approved_none,historical,2,2024,22,22,0.0029648525084623066,0.0029648525084623066,1.3118180730359363,0.5909090909090909,0.06522675518617074,0.02110837245222498,-0.023242454076972664,4,0.11993644787407842,0.004032296440348824,0.0011032667574273583,-3.582282554084095e-05,13.95,81.51166666666664,94.53333333333333,0,0.0,13,9,0,0,0.14824262542311534,0.4090909090909091,0.5909090909090909,0.006590909090909047,0.0025586126505602225
approved_none,evaluation,1,2025,15,15,0.01340036510134344,0.01340036510134344,3.9750146800297967,0.8,0.2010054765201516,0.022380834098550417,-0.02252151088748447,1,0.023486193405084205,0.014591450880905995,0.0011044246241240444,8.666115543851144e-05,18.05,163.7716666666666,202.51666666666668,0,0.0,12,3,0,0,0.6700182550671719,0.2,0.8,0.01599999999999995,0.0014085491190939528
approved_none,evaluation,2,2025,15,15,0.011993132914572201,0.011993132914572201,3.5154281037345885,0.8,0.179896993718583,0.02095120331461478,-0.023839148685598124,1,0.028503938858963573,0.013183799716481833,0.0011040837956962095,8.658300621342299e-05,18.05,163.7716666666666,202.51666666666668,0,0.0,12,3,0,0,0.59965664572861,0.2,0.8,0.01599999999999995,0.002816200283518115
approved_always,historical,1,2022,9,9,0.007691303749705118,0.007691303749705118,2.046399334588679,0.6666666666666666,0.06922173374734607,0.022562340717231358,-0.022050770185347356,2,0.044175822096311185,0.008771179351469613,0.0011007863519671922,-2.0910750202699903e-05,14.066666666666666,32.943333333333335,34.983333333333334,0,0.0,6,3,0,0,0.3845651874852559,0.3333333333333333,0.6666666666666666,0.009999999999999985,0.0012288206485303722
approved_always,historical,1,2023,9,9,0.007766563464101081,0.007766563464101081,2.053035947920454,0.6666666666666666,0.06989907117690973,0.022712948235661192,-0.022126206079019144,2,0.04419461890050451,0.008873119825395095,0.0011070822335794716,-5.258722854582401e-07,32.3,125.06333333333332,137.71666666666667,0,0.0,6,3,0,0,0.38832817320505403,0.3333333333333333,0.6666666666666666,0.009999999999999934,0.0011268801746048397
approved_always,historical,1,2024,20,20,0.00469589501198474,0.00469589501198474,1.5331711850428904,0.6,0.09391790023969479,0.022505626467737166,-0.0220187021716439,3,0.0859236240646043,0.005743630437259906,0.0011038731700058046,-5.613774473063779e-05,13.483333333333333,83.21250000000002,94.53333333333333,0,0.0,12,8,0,0,0.234794750599237,0.4,0.6,0.006999999999999962,0.0012563695627400562
approved_always,historical,2,2022,9,9,0.006462451290029887,0.006462451290029887,1.8402679536188122,0.6666666666666666,0.05816206161026899,0.021230088496733843,-0.023072823123378022,2,0.04705976874943354,0.007542492592392875,0.0011009625184066302,-2.0921216043642203e-05,14.066666666666666,32.943333333333335,34.983333333333334,0,0.0,6,3,0,0,0.32312256450149435,0.3333333333333333,0.6666666666666666,0.009999999999999985,0.0024575074076071094
approved_always,historical,2,2023,9,9,0.006640831626518275,0.006640831626518275,1.861196435087125,0.6666666666666666,0.05976748463866447,0.02152800159008884,-0.023133508300622857,2,0.04619440594602813,0.00774692193853874,0.0011068318781372673,-7.41566116803121e-07,32.3,125.06333333333332,137.71666666666667,0,0.0,6,3,0,0,0.3320415813259137,0.3333333333333333,0.6666666666666666,0.009999999999999934,0.002253078061461195
approved_always,historical,2,2024,20,20,0.003440756885701165,0.003440756885701165,1.3697798648307564,0.6,0.0688151377140233,0.021242726416739636,-0.02326219741085655,3,0.09685194046817684,0.004488019000649079,0.0011036223042740403,-5.636018932612628e-05,13.483333333333333,83.21250000000002,94.53333333333333,0,0.0,12,8,0,0,0.17203784428505825,0.4,0.6,0.006999999999999962,0.0025119809993508825
approved_always,evaluation,1,2025,15,15,0.01340036510134344,0.01340036510134344,3.9750146800297967,0.8,0.2010054765201516,0.022380834098550417,-0.02252151088748447,1,0.023486193405084205,0.014591450880905995,0.0011044246241240444,8.666115543851144e-05,18.05,163.7716666666666,202.51666666666668,0,0.0,12,3,0,0,0.6700182550671719,0.2,0.8,0.01599999999999995,0.0014085491190939528
approved_always,evaluation,2,2025,15,15,0.011993132914572201,0.011993132914572201,3.5154281037345885,0.8,0.179896993718583,0.02095120331461478,-0.023839148685598124,1,0.028503938858963573,0.013183799716481833,0.0011040837956962095,8.658300621342299e-05,18.05,163.7716666666666,202.51666666666668,0,0.0,12,3,0,0,0.59965664572861,0.2,0.8,0.01599999999999995,0.002816200283518115
approved_directional,historical,1,2022,9,9,0.007691303749705118,0.007691303749705118,2.046399334588679,0.6666666666666666,0.06922173374734607,0.022562340717231358,-0.022050770185347356,2,0.044175822096311185,0.008771179351469613,0.0011007863519671922,-2.0910750202699903e-05,14.066666666666666,32.943333333333335,34.983333333333334,0,0.0,6,3,0,0,0.3845651874852559,0.3333333333333333,0.6666666666666666,0.009999999999999985,0.0012288206485303722
approved_directional,historical,1,2023,9,9,0.007766563464101081,0.007766563464101081,2.053035947920454,0.6666666666666666,0.06989907117690973,0.022712948235661192,-0.022126206079019144,2,0.04419461890050451,0.008873119825395095,0.0011070822335794716,-5.258722854582401e-07,32.3,125.06333333333332,137.71666666666667,0,0.0,6,3,0,0,0.38832817320505403,0.3333333333333333,0.6666666666666666,0.009999999999999934,0.0011268801746048397
approved_directional,historical,1,2024,20,20,0.00469589501198474,0.00469589501198474,1.5331711850428904,0.6,0.09391790023969479,0.022505626467737166,-0.0220187021716439,3,0.0859236240646043,0.005743630437259906,0.0011038731700058046,-5.613774473063779e-05,13.483333333333333,83.21250000000002,94.53333333333333,0,0.0,12,8,0,0,0.234794750599237,0.4,0.6,0.006999999999999962,0.0012563695627400562
approved_directional,historical,2,2022,9,9,0.006462451290029887,0.006462451290029887,1.8402679536188122,0.6666666666666666,0.05816206161026899,0.021230088496733843,-0.023072823123378022,2,0.04705976874943354,0.007542492592392875,0.0011009625184066302,-2.0921216043642203e-05,14.066666666666666,32.943333333333335,34.983333333333334,0,0.0,6,3,0,0,0.32312256450149435,0.3333333333333333,0.6666666666666666,0.009999999999999985,0.0024575074076071094
approved_directional,historical,2,2023,9,9,0.006640831626518275,0.006640831626518275,1.861196435087125,0.6666666666666666,0.05976748463866447,0.02152800159008884,-0.023133508300622857,2,0.04619440594602813,0.00774692193853874,0.0011068318781372673,-7.41566116803121e-07,32.3,125.06333333333332,137.71666666666667,0,0.0,6,3,0,0,0.3320415813259137,0.3333333333333333,0.6666666666666666,0.009999999999999934,0.002253078061461195
approved_directional,historical,2,2024,20,20,0.003440756885701165,0.003440756885701165,1.3697798648307564,0.6,0.0688151377140233,0.021242726416739636,-0.02326219741085655,3,0.09685194046817684,0.004488019000649079,0.0011036223042740403,-5.636018932612628e-05,13.483333333333333,83.21250000000002,94.53333333333333,0,0.0,12,8,0,0,0.17203784428505825,0.4,0.6,0.006999999999999962,0.0025119809993508825
approved_directional,evaluation,1,2025,15,15,0.01340036510134344,0.01340036510134344,3.9750146800297967,0.8,0.2010054765201516,0.022380834098550417,-0.02252151088748447,1,0.023486193405084205,0.014591450880905995,0.0011044246241240444,8.666115543851144e-05,18.05,163.7716666666666,202.51666666666668,0,0.0,12,3,0,0,0.6700182550671719,0.2,0.8,0.01599999999999995,0.0014085491190939528
approved_directional,evaluation,2,2025,15,15,0.011993132914572201,0.011993132914572201,3.5154281037345885,0.8,0.179896993718583,0.02095120331461478,-0.023839148685598124,1,0.028503938858963573,0.013183799716481833,0.0011040837956962095,8.658300621342299e-05,18.05,163.7716666666666,202.51666666666668,0,0.0,12,3,0,0,0.59965664572861,0.2,0.8,0.01599999999999995,0.002816200283518115
approved_loweff,historical,1,2022,10,10,0.009215945948521506,0.009215945948521506,2.393140446804811,0.7,0.09215945948521506,0.02261596714875102,-0.022050770185347356,2,0.04417582209631118,0.010296512641935462,0.0010993863685963862,-1.8819675182429918e-05,10.991666666666667,32.688333333333325,34.983333333333334,0,0.0,7,3,0,0,0.4607972974260753,0.3,0.7,0.011499999999999988,0.0012034873580645256
approved_loweff,historical,1,2023,9,9,0.007766563464101081,0.007766563464101081,2.053035947920454,0.6666666666666666,0.06989907117690973,0.022712948235661192,-0.022126206079019144,2,0.04419461890050451,0.008873119825395095,0.0011070822335794716,-5.258722854582401e-07,32.3,125.06333333333332,137.71666666666667,0,0.0,6,3,0,0,0.38832817320505403,0.3333333333333333,0.6666666666666666,0.009999999999999934,0.0011268801746048397
approved_loweff,historical,1,2024,22,22,0.004243178722997857,0.004243178722997857,1.470855162178637,0.5909090909090909,0.09334993190595285,0.022431237109679855,-0.022028461168876145,4,0.10803015721133838,0.005311143020562206,0.0011035703770843198,-3.560607951997035e-05,13.95,81.51166666666664,94.53333333333333,0,0.0,13,9,0,0,0.21215893614989284,0.4090909090909091,0.5909090909090909,0.006590909090909047,0.0012797660703468398
approved_loweff,historical,2,2022,10,10,0.008012278608474357,0.008012278608474357,2.1575347853518765,0.7,0.08012278608474357,0.02133446506498252,-0.023072823123378022,2,0.047059768749433545,0.009093048137958405,0.0010995986239233245,-1.8829094439277984e-05,10.991666666666667,32.688333333333325,34.983333333333334,0,0.0,7,3,0,0,0.40061393042371785,0.3,0.7,0.011499999999999988,0.002406951862041584
approved_loweff,historical,2,2023,9,9,0.006640831626518275,0.006640831626518275,1.861196435087125,0.6666666666666666,0.05976748463866447,0.02152800159008884,-0.023133508300622857,2,0.04619440594602813,0.00774692193853874,0.0011068318781372673,-7.41566116803121e-07,32.3,125.06333333333332,137.71666666666667,0,0.0,6,3,0,0,0.3320415813259137,0.3333333333333333,0.6666666666666666,0.009999999999999934,0.002253078061461195
approved_loweff,historical,2,2024,22,22,0.0029648525084623066,0.0029648525084623066,1.3118180730359363,0.5909090909090909,0.06522675518617074,0.02110837245222498,-0.023242454076972664,4,0.11993644787407842,0.004032296440348824,0.0011032667574273583,-3.582282554084095e-05,13.95,81.51166666666664,94.53333333333333,0,0.0,13,9,0,0,0.14824262542311534,0.4090909090909091,0.5909090909090909,0.006590909090909047,0.0025586126505602225
approved_loweff,evaluation,1,2025,15,15,0.01340036510134344,0.01340036510134344,3.9750146800297967,0.8,0.2010054765201516,0.022380834098550417,-0.02252151088748447,1,0.023486193405084205,0.014591450880905995,0.0011044246241240444,8.666115543851144e-05,18.05,163.7716666666666,202.51666666666668,0,0.0,12,3,0,0,0.6700182550671719,0.2,0.8,0.01599999999999995,0.0014085491190939528
approved_loweff,evaluation,2,2025,15,15,0.011993132914572201,0.011993132914572201,3.5154281037345885,0.8,0.179896993718583,0.02095120331461478,-0.023839148685598124,1,0.028503938858963573,0.013183799716481833,0.0011040837956962095,8.658300621342299e-05,18.05,163.7716666666666,202.51666666666668,0,0.0,12,3,0,0,0.59965664572861,0.2,0.8,0.01599999999999995,0.002816200283518115
