arm,partition,stress,opportunities,rejected,n,n_closed,mean,closed_mean,pf,win_rate,sum_return_units,average_win,average_loss,mean_gross,mean_fees,mean_funding,median_hours,p95_hours,max_hours,boundary_count,boundary_net,target_count,stop_count,regime_count,ambiguous_count,mean_R,stop_rate,closed_win_rate,mean_quoted,mean_slippage_drag,entry_dates,entry_weeks,tokens,profitable_tokens,min_leave_one_token_out_mean_R,largest_token_share_positive_R,block_1_low_R,block_1_high_R,block_1_draws,block_4_low_R,block_4_high_R,block_4_draws,entry_order_additive_trade_drawdown,entry_order_max_loss_streak,exit_order_closed_max_loss_streak
approved_none,historical,1,45,4,41,41,0.006229474696782381,0.006229474696782381,1.7721234550591822,0.6341463414634146,0.25540846256807764,0.02254598238004086,-0.022052471954198984,0.007308984178055586,0.001103320782537418,-2.381130126421396e-05,15.35,94.53333333333333,137.71666666666667,0,0.0,26,15,0,0,0.31147373483911905,0.36585365853658536,0.6341463414634146,0.008536585365853618,0.0012276011877980315,38,36,3,3,0.23382633228083116,0.46842693507468824,-0.02902156604595393,0.635315876499659,10000,-0.0600918091340991,0.6517101019642688,10000,0.10803015721133842,4,4
approved_none,historical,2,45,4,41,41,0.005002854290477531,0.005002854290477531,1.58975384820717,0.6341463414634146,0.20511702590957878,0.021266081033628283,-0.023186738730983775,0.006082031719856264,0.0011031546781919642,-2.3977248813231924e-05,15.35,94.53333333333333,137.71666666666667,0,0.0,26,15,0,0,0.25014271452387654,0.36585365853658536,0.6341463414634146,0.008536585365853618,0.002454553645997353,38,36,3,3,0.18355589212483467,0.5098436169444939,-0.08865822364736746,0.5727869787205664,10000,-0.1205106740633389,0.5898191192911221,10000,0.11993644787407842,4,4
approved_none,evaluation,1,15,0,15,15,0.01340036510134344,0.01340036510134344,3.9750146800297967,0.8,0.2010054765201516,0.022380834098550417,-0.02252151088748447,0.014591450880905995,0.0011044246241240444,8.666115543851144e-05,18.05,163.7716666666666,202.51666666666668,0,0.0,12,3,0,0,0.6700182550671719,0.2,0.8,0.01599999999999995,0.0014085491190939528,15,14,3,3,0.5987921413382923,0.4275682214950948,0.14989120480022838,1.1179585629384814,10000,0.16011638104158687,1.1169682042451052,10000,0.023486193405084205,1,1
approved_none,evaluation,2,15,0,15,15,0.011993132914572201,0.011993132914572201,3.5154281037345885,0.8,0.179896993718583,0.02095120331461478,-0.023839148685598124,0.013183799716481833,0.0011040837956962095,8.658300621342299e-05,18.05,163.7716666666666,202.51666666666668,0,0.0,12,3,0,0,0.59965664572861,0.2,0.8,0.01599999999999995,0.002816200283518115,15,14,3,3,0.52547336290717,0.41106215048116873,0.07617646999914608,1.0452127835098703,10000,0.08927789890795029,1.0449939900551728,10000,0.028503938858963573,1,1
approved_always,historical,1,41,3,38,38,0.006132597504314488,0.006132597504314488,1.754951058815477,0.631578947368421,0.23303870516395053,0.022571635472091723,-0.022048610440446478,0.00720187635097317,0.0011039021228956855,-3.462327623700472e-05,15.708333333333334,96.26583333333332,137.71666666666667,0,0.0,24,14,0,0,0.3066298752157244,0.3684210526315789,0.631578947368421,0.008421052631578907,0.0012191762806057376,35,34,3,3,0.24651848228488635,0.5133919845148982,-0.04826340055342622,0.6378214240464595,10000,-0.06268453834916593,0.650527915230121,10000,0.08592362406460431,3,3
approved_always,historical,2,41,3,38,38,0.0049143337884988625,0.0049143337884988625,1.5751005620571108,0.631578947368421,0.18674468396295676,0.02131088573007549,-0.02319404096848965,0.0059832923892464765,0.001103752517220418,-3.47939164728035e-05,15.708333333333334,96.26583333333332,137.71666666666667,0,0.0,24,14,0,0,0.24571668942494312,0.3684210526315789,0.631578947368421,0.008421052631578907,0.0024377602423324312,35,34,3,3,0.17862408168765131,0.5600031238767763,-0.10689475084338852,0.5740907345061149,10000,-0.12498907879327532,0.5907336068526559,10000,0.09685194046817684,3,3
approved_always,evaluation,1,15,0,15,15,0.01340036510134344,0.01340036510134344,3.9750146800297967,0.8,0.2010054765201516,0.022380834098550417,-0.02252151088748447,0.014591450880905995,0.0011044246241240444,8.666115543851144e-05,18.05,163.7716666666666,202.51666666666668,0,0.0,12,3,0,0,0.6700182550671719,0.2,0.8,0.01599999999999995,0.0014085491190939528,15,14,3,3,0.5987921413382923,0.4275682214950948,0.14989120480022838,1.1179585629384814,10000,0.16011638104158687,1.1169682042451052,10000,0.023486193405084205,1,1
approved_always,evaluation,2,15,0,15,15,0.011993132914572201,0.011993132914572201,3.5154281037345885,0.8,0.179896993718583,0.02095120331461478,-0.023839148685598124,0.013183799716481833,0.0011040837956962095,8.658300621342299e-05,18.05,163.7716666666666,202.51666666666668,0,0.0,12,3,0,0,0.59965664572861,0.2,0.8,0.01599999999999995,0.002816200283518115,15,14,3,3,0.52547336290717,0.41106215048116873,0.07617646999914608,1.0452127835098703,10000,0.08927789890795029,1.0449939900551728,10000,0.028503938858963573,1,1
approved_directional,historical,1,41,3,38,38,0.006132597504314488,0.006132597504314488,1.754951058815477,0.631578947368421,0.23303870516395053,0.022571635472091723,-0.022048610440446478,0.00720187635097317,0.0011039021228956855,-3.462327623700472e-05,15.708333333333334,96.26583333333332,137.71666666666667,0,0.0,24,14,0,0,0.3066298752157244,0.3684210526315789,0.631578947368421,0.008421052631578907,0.0012191762806057376,35,34,3,3,0.24651848228488635,0.5133919845148982,-0.04826340055342622,0.6378214240464595,10000,-0.06268453834916593,0.650527915230121,10000,0.08592362406460431,3,3
approved_directional,historical,2,41,3,38,38,0.0049143337884988625,0.0049143337884988625,1.5751005620571108,0.631578947368421,0.18674468396295676,0.02131088573007549,-0.02319404096848965,0.0059832923892464765,0.001103752517220418,-3.47939164728035e-05,15.708333333333334,96.26583333333332,137.71666666666667,0,0.0,24,14,0,0,0.24571668942494312,0.3684210526315789,0.631578947368421,0.008421052631578907,0.0024377602423324312,35,34,3,3,0.17862408168765131,0.5600031238767763,-0.10689475084338852,0.5740907345061149,10000,-0.12498907879327532,0.5907336068526559,10000,0.09685194046817684,3,3
approved_directional,evaluation,1,15,0,15,15,0.01340036510134344,0.01340036510134344,3.9750146800297967,0.8,0.2010054765201516,0.022380834098550417,-0.02252151088748447,0.014591450880905995,0.0011044246241240444,8.666115543851144e-05,18.05,163.7716666666666,202.51666666666668,0,0.0,12,3,0,0,0.6700182550671719,0.2,0.8,0.01599999999999995,0.0014085491190939528,15,14,3,3,0.5987921413382923,0.4275682214950948,0.14989120480022838,1.1179585629384814,10000,0.16011638104158687,1.1169682042451052,10000,0.023486193405084205,1,1
approved_directional,evaluation,2,15,0,15,15,0.011993132914572201,0.011993132914572201,3.5154281037345885,0.8,0.179896993718583,0.02095120331461478,-0.023839148685598124,0.013183799716481833,0.0011040837956962095,8.658300621342299e-05,18.05,163.7716666666666,202.51666666666668,0,0.0,12,3,0,0,0.59965664572861,0.2,0.8,0.01599999999999995,0.002816200283518115,15,14,3,3,0.52547336290717,0.41106215048116873,0.07617646999914608,1.0452127835098703,10000,0.08927789890795029,1.0449939900551728,10000,0.028503938858963573,1,1
approved_loweff,historical,1,45,4,41,41,0.006229474696782381,0.006229474696782381,1.7721234550591822,0.6341463414634146,0.25540846256807764,0.02254598238004086,-0.022052471954198984,0.007308984178055586,0.001103320782537418,-2.381130126421396e-05,15.35,94.53333333333333,137.71666666666667,0,0.0,26,15,0,0,0.31147373483911905,0.36585365853658536,0.6341463414634146,0.008536585365853618,0.0012276011877980315,38,36,3,3,0.23382633228083116,0.46842693507468824,-0.02902156604595393,0.635315876499659,10000,-0.0600918091340991,0.6517101019642688,10000,0.10803015721133842,4,4
approved_loweff,historical,2,45,4,41,41,0.005002854290477531,0.005002854290477531,1.58975384820717,0.6341463414634146,0.20511702590957878,0.021266081033628283,-0.023186738730983775,0.006082031719856264,0.0011031546781919642,-2.3977248813231924e-05,15.35,94.53333333333333,137.71666666666667,0,0.0,26,15,0,0,0.25014271452387654,0.36585365853658536,0.6341463414634146,0.008536585365853618,0.002454553645997353,38,36,3,3,0.18355589212483467,0.5098436169444939,-0.08865822364736746,0.5727869787205664,10000,-0.1205106740633389,0.5898191192911221,10000,0.11993644787407842,4,4
approved_loweff,evaluation,1,15,0,15,15,0.01340036510134344,0.01340036510134344,3.9750146800297967,0.8,0.2010054765201516,0.022380834098550417,-0.02252151088748447,0.014591450880905995,0.0011044246241240444,8.666115543851144e-05,18.05,163.7716666666666,202.51666666666668,0,0.0,12,3,0,0,0.6700182550671719,0.2,0.8,0.01599999999999995,0.0014085491190939528,15,14,3,3,0.5987921413382923,0.4275682214950948,0.14989120480022838,1.1179585629384814,10000,0.16011638104158687,1.1169682042451052,10000,0.023486193405084205,1,1
approved_loweff,evaluation,2,15,0,15,15,0.011993132914572201,0.011993132914572201,3.5154281037345885,0.8,0.179896993718583,0.02095120331461478,-0.023839148685598124,0.013183799716481833,0.0011040837956962095,8.658300621342299e-05,18.05,163.7716666666666,202.51666666666668,0,0.0,12,3,0,0,0.59965664572861,0.2,0.8,0.01599999999999995,0.002816200283518115,15,14,3,3,0.52547336290717,0.41106215048116873,0.07617646999914608,1.0452127835098703,10000,0.08927789890795029,1.0449939900551728,10000,0.028503938858963573,1,1
